[
  {
    "id": "f52417ef-c54e-40e9-86ee-6c2408c296fd",
    "data": [
      {
        "text": "ja hallo",
        "userDefined": false
      }
    ],
    "isTemplate": false,
    "count": 0,
    "lang": "de",
    "updated": 0
  },
  {
    "id": "5212998c-ff07-4810-aba3-524740e78790",
    "data": [
      {
        "text": "ich grüße dich",
        "userDefined": false
      }
    ],
    "isTemplate": false,
    "count": 0,
    "lang": "de",
    "updated": 0
  },
  {
    "id": "a9b1879f-dfef-49dd-9e60-7d3e9f2e24b2",
    "data": [
      {
        "text": "hallöchen",
        "userDefined": false
      }
    ],
    "isTemplate": false,
    "count": 0,
    "lang": "de",
    "updated": 0
  },
  {
    "id": "92cf982f-2725-44d0-a254-96b8a9150562",
    "data": [
      {
        "text": "hallo Schatzi",
        "userDefined": false
      }
    ],
    "isTemplate": false,
    "count": 0,
    "lang": "de",
    "updated": 0
  },
  {
    "id": "15aac4c8-9d2c-46b5-9f02-cb5186117d23",
    "data": [
      {
        "text": "hallo Schatz",
        "userDefined": false
      }
    ],
    "isTemplate": false,
    "count": 0,
    "lang": "de",
    "updated": 0
  },
  {
    "id": "aed72935-b06b-45cd-9b72-bbc533f40e1d",
    "data": [
      {
        "text": "hallo hallo",
        "userDefined": false
      }
    ],
    "isTemplate": false,
    "count": 0,
    "lang": "de",
    "updated": 0
  },
  {
    "id": "3d218122-5094-4954-9be4-61dfb5e2f420",
    "data": [
      {
        "text": "hallo",
        "userDefined": false
      }
    ],
    "isTemplate": false,
    "count": 0,
    "lang": "de",
    "updated": 0
  },
  {
    "id": "53a6d6e6-7597-4934-a346-1d0e477b7102",
    "data": [
      {
        "text": "grüß dich",
        "userDefined": false
      }
    ],
    "isTemplate": false,
    "count": 0,
    "lang": "de",
    "updated": 0
  }
]