[
  {
    "id": "10ec521e-40d0-4da0-93a3-ef0324981dc2",
    "data": [
      {
        "text": "Okey",
        "meta": "@sys.ignore",
        "userDefined": false
      }
    ],
    "isTemplate": false,
    "count": 0,
    "lang": "de",
    "updated": 0
  },
  {
    "id": "ea72bc47-c8d8-438f-bd3a-53d4b62f7947",
    "data": [
      {
        "text": "Ja",
        "userDefined": false
      }
    ],
    "isTemplate": false,
    "count": 1,
    "lang": "de",
    "updated": 0
  },
  {
    "id": "c7074e22-350a-49af-9efb-e4e62e119162",
    "data": [
      {
        "text": "Yes",
        "meta": "@sys.ignore",
        "userDefined": false
      }
    ],
    "isTemplate": false,
    "count": 1,
    "lang": "de",
    "updated": 0
  }
]