[
  {
    "id": "2b6ac255-71e9-4755-b0a6-ed34be1e101a",
    "data": [
      {
        "text": "Eine",
        "meta": "@sys.ignore",
        "userDefined": false
      },
      {
        "text": " genauere Beschreibung bitte",
        "userDefined": false
      }
    ],
    "isTemplate": false,
    "count": 0,
    "lang": "de",
    "updated": 0
  },
  {
    "id": "21228736-3465-4406-8283-d8a8dec85639",
    "data": [
      {
        "text": "Beschreibe es",
        "userDefined": false
      }
    ],
    "isTemplate": false,
    "count": 0,
    "lang": "de",
    "updated": 0
  },
  {
    "id": "796e7b97-28d1-4458-862d-5b10286ce30f",
    "data": [
      {
        "text": "Infos",
        "userDefined": false
      }
    ],
    "isTemplate": false,
    "count": 0,
    "lang": "de",
    "updated": 0
  },
  {
    "id": "8bdd37a8-0997-475f-a992-f51a1c48ec69",
    "data": [
      {
        "text": "Nähere Informationen",
        "userDefined": false
      }
    ],
    "isTemplate": false,
    "count": 0,
    "lang": "de",
    "updated": 0
  },
  {
    "id": "e62f1bf1-a066-44c2-ae20-213a8d2eb81d",
    "data": [
      {
        "text": "Kannst du mir mehr über dieses Rezept erzählen?",
        "userDefined": false
      }
    ],
    "isTemplate": false,
    "count": 0,
    "lang": "de",
    "updated": 0
  }
]