[
  {
    "id": "96c26d4f-0d5b-49df-b79b-d05a4f0e9d97",
    "data": [
      {
        "text": "Ein",
        "meta": "@sys.ignore",
        "userDefined": false
      },
      {
        "text": " anderes",
        "userDefined": false
      }
    ],
    "isTemplate": false,
    "count": 0,
    "lang": "de",
    "updated": 0
  },
  {
    "id": "b27a8b48-0a83-4129-8284-b5d7dec05db7",
    "data": [
      {
        "text": "Ne",
        "meta": "@sys.ignore",
        "userDefined": false
      }
    ],
    "isTemplate": false,
    "count": 0,
    "lang": "de",
    "updated": 0
  },
  {
    "id": "5fa8e4b8-f392-423a-8024-2abb0cbd261a",
    "data": [
      {
        "text": "Nope",
        "userDefined": false
      }
    ],
    "isTemplate": false,
    "count": 0,
    "lang": "de",
    "updated": 0
  },
  {
    "id": "e18a5b9d-daa7-4c9d-b7a1-0cb56638345b",
    "data": [
      {
        "text": "No",
        "meta": "@sys.ignore",
        "userDefined": false
      }
    ],
    "isTemplate": false,
    "count": 0,
    "lang": "de",
    "updated": 0
  },
  {
    "id": "145d2574-5403-43ab-8031-6fe5256cc928",
    "data": [
      {
        "text": "Nein",
        "userDefined": false
      }
    ],
    "isTemplate": false,
    "count": 0,
    "lang": "de",
    "updated": 0
  }
]