{
  "country": "DE",
  "id": "5252b0fe301bbf46038b46aa",
  "name": "Ungarisches Rindergulasch",
  "seoName": null,
  "category": null,
  "slug": "ungarisches-rindergulasch",
  "headline": "auf Eierspätzle",
  "description": "",
  "descriptionHTML": "",
  "descriptionMarkdown": null,
  "seoDescription": null,
  "comment": null,
  "difficulty": 2,
  "prepTime": "PT30M",
  "totalTime": null,
  "servingSize": 0,
  "createdAt": "2013-10-07T13:02:54+00:00",
  "updatedAt": "2016-07-20T22:12:31+00:00",
  "link": "https://hellofresh.com/recipes/5252b0fe301bbf46038b46aa",
  "imageLink": null,
  "cardLink": null,
  "videoLink": null,
  "nutrition": [],
  "ingredients": [],
  "allergens": [],
  "utensils": [],
  "tags": [],
  "cuisines": [],
  "wines": [],
  "marketplaceItems": [],
  "author": null,
  "label": null,
  "yieldType": null,
  "yields": [],
  "steps": [],
  "averageRating": 3.6,
  "ratingsCount": 10,
  "favoritesCount": 139,
  "active": false,
  "highlighted": false,
  "isDinnerToLunch": false,
  "isExcludedFromIndex": false,
  "isPremium": false,
  "websiteUrl": "https://www.hellofresh.de/recipes/ungarisches-rindergulasch-5252b0fe301bbf46038b46aa",
  "clonedFrom": null,
  "canonical": null,
  "canonicalLink": null
}
