{
  "country": "DE",
  "id": "5252b0ff301bbff2428b46ac",
  "name": "Indischer Linseneintopf",
  "seoName": null,
  "category": null,
  "slug": "indischer-linseneintopf",
  "headline": "mit Paneerkäse und Spinat dazu Naan brot",
  "description": "",
  "descriptionHTML": "",
  "descriptionMarkdown": null,
  "seoDescription": null,
  "comment": null,
  "difficulty": 2,
  "prepTime": "PT30M",
  "totalTime": null,
  "servingSize": 0,
  "createdAt": "2013-10-07T13:02:55+00:00",
  "updatedAt": "2016-04-20T15:36:19+00:00",
  "link": "https://hellofresh.com/recipes/5252b0ff301bbff2428b46ac",
  "imageLink": null,
  "cardLink": null,
  "videoLink": null,
  "nutrition": [],
  "ingredients": [],
  "allergens": [],
  "utensils": [],
  "tags": [],
  "cuisines": [],
  "wines": [],
  "marketplaceItems": [],
  "author": null,
  "label": null,
  "yieldType": null,
  "yields": [],
  "steps": [],
  "averageRating": 3.6,
  "ratingsCount": 5,
  "favoritesCount": 23,
  "active": false,
  "highlighted": false,
  "isDinnerToLunch": false,
  "isExcludedFromIndex": false,
  "isPremium": false,
  "websiteUrl": "https://www.hellofresh.de/recipes/indischer-linseneintopf-5252b0ff301bbff2428b46ac",
  "clonedFrom": null,
  "canonical": null,
  "canonicalLink": null
}
