{
  "country": "DE",
  "id": "5252b106301bbff2428b46b4",
  "name": "Wieners Schnitzel",
  "seoName": null,
  "category": null,
  "slug": "wieners-schnitzel",
  "headline": "mit Erdäpfel-Gurkensalat",
  "description": "",
  "descriptionHTML": "",
  "descriptionMarkdown": null,
  "seoDescription": null,
  "comment": null,
  "difficulty": 2,
  "prepTime": "PT30M",
  "totalTime": null,
  "servingSize": 0,
  "createdAt": "2013-10-07T13:03:02+00:00",
  "updatedAt": "2014-03-17T10:09:16+00:00",
  "link": "https://hellofresh.com/recipes/5252b106301bbff2428b46b4",
  "imageLink": null,
  "cardLink": null,
  "videoLink": null,
  "nutrition": [],
  "ingredients": [],
  "allergens": [],
  "utensils": [],
  "tags": [],
  "cuisines": [],
  "wines": [],
  "marketplaceItems": [],
  "author": null,
  "label": null,
  "yieldType": null,
  "yields": [],
  "steps": [],
  "averageRating": null,
  "ratingsCount": null,
  "favoritesCount": 1,
  "active": false,
  "highlighted": false,
  "isDinnerToLunch": false,
  "isExcludedFromIndex": false,
  "isPremium": false,
  "websiteUrl": "https://www.hellofresh.de/recipes/wieners-schnitzel-5252b106301bbff2428b46b4",
  "clonedFrom": null,
  "canonical": null,
  "canonicalLink": null
}
