{
  "country": "DE",
  "id": "5252b108301bbff3428b46b4",
  "name": "Cremiges Thai Curry",
  "seoName": null,
  "category": null,
  "slug": "cremiges-thai-curry",
  "headline": "mit Kokosmilch, Kartoffeln und grünen Bohnen auf Jasminreis",
  "description": "",
  "descriptionHTML": "",
  "descriptionMarkdown": null,
  "seoDescription": null,
  "comment": null,
  "difficulty": 2,
  "prepTime": "PT30M",
  "totalTime": null,
  "servingSize": 0,
  "createdAt": "2013-10-07T13:03:04+00:00",
  "updatedAt": "2016-02-24T06:56:58+00:00",
  "link": "https://hellofresh.com/recipes/5252b108301bbff3428b46b4",
  "imageLink": null,
  "cardLink": null,
  "videoLink": null,
  "nutrition": [],
  "ingredients": [],
  "allergens": [],
  "utensils": [],
  "tags": [],
  "cuisines": [],
  "wines": [],
  "marketplaceItems": [],
  "author": null,
  "label": null,
  "yieldType": null,
  "yields": [],
  "steps": [],
  "averageRating": 3,
  "ratingsCount": 1,
  "favoritesCount": 15,
  "active": false,
  "highlighted": false,
  "isDinnerToLunch": false,
  "isExcludedFromIndex": false,
  "isPremium": false,
  "websiteUrl": "https://www.hellofresh.de/recipes/cremiges-thai-curry-5252b108301bbff3428b46b4",
  "clonedFrom": null,
  "canonical": null,
  "canonicalLink": null
}
