{
  "country": "DE",
  "id": "5252b102301bbff2428b46b0",
  "name": "Pariser Bistro",
  "seoName": null,
  "category": null,
  "slug": "pariser-bistro",
  "headline": "Französische Zwiebelsuppe",
  "description": "",
  "descriptionHTML": "",
  "descriptionMarkdown": null,
  "seoDescription": null,
  "comment": null,
  "difficulty": 2,
  "prepTime": "PT30M",
  "totalTime": null,
  "servingSize": 0,
  "createdAt": "2013-10-07T13:02:58+00:00",
  "updatedAt": "2016-05-02T14:06:11+00:00",
  "link": "https://hellofresh.com/recipes/5252b102301bbff2428b46b0",
  "imageLink": null,
  "cardLink": null,
  "videoLink": null,
  "nutrition": [],
  "ingredients": [],
  "allergens": [],
  "utensils": [],
  "tags": [],
  "cuisines": [],
  "wines": [],
  "marketplaceItems": [],
  "author": null,
  "label": null,
  "yieldType": null,
  "yields": [],
  "steps": [],
  "averageRating": null,
  "ratingsCount": null,
  "favoritesCount": 11,
  "active": false,
  "highlighted": false,
  "isDinnerToLunch": false,
  "isExcludedFromIndex": false,
  "isPremium": false,
  "websiteUrl": "https://www.hellofresh.de/recipes/pariser-bistro-5252b102301bbff2428b46b0",
  "clonedFrom": null,
  "canonical": null,
  "canonicalLink": null
}
