{
  "country": "DE",
  "id": "5252b102301bbff2428b46af",
  "name": "Herzhafte Pfannkuchen",
  "seoName": null,
  "category": null,
  "slug": "herzhafte-pfannkuchen",
  "headline": "mit Rosmarin, Karotten und Ziegenkäse",
  "description": "",
  "descriptionHTML": "",
  "descriptionMarkdown": null,
  "seoDescription": null,
  "comment": null,
  "difficulty": 2,
  "prepTime": "PT30M",
  "totalTime": null,
  "servingSize": 0,
  "createdAt": "2013-10-07T13:02:58+00:00",
  "updatedAt": "2016-02-20T15:58:28+00:00",
  "link": "https://hellofresh.com/recipes/5252b102301bbff2428b46af",
  "imageLink": null,
  "cardLink": null,
  "videoLink": null,
  "nutrition": [],
  "ingredients": [],
  "allergens": [],
  "utensils": [],
  "tags": [],
  "cuisines": [],
  "wines": [],
  "marketplaceItems": [],
  "author": null,
  "label": null,
  "yieldType": null,
  "yields": [],
  "steps": [],
  "averageRating": 2,
  "ratingsCount": 2,
  "favoritesCount": 60,
  "active": false,
  "highlighted": false,
  "isDinnerToLunch": false,
  "isExcludedFromIndex": false,
  "isPremium": false,
  "websiteUrl": "https://www.hellofresh.de/recipes/herzhafte-pfannkuchen-5252b102301bbff2428b46af",
  "clonedFrom": null,
  "canonical": null,
  "canonicalLink": null
}
