{
  "country": "DE",
  "id": "5252b106301bbff3428b46b2",
  "name": "Buchweizen Bulgur Pfanne",
  "seoName": null,
  "category": null,
  "slug": "buchweizen-bulgur-pfanne",
  "headline": "mit gehacktem Ei und Erbsen",
  "description": "",
  "descriptionHTML": "",
  "descriptionMarkdown": null,
  "seoDescription": null,
  "comment": null,
  "difficulty": 2,
  "prepTime": "PT30M",
  "totalTime": null,
  "servingSize": 0,
  "createdAt": "2013-10-07T13:03:02+00:00",
  "updatedAt": "2015-06-02T14:18:35+00:00",
  "link": "https://hellofresh.com/recipes/5252b106301bbff3428b46b2",
  "imageLink": null,
  "cardLink": null,
  "videoLink": null,
  "nutrition": [],
  "ingredients": [],
  "allergens": [],
  "utensils": [],
  "tags": [],
  "cuisines": [],
  "wines": [],
  "marketplaceItems": [],
  "author": null,
  "label": null,
  "yieldType": null,
  "yields": [],
  "steps": [],
  "averageRating": null,
  "ratingsCount": null,
  "favoritesCount": 0,
  "active": false,
  "highlighted": false,
  "isDinnerToLunch": false,
  "isExcludedFromIndex": false,
  "isPremium": false,
  "websiteUrl": "https://www.hellofresh.de/recipes/buchweizen-bulgur-pfanne-5252b106301bbff3428b46b2",
  "clonedFrom": null,
  "canonical": null,
  "canonicalLink": null
}
