{
  "country": "DE",
  "id": "5252b105301bbff2428b46b3",
  "name": "Mexikanische Veggie Burger",
  "seoName": null,
  "category": null,
  "slug": "mexikanische-veggie-burger",
  "headline": "in Pita Taschen mit Kartoffel-Wedges",
  "description": "",
  "descriptionHTML": "",
  "descriptionMarkdown": null,
  "seoDescription": null,
  "comment": null,
  "difficulty": 3,
  "prepTime": "PT30M",
  "totalTime": null,
  "servingSize": 0,
  "createdAt": "2013-10-07T13:03:01+00:00",
  "updatedAt": "2016-03-21T20:52:56+00:00",
  "link": "https://hellofresh.com/recipes/5252b105301bbff2428b46b3",
  "imageLink": null,
  "cardLink": null,
  "videoLink": null,
  "nutrition": [],
  "ingredients": [],
  "allergens": [],
  "utensils": [],
  "tags": [],
  "cuisines": [],
  "wines": [],
  "marketplaceItems": [],
  "author": null,
  "label": null,
  "yieldType": null,
  "yields": [],
  "steps": [],
  "averageRating": null,
  "ratingsCount": null,
  "favoritesCount": 13,
  "active": false,
  "highlighted": false,
  "isDinnerToLunch": false,
  "isExcludedFromIndex": false,
  "isPremium": false,
  "websiteUrl": "https://www.hellofresh.de/recipes/mexikanische-veggie-burger-5252b105301bbff2428b46b3",
  "clonedFrom": null,
  "canonical": null,
  "canonicalLink": null
}
