{
  "country": "DE",
  "id": "5252b101301bbf46038b46ae",
  "name": "Ribbecks Kartoffelsalat",
  "seoName": null,
  "category": null,
  "slug": "ribbecks-kartoffelsalat",
  "headline": "mit Birne und Bratheringsfilet",
  "description": "",
  "descriptionHTML": "",
  "descriptionMarkdown": null,
  "seoDescription": null,
  "comment": null,
  "difficulty": 1,
  "prepTime": "PT30M",
  "totalTime": null,
  "servingSize": 0,
  "createdAt": "2013-10-07T13:02:57+00:00",
  "updatedAt": "2016-01-27T20:51:57+00:00",
  "link": "https://hellofresh.com/recipes/5252b101301bbf46038b46ae",
  "imageLink": null,
  "cardLink": null,
  "videoLink": null,
  "nutrition": [],
  "ingredients": [],
  "allergens": [],
  "utensils": [],
  "tags": [],
  "cuisines": [],
  "wines": [],
  "marketplaceItems": [],
  "author": null,
  "label": null,
  "yieldType": null,
  "yields": [],
  "steps": [],
  "averageRating": 2.7,
  "ratingsCount": 3,
  "favoritesCount": 28,
  "active": false,
  "highlighted": false,
  "isDinnerToLunch": false,
  "isExcludedFromIndex": false,
  "isPremium": false,
  "websiteUrl": "https://www.hellofresh.de/recipes/ribbecks-kartoffelsalat-5252b101301bbf46038b46ae",
  "clonedFrom": null,
  "canonical": null,
  "canonicalLink": null
}
