{
  "country": "DE",
  "id": "5252b104301bbff2428b46b2",
  "name": "Ofentomaten-Gratin",
  "seoName": null,
  "category": null,
  "slug": "ofentomaten-gratin",
  "headline": "mit Pasta-Pinienkernfüllung",
  "description": "",
  "descriptionHTML": "",
  "descriptionMarkdown": null,
  "seoDescription": null,
  "comment": null,
  "difficulty": 3,
  "prepTime": "PT30M",
  "totalTime": null,
  "servingSize": 0,
  "createdAt": "2013-10-07T13:03:00+00:00",
  "updatedAt": "2016-02-05T13:21:45+00:00",
  "link": "https://hellofresh.com/recipes/5252b104301bbff2428b46b2",
  "imageLink": null,
  "cardLink": null,
  "videoLink": null,
  "nutrition": [],
  "ingredients": [],
  "allergens": [],
  "utensils": [],
  "tags": [],
  "cuisines": [],
  "wines": [],
  "marketplaceItems": [],
  "author": null,
  "label": null,
  "yieldType": null,
  "yields": [],
  "steps": [],
  "averageRating": 1,
  "ratingsCount": 1,
  "favoritesCount": 37,
  "active": false,
  "highlighted": false,
  "isDinnerToLunch": false,
  "isExcludedFromIndex": false,
  "isPremium": false,
  "websiteUrl": "https://www.hellofresh.de/recipes/ofentomaten-gratin-5252b104301bbff2428b46b2",
  "clonedFrom": null,
  "canonical": null,
  "canonicalLink": null
}
