{
  "country": "DE",
  "id": "5252b0fa301bbff3428b46a2",
  "name": "Asiatisches Nudelglück",
  "seoName": null,
  "category": null,
  "slug": "asiatisches-nudelgluck",
  "headline": "Mie-Nudeln mit Rind und Pak Choi",
  "description": "",
  "descriptionHTML": "",
  "descriptionMarkdown": null,
  "seoDescription": null,
  "comment": null,
  "difficulty": 2,
  "prepTime": "PT25M",
  "totalTime": null,
  "servingSize": 0,
  "createdAt": "2013-10-07T13:02:50+00:00",
  "updatedAt": "2016-07-20T22:12:17+00:00",
  "link": "https://hellofresh.com/recipes/5252b0fa301bbff3428b46a2",
  "imageLink": null,
  "cardLink": null,
  "videoLink": null,
  "nutrition": [
    {
      "type": "57b42a48b7e8697d4b305304",
      "name": "Energie (kcal)",
      "amount": 0,
      "unit": "kcal"
    },
    {
      "type": "57b42a48b7e8697d4b305307",
      "name": "Fett",
      "amount": 0,
      "unit": "g"
    },
    {
      "type": "57b42a48b7e8697d4b305308",
      "name": "davon gesättigte Fettsäuren",
      "amount": 0,
      "unit": "g"
    },
    {
      "type": "57b42a48b7e8697d4b305305",
      "name": "Kohlenhydrate",
      "amount": 0,
      "unit": "g"
    },
    {
      "type": "57b42a48b7e8697d4b305306",
      "name": "davon Zucker",
      "amount": 0,
      "unit": "g"
    },
    {
      "type": "57b42a48b7e8697d4b30530a",
      "name": "Ballaststoffe",
      "amount": 0,
      "unit": "g"
    },
    {
      "type": "57b42a48b7e8697d4b305309",
      "name": "Eiweiß",
      "amount": 0,
      "unit": "g"
    },
    {
      "type": "57b42a48b7e8697d4b30530b",
      "name": "Salz",
      "amount": 0,
      "unit": "g"
    }
  ],
  "ingredients": [],
  "allergens": [],
  "utensils": [],
  "tags": [],
  "cuisines": [],
  "wines": [],
  "marketplaceItems": [],
  "author": null,
  "label": null,
  "yieldType": "servings",
  "yields": [],
  "steps": [],
  "averageRating": 4,
  "ratingsCount": 1,
  "favoritesCount": 1,
  "active": false,
  "highlighted": false,
  "isDinnerToLunch": false,
  "isExcludedFromIndex": false,
  "isPremium": false,
  "websiteUrl": "https://www.hellofresh.de/recipes/asiatisches-nudelgluck-5252b0fa301bbff3428b46a2",
  "clonedFrom": null,
  "canonical": null,
  "canonicalLink": null
}
