{
  "country": "DE",
  "id": "5252b109301bbff3428b46b6",
  "name": "Rübli Schmarrn",
  "seoName": null,
  "category": null,
  "slug": "rubli-schmarrn",
  "headline": "mit Haselnüssen und Schnittlauch-Sauerrahm",
  "description": "",
  "descriptionHTML": "",
  "descriptionMarkdown": null,
  "seoDescription": null,
  "comment": null,
  "difficulty": 2,
  "prepTime": "PT30M",
  "totalTime": null,
  "servingSize": 0,
  "createdAt": "2013-10-07T13:03:05+00:00",
  "updatedAt": "2014-02-14T11:17:20+00:00",
  "link": "https://hellofresh.com/recipes/5252b109301bbff3428b46b6",
  "imageLink": null,
  "cardLink": null,
  "videoLink": null,
  "nutrition": [],
  "ingredients": [],
  "allergens": [],
  "utensils": [],
  "tags": [],
  "cuisines": [],
  "wines": [],
  "marketplaceItems": [],
  "author": null,
  "label": null,
  "yieldType": null,
  "yields": [],
  "steps": [],
  "averageRating": null,
  "ratingsCount": null,
  "favoritesCount": null,
  "active": false,
  "highlighted": false,
  "isDinnerToLunch": false,
  "isExcludedFromIndex": false,
  "isPremium": false,
  "websiteUrl": "https://www.hellofresh.de/recipes/rubli-schmarrn-5252b109301bbff3428b46b6",
  "clonedFrom": null,
  "canonical": null,
  "canonicalLink": null
}
