{
  "country": "DE",
  "id": "5252b100301bbff2428b46ad",
  "name": "Vollkorn Farfalle",
  "seoName": null,
  "category": null,
  "slug": "vollkorn-farfalle",
  "headline": "mit getrockneten Tomaten und Salbeibutter",
  "description": "",
  "descriptionHTML": "",
  "descriptionMarkdown": null,
  "seoDescription": null,
  "comment": null,
  "difficulty": 1,
  "prepTime": "PT20M",
  "totalTime": null,
  "servingSize": 0,
  "createdAt": "2013-10-07T13:02:56+00:00",
  "updatedAt": "2014-02-14T11:17:20+00:00",
  "link": "https://hellofresh.com/recipes/5252b100301bbff2428b46ad",
  "imageLink": null,
  "cardLink": null,
  "videoLink": null,
  "nutrition": [],
  "ingredients": [],
  "allergens": [],
  "utensils": [],
  "tags": [],
  "cuisines": [],
  "wines": [],
  "marketplaceItems": [],
  "author": null,
  "label": null,
  "yieldType": null,
  "yields": [],
  "steps": [],
  "averageRating": null,
  "ratingsCount": null,
  "favoritesCount": null,
  "active": false,
  "highlighted": false,
  "isDinnerToLunch": false,
  "isExcludedFromIndex": false,
  "isPremium": false,
  "websiteUrl": "https://www.hellofresh.de/recipes/vollkorn-farfalle-5252b100301bbff2428b46ad",
  "clonedFrom": null,
  "canonical": null,
  "canonicalLink": null
}
