{
  "country": "DE",
  "id": "5252b0fb301bbff2428b46a6",
  "name": "Rundes Korn Risotto",
  "seoName": null,
  "category": null,
  "slug": "rundes-korn-risotto",
  "headline": "mit Räucherlachs und Orange",
  "description": "",
  "descriptionHTML": "",
  "descriptionMarkdown": null,
  "seoDescription": null,
  "comment": null,
  "difficulty": 2,
  "prepTime": "PT25M",
  "totalTime": null,
  "servingSize": 0,
  "createdAt": "2013-10-07T13:02:51+00:00",
  "updatedAt": "2017-06-08T12:52:31+00:00",
  "link": "https://hellofresh.com/recipes/5252b0fb301bbff2428b46a6",
  "imageLink": null,
  "cardLink": null,
  "videoLink": null,
  "nutrition": [],
  "ingredients": [],
  "allergens": [],
  "utensils": [],
  "tags": [],
  "cuisines": [],
  "wines": [],
  "marketplaceItems": [],
  "author": null,
  "label": null,
  "yieldType": null,
  "yields": [],
  "steps": [],
  "averageRating": null,
  "ratingsCount": null,
  "favoritesCount": 2,
  "active": false,
  "highlighted": false,
  "isDinnerToLunch": false,
  "isExcludedFromIndex": false,
  "isPremium": false,
  "websiteUrl": "https://www.hellofresh.de/recipes/rundes-korn-risotto-5252b0fb301bbff2428b46a6",
  "clonedFrom": null,
  "canonical": null,
  "canonicalLink": null
}
