{
  "country": "DE",
  "id": "5252b101301bbff2428b46ae",
  "name": "Osterschmaus Mal Anders",
  "seoName": null,
  "category": null,
  "slug": "osterschmaus-mal-anders",
  "headline": "Schweinefilet auf Knollenselleriestampf mit feinem Tomaten-Relish",
  "description": "",
  "descriptionHTML": "",
  "descriptionMarkdown": null,
  "seoDescription": null,
  "comment": null,
  "difficulty": 3,
  "prepTime": "PT30M",
  "totalTime": null,
  "servingSize": 0,
  "createdAt": "2013-10-07T13:02:57+00:00",
  "updatedAt": "2016-03-13T19:03:00+00:00",
  "link": "https://hellofresh.com/recipes/5252b101301bbff2428b46ae",
  "imageLink": null,
  "cardLink": null,
  "videoLink": null,
  "nutrition": [],
  "ingredients": [],
  "allergens": [],
  "utensils": [],
  "tags": [],
  "cuisines": [],
  "wines": [],
  "marketplaceItems": [],
  "author": null,
  "label": null,
  "yieldType": null,
  "yields": [],
  "steps": [],
  "averageRating": 4,
  "ratingsCount": 1,
  "favoritesCount": 32,
  "active": false,
  "highlighted": false,
  "isDinnerToLunch": false,
  "isExcludedFromIndex": false,
  "isPremium": false,
  "websiteUrl": "https://www.hellofresh.de/recipes/osterschmaus-mal-anders-5252b101301bbff2428b46ae",
  "clonedFrom": null,
  "canonical": null,
  "canonicalLink": null
}
