{
  "country": "DE",
  "id": "5252b104301bbf46038b46b2",
  "name": "Schicht-Ratatouille",
  "seoName": null,
  "category": null,
  "slug": "schicht-ratatouille",
  "headline": "Kräuter der Provence und Ciabatta",
  "description": "",
  "descriptionHTML": "",
  "descriptionMarkdown": null,
  "seoDescription": null,
  "comment": null,
  "difficulty": 2,
  "prepTime": "PT30M",
  "totalTime": null,
  "servingSize": 0,
  "createdAt": "2013-10-07T13:03:00+00:00",
  "updatedAt": "2016-06-04T16:26:30+00:00",
  "link": "https://hellofresh.com/recipes/5252b104301bbf46038b46b2",
  "imageLink": null,
  "cardLink": null,
  "videoLink": null,
  "nutrition": [],
  "ingredients": [],
  "allergens": [],
  "utensils": [],
  "tags": [],
  "cuisines": [],
  "wines": [],
  "marketplaceItems": [],
  "author": null,
  "label": null,
  "yieldType": null,
  "yields": [],
  "steps": [],
  "averageRating": 2,
  "ratingsCount": 2,
  "favoritesCount": 29,
  "active": false,
  "highlighted": false,
  "isDinnerToLunch": false,
  "isExcludedFromIndex": false,
  "isPremium": false,
  "websiteUrl": "https://www.hellofresh.de/recipes/schicht-ratatouille-5252b104301bbf46038b46b2",
  "clonedFrom": null,
  "canonical": null,
  "canonicalLink": null
}
