{
  "country": "DE",
  "id": "5252b101301bbff3428b46aa",
  "name": "Marinierte Rote Rüben",
  "seoName": null,
  "category": null,
  "slug": "marinierte-rote-ruben",
  "headline": "mit Rauke und in Kürbiskernen gebratener Schafskäse",
  "description": "",
  "descriptionHTML": "",
  "descriptionMarkdown": null,
  "seoDescription": null,
  "comment": null,
  "difficulty": 3,
  "prepTime": "PT30M",
  "totalTime": null,
  "servingSize": 0,
  "createdAt": "2013-10-07T13:02:57+00:00",
  "updatedAt": "2014-09-13T09:13:25+00:00",
  "link": "https://hellofresh.com/recipes/5252b101301bbff3428b46aa",
  "imageLink": null,
  "cardLink": null,
  "videoLink": null,
  "nutrition": [],
  "ingredients": [],
  "allergens": [],
  "utensils": [],
  "tags": [],
  "cuisines": [],
  "wines": [],
  "marketplaceItems": [],
  "author": null,
  "label": null,
  "yieldType": null,
  "yields": [],
  "steps": [],
  "averageRating": null,
  "ratingsCount": null,
  "favoritesCount": 1,
  "active": false,
  "highlighted": false,
  "isDinnerToLunch": false,
  "isExcludedFromIndex": false,
  "isPremium": false,
  "websiteUrl": "https://www.hellofresh.de/recipes/marinierte-rote-ruben-5252b101301bbff3428b46aa",
  "clonedFrom": null,
  "canonical": null,
  "canonicalLink": null
}
