{
  "country": "DE",
  "id": "5252b109301bbff2428b46b9",
  "name": "Feines Steak",
  "seoName": null,
  "category": null,
  "slug": "feines-steak",
  "headline": "mit karamellisierten Bohnen und Rotweinsauce",
  "description": "",
  "descriptionHTML": "",
  "descriptionMarkdown": null,
  "seoDescription": null,
  "comment": null,
  "difficulty": 2,
  "prepTime": "PT30M",
  "totalTime": null,
  "servingSize": 0,
  "createdAt": "2013-10-07T13:03:05+00:00",
  "updatedAt": "2016-04-17T19:02:45+00:00",
  "link": "https://hellofresh.com/recipes/5252b109301bbff2428b46b9",
  "imageLink": null,
  "cardLink": null,
  "videoLink": null,
  "nutrition": [],
  "ingredients": [],
  "allergens": [],
  "utensils": [],
  "tags": [],
  "cuisines": [],
  "wines": [],
  "marketplaceItems": [],
  "author": null,
  "label": null,
  "yieldType": null,
  "yields": [],
  "steps": [],
  "averageRating": 3.5,
  "ratingsCount": 2,
  "favoritesCount": 63,
  "active": false,
  "highlighted": false,
  "isDinnerToLunch": false,
  "isExcludedFromIndex": false,
  "isPremium": false,
  "websiteUrl": "https://www.hellofresh.de/recipes/feines-steak-5252b109301bbff2428b46b9",
  "clonedFrom": null,
  "canonical": null,
  "canonicalLink": null
}
