{
  "country": "DE",
  "id": "5252b0ff301bbff2428b46ab",
  "name": "Knusprige Käse-Rösti",
  "seoName": null,
  "category": null,
  "slug": "knusprige-kase-rosti",
  "headline": "mit Apfel-Ruccola-Salat",
  "description": "",
  "descriptionHTML": "",
  "descriptionMarkdown": null,
  "seoDescription": null,
  "comment": null,
  "difficulty": 3,
  "prepTime": "PT30M",
  "totalTime": null,
  "servingSize": 0,
  "createdAt": "2013-10-07T13:02:55+00:00",
  "updatedAt": "2016-02-20T15:57:43+00:00",
  "link": "https://hellofresh.com/recipes/5252b0ff301bbff2428b46ab",
  "imageLink": null,
  "cardLink": null,
  "videoLink": null,
  "nutrition": [],
  "ingredients": [],
  "allergens": [],
  "utensils": [],
  "tags": [],
  "cuisines": [],
  "wines": [],
  "marketplaceItems": [],
  "author": null,
  "label": null,
  "yieldType": null,
  "yields": [],
  "steps": [],
  "averageRating": 3.3,
  "ratingsCount": 7,
  "favoritesCount": 93,
  "active": false,
  "highlighted": false,
  "isDinnerToLunch": false,
  "isExcludedFromIndex": false,
  "isPremium": false,
  "websiteUrl": "https://www.hellofresh.de/recipes/knusprige-kase-rosti-5252b0ff301bbff2428b46ab",
  "clonedFrom": null,
  "canonical": null,
  "canonicalLink": null
}
