{
  "country": "DE",
  "id": "5252b0fc301bbff3428b46a5",
  "name": "Lamm Casablanca",
  "seoName": null,
  "category": null,
  "slug": "lamm-casablanca",
  "headline": "mit Tomaten-Bohnen Salat und Joghurt",
  "description": "",
  "descriptionHTML": "",
  "descriptionMarkdown": null,
  "seoDescription": null,
  "comment": null,
  "difficulty": 1,
  "prepTime": "PT25M",
  "totalTime": null,
  "servingSize": 0,
  "createdAt": "2013-10-07T13:02:52+00:00",
  "updatedAt": "2016-06-25T21:30:36+00:00",
  "link": "https://hellofresh.com/recipes/5252b0fc301bbff3428b46a5",
  "imageLink": null,
  "cardLink": null,
  "videoLink": null,
  "nutrition": [],
  "ingredients": [],
  "allergens": [],
  "utensils": [],
  "tags": [],
  "cuisines": [],
  "wines": [],
  "marketplaceItems": [],
  "author": null,
  "label": null,
  "yieldType": null,
  "yields": [],
  "steps": [],
  "averageRating": null,
  "ratingsCount": null,
  "favoritesCount": 2,
  "active": false,
  "highlighted": false,
  "isDinnerToLunch": false,
  "isExcludedFromIndex": false,
  "isPremium": false,
  "websiteUrl": "https://www.hellofresh.de/recipes/lamm-casablanca-5252b0fc301bbff3428b46a5",
  "clonedFrom": null,
  "canonical": null,
  "canonicalLink": null
}
