{
  "country": "DE",
  "id": "5252b100301bbff3428b46a9",
  "name": "Ofenzauber",
  "seoName": null,
  "category": null,
  "slug": "ofenzauber",
  "headline": "Brokkoli-Nudel-Auflauf",
  "description": "",
  "descriptionHTML": "",
  "descriptionMarkdown": null,
  "seoDescription": null,
  "comment": null,
  "difficulty": 3,
  "prepTime": "PT30M",
  "totalTime": null,
  "servingSize": 0,
  "createdAt": "2013-10-07T13:02:56+00:00",
  "updatedAt": "2016-01-24T12:17:15+00:00",
  "link": "https://hellofresh.com/recipes/5252b100301bbff3428b46a9",
  "imageLink": null,
  "cardLink": null,
  "videoLink": null,
  "nutrition": [],
  "ingredients": [],
  "allergens": [],
  "utensils": [],
  "tags": [],
  "cuisines": [],
  "wines": [],
  "marketplaceItems": [],
  "author": null,
  "label": null,
  "yieldType": null,
  "yields": [],
  "steps": [],
  "averageRating": 2,
  "ratingsCount": 1,
  "favoritesCount": 18,
  "active": false,
  "highlighted": false,
  "isDinnerToLunch": false,
  "isExcludedFromIndex": false,
  "isPremium": false,
  "websiteUrl": "https://www.hellofresh.de/recipes/ofenzauber-5252b100301bbff3428b46a9",
  "clonedFrom": null,
  "canonical": null,
  "canonicalLink": null
}
