{
  "country": "DE",
  "id": "5252b0fd301bbf46038b46a8",
  "name": "Gegrillter Pfannenkäse",
  "seoName": null,
  "category": null,
  "slug": "gegrillter-pfannenkase",
  "headline": "auf buntem Tabouleh",
  "description": "",
  "descriptionHTML": "",
  "descriptionMarkdown": null,
  "seoDescription": null,
  "comment": null,
  "difficulty": 2,
  "prepTime": "PT30M",
  "totalTime": null,
  "servingSize": 0,
  "createdAt": "2013-10-07T13:02:53+00:00",
  "updatedAt": "2016-07-20T22:12:23+00:00",
  "link": "https://hellofresh.com/recipes/5252b0fd301bbf46038b46a8",
  "imageLink": null,
  "cardLink": null,
  "videoLink": null,
  "nutrition": [],
  "ingredients": [],
  "allergens": [],
  "utensils": [],
  "tags": [],
  "cuisines": [],
  "wines": [],
  "marketplaceItems": [],
  "author": null,
  "label": null,
  "yieldType": null,
  "yields": [],
  "steps": [],
  "averageRating": 4,
  "ratingsCount": 1,
  "favoritesCount": 4,
  "active": false,
  "highlighted": false,
  "isDinnerToLunch": false,
  "isExcludedFromIndex": false,
  "isPremium": false,
  "websiteUrl": "https://www.hellofresh.de/recipes/gegrillter-pfannenkase-5252b0fd301bbf46038b46a8",
  "clonedFrom": null,
  "canonical": null,
  "canonicalLink": null
}
