{
  "country": "DE",
  "id": "5252b107301bbf46038b46b5",
  "name": "Glasierte Hähnchenschenkel",
  "seoName": null,
  "category": null,
  "slug": "glasierte-hahnchenschenkel",
  "headline": "mit knusprigen Kartoffel-Wedges und Salat",
  "description": "",
  "descriptionHTML": "",
  "descriptionMarkdown": null,
  "seoDescription": null,
  "comment": null,
  "difficulty": 3,
  "prepTime": "PT30M",
  "totalTime": null,
  "servingSize": 0,
  "createdAt": "2013-10-07T13:03:03+00:00",
  "updatedAt": "2016-02-04T20:45:49+00:00",
  "link": "https://hellofresh.com/recipes/5252b107301bbf46038b46b5",
  "imageLink": null,
  "cardLink": null,
  "videoLink": null,
  "nutrition": [],
  "ingredients": [],
  "allergens": [],
  "utensils": [],
  "tags": [],
  "cuisines": [],
  "wines": [],
  "marketplaceItems": [],
  "author": null,
  "label": null,
  "yieldType": null,
  "yields": [],
  "steps": [],
  "averageRating": 2.5,
  "ratingsCount": 2,
  "favoritesCount": 56,
  "active": false,
  "highlighted": false,
  "isDinnerToLunch": false,
  "isExcludedFromIndex": false,
  "isPremium": false,
  "websiteUrl": "https://www.hellofresh.de/recipes/glasierte-hahnchenschenkel-5252b107301bbf46038b46b5",
  "clonedFrom": null,
  "canonical": null,
  "canonicalLink": null
}
