{
  "country": "DE",
  "id": "5252b107301bbff2428b46b6",
  "name": "Bayrische Kartoffelknödel",
  "seoName": null,
  "category": null,
  "slug": "bayrische-kartoffelknodel",
  "headline": "in feiner Crème fraîche-Gemüse-Soße",
  "description": "",
  "descriptionHTML": "",
  "descriptionMarkdown": null,
  "seoDescription": null,
  "comment": null,
  "difficulty": 2,
  "prepTime": "PT30M",
  "totalTime": null,
  "servingSize": 0,
  "createdAt": "2013-10-07T13:03:03+00:00",
  "updatedAt": "2016-01-31T17:25:19+00:00",
  "link": "https://hellofresh.com/recipes/5252b107301bbff2428b46b6",
  "imageLink": null,
  "cardLink": null,
  "videoLink": null,
  "nutrition": [],
  "ingredients": [],
  "allergens": [],
  "utensils": [],
  "tags": [],
  "cuisines": [],
  "wines": [],
  "marketplaceItems": [],
  "author": null,
  "label": null,
  "yieldType": null,
  "yields": [],
  "steps": [],
  "averageRating": 3.3,
  "ratingsCount": 3,
  "favoritesCount": 33,
  "active": false,
  "highlighted": false,
  "isDinnerToLunch": false,
  "isExcludedFromIndex": false,
  "isPremium": false,
  "websiteUrl": "https://www.hellofresh.de/recipes/bayrische-kartoffelknodel-5252b107301bbff2428b46b6",
  "clonedFrom": null,
  "canonical": null,
  "canonicalLink": null
}
