{
  "country": "DE",
  "id": "5252b0fd301bbff3428b46a6",
  "name": "Cremige Tagliatelle Verde",
  "seoName": null,
  "category": null,
  "slug": "cremige-tagliatelle-verde",
  "headline": "mit Gorgonzola und Parmaschinken",
  "description": "",
  "descriptionHTML": "",
  "descriptionMarkdown": null,
  "seoDescription": null,
  "comment": null,
  "difficulty": 1,
  "prepTime": "PT25M",
  "totalTime": null,
  "servingSize": 0,
  "createdAt": "2013-10-07T13:02:53+00:00",
  "updatedAt": "2016-07-20T22:12:29+00:00",
  "link": "https://hellofresh.com/recipes/5252b0fd301bbff3428b46a6",
  "imageLink": null,
  "cardLink": null,
  "videoLink": null,
  "nutrition": [],
  "ingredients": [],
  "allergens": [],
  "utensils": [],
  "tags": [],
  "cuisines": [],
  "wines": [],
  "marketplaceItems": [],
  "author": null,
  "label": null,
  "yieldType": null,
  "yields": [],
  "steps": [],
  "averageRating": 2.8,
  "ratingsCount": 5,
  "favoritesCount": 96,
  "active": false,
  "highlighted": false,
  "isDinnerToLunch": false,
  "isExcludedFromIndex": false,
  "isPremium": false,
  "websiteUrl": "https://www.hellofresh.de/recipes/cremige-tagliatelle-verde-5252b0fd301bbff3428b46a6",
  "clonedFrom": null,
  "canonical": null,
  "canonicalLink": null
}
