{
  "country": "DE",
  "id": "5252b101301bbff3428b46ab",
  "name": "Frühlingsgenuss",
  "seoName": null,
  "category": null,
  "slug": "fruhlingsgenuss",
  "headline": "Spargel-Schalotten Risotto",
  "description": "",
  "descriptionHTML": "",
  "descriptionMarkdown": null,
  "seoDescription": null,
  "comment": null,
  "difficulty": 3,
  "prepTime": "PT30M",
  "totalTime": null,
  "servingSize": 0,
  "createdAt": "2013-10-07T13:02:57+00:00",
  "updatedAt": "2016-02-23T16:50:26+00:00",
  "link": "https://hellofresh.com/recipes/5252b101301bbff3428b46ab",
  "imageLink": null,
  "cardLink": null,
  "videoLink": null,
  "nutrition": [],
  "ingredients": [],
  "allergens": [],
  "utensils": [],
  "tags": [],
  "cuisines": [],
  "wines": [],
  "marketplaceItems": [],
  "author": null,
  "label": null,
  "yieldType": null,
  "yields": [],
  "steps": [],
  "averageRating": 3,
  "ratingsCount": 4,
  "favoritesCount": 52,
  "active": false,
  "highlighted": false,
  "isDinnerToLunch": false,
  "isExcludedFromIndex": false,
  "isPremium": false,
  "websiteUrl": "https://www.hellofresh.de/recipes/fruhlingsgenuss-5252b101301bbff3428b46ab",
  "clonedFrom": null,
  "canonical": null,
  "canonicalLink": null
}
