{
  "country": "DE",
  "id": "5252b0fe301bbf46038b46a9",
  "name": "Pikante Chili- und Koriander-Kartoffelpuffer",
  "seoName": null,
  "category": null,
  "slug": "pikante-chili-und-koriander-kartoffelpuffer",
  "headline": "mit Mango Salsa",
  "description": "",
  "descriptionHTML": "",
  "descriptionMarkdown": null,
  "seoDescription": null,
  "comment": null,
  "difficulty": 2,
  "prepTime": "PT30M",
  "totalTime": null,
  "servingSize": 0,
  "createdAt": "2013-10-07T13:02:54+00:00",
  "updatedAt": "2014-02-14T11:17:20+00:00",
  "link": "https://hellofresh.com/recipes/5252b0fe301bbf46038b46a9",
  "imageLink": null,
  "cardLink": null,
  "videoLink": null,
  "nutrition": [],
  "ingredients": [],
  "allergens": [],
  "utensils": [],
  "tags": [],
  "cuisines": [],
  "wines": [],
  "marketplaceItems": [],
  "author": null,
  "label": null,
  "yieldType": null,
  "yields": [],
  "steps": [],
  "averageRating": null,
  "ratingsCount": null,
  "favoritesCount": null,
  "active": false,
  "highlighted": false,
  "isDinnerToLunch": false,
  "isExcludedFromIndex": false,
  "isPremium": false,
  "websiteUrl": "https://www.hellofresh.de/recipes/pikante-chili-und-koriander-kartoffelpuffer-5252b0fe301bbf46038b46a9",
  "clonedFrom": null,
  "canonical": null,
  "canonicalLink": null
}
