{
  "country": "DE",
  "id": "5252b105301bbff3428b46b1",
  "name": "Tofu-Gemüse Stir Fry",
  "seoName": null,
  "category": null,
  "slug": "tofu-gemuse-stir-fry",
  "headline": "mit gerösteten Cashewkerne und Jasminreis",
  "description": "",
  "descriptionHTML": "",
  "descriptionMarkdown": null,
  "seoDescription": null,
  "comment": null,
  "difficulty": 3,
  "prepTime": "PT20M",
  "totalTime": null,
  "servingSize": 0,
  "createdAt": "2013-10-07T13:03:01+00:00",
  "updatedAt": "2015-12-03T17:26:54+00:00",
  "link": "https://hellofresh.com/recipes/5252b105301bbff3428b46b1",
  "imageLink": null,
  "cardLink": null,
  "videoLink": null,
  "nutrition": [],
  "ingredients": [],
  "allergens": [],
  "utensils": [],
  "tags": [],
  "cuisines": [],
  "wines": [],
  "marketplaceItems": [],
  "author": null,
  "label": null,
  "yieldType": null,
  "yields": [],
  "steps": [],
  "averageRating": null,
  "ratingsCount": null,
  "favoritesCount": 10,
  "active": false,
  "highlighted": false,
  "isDinnerToLunch": false,
  "isExcludedFromIndex": false,
  "isPremium": false,
  "websiteUrl": "https://www.hellofresh.de/recipes/tofu-gemuse-stir-fry-5252b105301bbff3428b46b1",
  "clonedFrom": null,
  "canonical": null,
  "canonicalLink": null
}
