{
  "country": "DE",
  "id": "5252b105301bbff3428b46b0",
  "name": "Camembert im Schwarzwälder Schinken",
  "seoName": null,
  "category": null,
  "slug": "camembert-im-schwarzwalder-schinken",
  "headline": "auf Eichblattsalat",
  "description": "",
  "descriptionHTML": "",
  "descriptionMarkdown": null,
  "seoDescription": null,
  "comment": null,
  "difficulty": 2,
  "prepTime": "PT30M",
  "totalTime": null,
  "servingSize": 0,
  "createdAt": "2013-10-07T13:03:01+00:00",
  "updatedAt": "2016-02-03T14:42:36+00:00",
  "link": "https://hellofresh.com/recipes/5252b105301bbff3428b46b0",
  "imageLink": null,
  "cardLink": null,
  "videoLink": null,
  "nutrition": [],
  "ingredients": [],
  "allergens": [],
  "utensils": [],
  "tags": [],
  "cuisines": [],
  "wines": [],
  "marketplaceItems": [],
  "author": null,
  "label": null,
  "yieldType": null,
  "yields": [],
  "steps": [],
  "averageRating": 1,
  "ratingsCount": 1,
  "favoritesCount": 35,
  "active": false,
  "highlighted": false,
  "isDinnerToLunch": false,
  "isExcludedFromIndex": false,
  "isPremium": false,
  "websiteUrl": "https://www.hellofresh.de/recipes/camembert-im-schwarzwalder-schinken-5252b105301bbff3428b46b0",
  "clonedFrom": null,
  "canonical": null,
  "canonicalLink": null
}
