{
  "country": "DE",
  "id": "5252b103301bbff3428b46ae",
  "name": "Grüne Kräuterpfannkuchen mit Hüttenkäse",
  "seoName": null,
  "category": null,
  "slug": "gru-ne-krauterpfannkuchen-mit-hu-ttenkase",
  "headline": "dazu Feldsalat mit Essig-Öl-Dressing",
  "description": "",
  "descriptionHTML": "",
  "descriptionMarkdown": null,
  "seoDescription": null,
  "comment": null,
  "difficulty": 2,
  "prepTime": "PT25M",
  "totalTime": null,
  "servingSize": 0,
  "createdAt": "2013-10-07T13:02:59+00:00",
  "updatedAt": "2015-06-22T17:01:57+00:00",
  "link": "https://hellofresh.com/recipes/5252b103301bbff3428b46ae",
  "imageLink": null,
  "cardLink": null,
  "videoLink": null,
  "nutrition": [],
  "ingredients": [],
  "allergens": [],
  "utensils": [],
  "tags": [],
  "cuisines": [],
  "wines": [],
  "marketplaceItems": [],
  "author": null,
  "label": null,
  "yieldType": null,
  "yields": [],
  "steps": [],
  "averageRating": null,
  "ratingsCount": null,
  "favoritesCount": 2,
  "active": false,
  "highlighted": false,
  "isDinnerToLunch": false,
  "isExcludedFromIndex": false,
  "isPremium": false,
  "websiteUrl": "https://www.hellofresh.de/recipes/gru-ne-krauterpfannkuchen-mit-hu-ttenkase-5252b103301bbff3428b46ae",
  "clonedFrom": null,
  "canonical": null,
  "canonicalLink": null
}
