{
  "country": "DE",
  "id": "5252b0fd301bbff2428b46a9",
  "name": "Delikate Tarte",
  "seoName": null,
  "category": null,
  "slug": "delikate-tarte",
  "headline": "mit karamellisierten Zwiebeln und Schafskäse",
  "description": "",
  "descriptionHTML": "",
  "descriptionMarkdown": null,
  "seoDescription": null,
  "comment": null,
  "difficulty": 2,
  "prepTime": "PT20M",
  "totalTime": null,
  "servingSize": 0,
  "createdAt": "2013-10-07T13:02:53+00:00",
  "updatedAt": "2016-07-25T16:03:18+00:00",
  "link": "https://hellofresh.com/recipes/5252b0fd301bbff2428b46a9",
  "imageLink": null,
  "cardLink": null,
  "videoLink": null,
  "nutrition": [],
  "ingredients": [],
  "allergens": [],
  "utensils": [],
  "tags": [],
  "cuisines": [],
  "wines": [],
  "marketplaceItems": [],
  "author": null,
  "label": null,
  "yieldType": null,
  "yields": [],
  "steps": [],
  "averageRating": null,
  "ratingsCount": null,
  "favoritesCount": 2,
  "active": false,
  "highlighted": false,
  "isDinnerToLunch": false,
  "isExcludedFromIndex": false,
  "isPremium": false,
  "websiteUrl": "https://www.hellofresh.de/recipes/delikate-tarte-5252b0fd301bbff2428b46a9",
  "clonedFrom": null,
  "canonical": null,
  "canonicalLink": null
}
