{
  "country": "DE",
  "id": "5252b100301bbf46038b46ac",
  "name": "Mediterranes Ofengemüse",
  "seoName": null,
  "category": null,
  "slug": "mediterranes-ofengemuse",
  "headline": "und Polentaecken",
  "description": "",
  "descriptionHTML": "",
  "descriptionMarkdown": null,
  "seoDescription": null,
  "comment": null,
  "difficulty": 2,
  "prepTime": "PT25M",
  "totalTime": null,
  "servingSize": 0,
  "createdAt": "2013-10-07T13:02:56+00:00",
  "updatedAt": "2016-01-31T15:34:51+00:00",
  "link": "https://hellofresh.com/recipes/5252b100301bbf46038b46ac",
  "imageLink": null,
  "cardLink": null,
  "videoLink": null,
  "nutrition": [],
  "ingredients": [],
  "allergens": [],
  "utensils": [],
  "tags": [],
  "cuisines": [],
  "wines": [],
  "marketplaceItems": [],
  "author": null,
  "label": null,
  "yieldType": null,
  "yields": [],
  "steps": [],
  "averageRating": 2,
  "ratingsCount": 1,
  "favoritesCount": 21,
  "active": false,
  "highlighted": false,
  "isDinnerToLunch": false,
  "isExcludedFromIndex": false,
  "isPremium": false,
  "websiteUrl": "https://www.hellofresh.de/recipes/mediterranes-ofengemuse-5252b100301bbf46038b46ac",
  "clonedFrom": null,
  "canonical": null,
  "canonicalLink": null
}
