{
  "country": "DE",
  "id": "5252b0ff301bbff3428b46a8",
  "name": "Omelet Español",
  "seoName": null,
  "category": null,
  "slug": "omelet-espanol",
  "headline": "Chorizo Tortilla mit Tomatensalat",
  "description": "",
  "descriptionHTML": "",
  "descriptionMarkdown": null,
  "seoDescription": null,
  "comment": null,
  "difficulty": 2,
  "prepTime": "PT30M",
  "totalTime": null,
  "servingSize": 0,
  "createdAt": "2013-10-07T13:02:55+00:00",
  "updatedAt": "2016-06-04T16:26:18+00:00",
  "link": "https://hellofresh.com/recipes/5252b0ff301bbff3428b46a8",
  "imageLink": null,
  "cardLink": null,
  "videoLink": null,
  "nutrition": [],
  "ingredients": [],
  "allergens": [],
  "utensils": [],
  "tags": [],
  "cuisines": [],
  "wines": [],
  "marketplaceItems": [],
  "author": null,
  "label": null,
  "yieldType": null,
  "yields": [],
  "steps": [],
  "averageRating": 1.5,
  "ratingsCount": 2,
  "favoritesCount": 40,
  "active": false,
  "highlighted": false,
  "isDinnerToLunch": false,
  "isExcludedFromIndex": false,
  "isPremium": false,
  "websiteUrl": "https://www.hellofresh.de/recipes/omelet-espanol-5252b0ff301bbff3428b46a8",
  "clonedFrom": null,
  "canonical": null,
  "canonicalLink": null
}
