{
  "country": "DE",
  "id": "5252b0fc301bbff3428b46a4",
  "name": "Gefüllte Wraps",
  "seoName": null,
  "category": null,
  "slug": "gefullte-wraps",
  "headline": "mit Tofu, Blattsalat und Mozzarella",
  "description": "",
  "descriptionHTML": "",
  "descriptionMarkdown": null,
  "seoDescription": null,
  "comment": null,
  "difficulty": 2,
  "prepTime": "PT25M",
  "totalTime": null,
  "servingSize": 0,
  "createdAt": "2013-10-07T13:02:52+00:00",
  "updatedAt": "2016-02-17T12:01:33+00:00",
  "link": "https://hellofresh.com/recipes/5252b0fc301bbff3428b46a4",
  "imageLink": null,
  "cardLink": null,
  "videoLink": null,
  "nutrition": [],
  "ingredients": [],
  "allergens": [],
  "utensils": [],
  "tags": [],
  "cuisines": [],
  "wines": [],
  "marketplaceItems": [],
  "author": null,
  "label": null,
  "yieldType": null,
  "yields": [],
  "steps": [],
  "averageRating": null,
  "ratingsCount": null,
  "favoritesCount": 2,
  "active": false,
  "highlighted": false,
  "isDinnerToLunch": false,
  "isExcludedFromIndex": false,
  "isPremium": false,
  "websiteUrl": "https://www.hellofresh.de/recipes/gefullte-wraps-5252b0fc301bbff3428b46a4",
  "clonedFrom": null,
  "canonical": null,
  "canonicalLink": null
}
