{
  "country": "DE",
  "id": "5252b102301bbf46038b46af",
  "name": "Knusprig und Luftig",
  "seoName": null,
  "category": null,
  "slug": "knusprig-und-luftig",
  "headline": "Zwiebel-Bacon-Tarte mit Tomaten",
  "description": "",
  "descriptionHTML": "",
  "descriptionMarkdown": null,
  "seoDescription": null,
  "comment": null,
  "difficulty": 2,
  "prepTime": "PT30M",
  "totalTime": null,
  "servingSize": 0,
  "createdAt": "2013-10-07T13:02:58+00:00",
  "updatedAt": "2016-02-04T20:45:24+00:00",
  "link": "https://hellofresh.com/recipes/5252b102301bbf46038b46af",
  "imageLink": null,
  "cardLink": null,
  "videoLink": null,
  "nutrition": [],
  "ingredients": [],
  "allergens": [],
  "utensils": [],
  "tags": [],
  "cuisines": [],
  "wines": [],
  "marketplaceItems": [],
  "author": null,
  "label": null,
  "yieldType": null,
  "yields": [],
  "steps": [],
  "averageRating": 1,
  "ratingsCount": 1,
  "favoritesCount": 33,
  "active": false,
  "highlighted": false,
  "isDinnerToLunch": false,
  "isExcludedFromIndex": false,
  "isPremium": false,
  "websiteUrl": "https://www.hellofresh.de/recipes/knusprig-und-luftig-5252b102301bbf46038b46af",
  "clonedFrom": null,
  "canonical": null,
  "canonicalLink": null
}
