{
  "country": "DE",
  "id": "5252b0fe301bbff2428b46aa",
  "name": "Mit Mozzarella und Tomaten gefüllte Hähnchenbrust",
  "seoName": null,
  "category": null,
  "slug": "mit-mozzarella-und-tomaten-gefullte-hahnchenbrust",
  "headline": "mit Parmesan und Polenta",
  "description": "",
  "descriptionHTML": "",
  "descriptionMarkdown": null,
  "seoDescription": null,
  "comment": null,
  "difficulty": 3,
  "prepTime": "PT30M",
  "totalTime": null,
  "servingSize": 0,
  "createdAt": "2013-10-07T13:02:54+00:00",
  "updatedAt": "2016-07-26T04:06:11+00:00",
  "link": "https://hellofresh.com/recipes/5252b0fe301bbff2428b46aa",
  "imageLink": null,
  "cardLink": null,
  "videoLink": null,
  "nutrition": [],
  "ingredients": [],
  "allergens": [],
  "utensils": [],
  "tags": [],
  "cuisines": [],
  "wines": [],
  "marketplaceItems": [],
  "author": null,
  "label": null,
  "yieldType": null,
  "yields": [],
  "steps": [],
  "averageRating": 3.4,
  "ratingsCount": 7,
  "favoritesCount": 168,
  "active": false,
  "highlighted": false,
  "isDinnerToLunch": false,
  "isExcludedFromIndex": false,
  "isPremium": false,
  "websiteUrl": "https://www.hellofresh.de/recipes/mit-mozzarella-und-tomaten-gefullte-hahnchenbrust-5252b0fe301bbff2428b46aa",
  "clonedFrom": null,
  "canonical": null,
  "canonicalLink": null
}
