{
  "country": "DE",
  "id": "5252b106301bbff2428b46b5",
  "name": "Aromatischer Kalbseintopf",
  "seoName": null,
  "category": null,
  "slug": "aromatischer-kalbseintopf",
  "headline": "mit Süßkartoffeln und Datteln auf Bulgur",
  "description": "",
  "descriptionHTML": "",
  "descriptionMarkdown": null,
  "seoDescription": null,
  "comment": null,
  "difficulty": 2,
  "prepTime": "PT30M",
  "totalTime": null,
  "servingSize": 0,
  "createdAt": "2013-10-07T13:03:02+00:00",
  "updatedAt": "2016-02-01T12:29:27+00:00",
  "link": "https://hellofresh.com/recipes/5252b106301bbff2428b46b5",
  "imageLink": "https://d3hvwccx09j84u.cloudfront.net/0,0/image/5252b106301bbff2428b46b5.jpg",
  "cardLink": null,
  "videoLink": null,
  "nutrition": [],
  "ingredients": [],
  "allergens": [],
  "utensils": [],
  "tags": [],
  "cuisines": [],
  "wines": [],
  "marketplaceItems": [],
  "author": null,
  "label": null,
  "yieldType": null,
  "yields": [],
  "steps": [],
  "averageRating": 3,
  "ratingsCount": 1,
  "favoritesCount": 33,
  "active": true,
  "highlighted": false,
  "isDinnerToLunch": false,
  "isExcludedFromIndex": false,
  "isPremium": false,
  "websiteUrl": "https://www.hellofresh.de/recipes/aromatischer-kalbseintopf-5252b106301bbff2428b46b5",
  "clonedFrom": null,
  "canonical": null,
  "canonicalLink": null
}
