{
  "country": "DE",
  "id": "5252b102301bbff3428b46ac",
  "name": "Süß und Sauer",
  "seoName": null,
  "category": null,
  "slug": "susz-und-sauer",
  "headline": "Süßkartoffel, Radicchio und Apfel Gratin mit Tomaten-Salat",
  "description": "",
  "descriptionHTML": "",
  "descriptionMarkdown": null,
  "seoDescription": null,
  "comment": null,
  "difficulty": 3,
  "prepTime": "PT30M",
  "totalTime": null,
  "servingSize": 0,
  "createdAt": "2013-10-07T13:02:58+00:00",
  "updatedAt": "2016-01-17T17:19:44+00:00",
  "link": "https://hellofresh.com/recipes/5252b102301bbff3428b46ac",
  "imageLink": null,
  "cardLink": null,
  "videoLink": null,
  "nutrition": [],
  "ingredients": [],
  "allergens": [],
  "utensils": [],
  "tags": [],
  "cuisines": [],
  "wines": [],
  "marketplaceItems": [],
  "author": null,
  "label": null,
  "yieldType": null,
  "yields": [],
  "steps": [],
  "averageRating": 2,
  "ratingsCount": 1,
  "favoritesCount": 11,
  "active": false,
  "highlighted": false,
  "isDinnerToLunch": false,
  "isExcludedFromIndex": false,
  "isPremium": false,
  "websiteUrl": "https://www.hellofresh.de/recipes/susz-und-sauer-5252b102301bbff3428b46ac",
  "clonedFrom": null,
  "canonical": null,
  "canonicalLink": null
}
