{
  "country": "DE",
  "id": "5252b107301bbf46038b46b6",
  "name": "Deftige Linsensuppe",
  "seoName": null,
  "category": null,
  "slug": "deftige-linsensuppe",
  "headline": "mit Speck, Schmand und Parmesan",
  "description": "",
  "descriptionHTML": "",
  "descriptionMarkdown": null,
  "seoDescription": null,
  "comment": null,
  "difficulty": 2,
  "prepTime": "PT30M",
  "totalTime": null,
  "servingSize": 0,
  "createdAt": "2013-10-07T13:03:03+00:00",
  "updatedAt": "2016-02-04T20:45:55+00:00",
  "link": "https://hellofresh.com/recipes/5252b107301bbf46038b46b6",
  "imageLink": null,
  "cardLink": null,
  "videoLink": null,
  "nutrition": [],
  "ingredients": [],
  "allergens": [],
  "utensils": [],
  "tags": [],
  "cuisines": [],
  "wines": [],
  "marketplaceItems": [],
  "author": null,
  "label": null,
  "yieldType": null,
  "yields": [],
  "steps": [],
  "averageRating": 2,
  "ratingsCount": 1,
  "favoritesCount": 31,
  "active": false,
  "highlighted": false,
  "isDinnerToLunch": false,
  "isExcludedFromIndex": false,
  "isPremium": false,
  "websiteUrl": "https://www.hellofresh.de/recipes/deftige-linsensuppe-5252b107301bbf46038b46b6",
  "clonedFrom": null,
  "canonical": null,
  "canonicalLink": null
}
