{
  "country": "DE",
  "id": "5252b0fb301bbf46038b46a5",
  "name": "Ghanaische Stew",
  "seoName": null,
  "category": null,
  "slug": "ghanaische-stew",
  "headline": "mit Erdnussbutter und Couscous",
  "description": "jdfsjifdsifdsoijdfsiodfsiodfs",
  "descriptionHTML": "<p>jdfsjifdsifdsoijdfsiodfsiodfs</p>",
  "descriptionMarkdown": "jdfsjifdsifdsoijdfsiodfsiodfs",
  "seoDescription": null,
  "comment": null,
  "difficulty": 2,
  "prepTime": "PT25M",
  "totalTime": null,
  "servingSize": 0,
  "createdAt": "2013-10-07T13:02:51+00:00",
  "updatedAt": "2017-11-02T11:32:59+00:00",
  "link": "https://hellofresh.com/recipes/5252b0fb301bbf46038b46a5",
  "imageLink": null,
  "cardLink": null,
  "videoLink": null,
  "nutrition": [
    {
      "type": "57b42a48b7e8697d4b305304",
      "name": "Energie (kcal)",
      "amount": 0,
      "unit": "kcal"
    },
    {
      "type": "57b42a48b7e8697d4b305307",
      "name": "Fett",
      "amount": 1,
      "unit": "g"
    },
    {
      "type": "57b42a48b7e8697d4b305308",
      "name": "davon gesättigte Fettsäuren",
      "amount": 2,
      "unit": "g"
    },
    {
      "type": "57b42a48b7e8697d4b305305",
      "name": "Kohlenhydrate",
      "amount": 0,
      "unit": "g"
    },
    {
      "type": "57b42a48b7e8697d4b305306",
      "name": "davon Zucker",
      "amount": 0,
      "unit": "g"
    },
    {
      "type": "57b42a48b7e8697d4b30530a",
      "name": "Ballaststoffe",
      "amount": 23,
      "unit": "g"
    },
    {
      "type": "57b42a48b7e8697d4b305309",
      "name": "Eiweiß",
      "amount": 32,
      "unit": "g"
    },
    {
      "type": "57b42a48b7e8697d4b30530b",
      "name": "Salz",
      "amount": 0,
      "unit": "g"
    }
  ],
  "ingredients": [
    {
      "country": "DE",
      "id": "554b7698fd2cb96c628b4568",
      "type": "arborio-reis",
      "name": "Arborio-Reis",
      "slug": "arborio-reis",
      "description": null,
      "internalName": null,
      "shipped": true,
      "imageLink": "https://d3hvwccx09j84u.cloudfront.net/200,200/image/554b7698fd2cb96c628b4568.png",
      "usage": 6,
      "hasDuplicatedName": null,
      "allergens": [],
      "family": {
        "id": "58877cf3ed71a76e9c03fc1c",
        "type": "rice",
        "name": "Reis",
        "slug": "reis",
        "description": null,
        "priority": 0,
        "iconLink": "https://d3hvwccx09j84u.cloudfront.net/200,200/ingredient-families/58877cf3ed71a76e9c03fc1c-0b4adebd.png",
        "usageByCountry": {
          "AT": 540,
          "AU": 405,
          "BE": 265,
          "CA": 169,
          "CH": 114,
          "DE": 505,
          "ER": 39,
          "FR": 79,
          "GB": 480,
          "LU": 361,
          "NL": 319,
          "NZ": 107,
          "ML": 328,
          "US": 527
        },
        "createdAt": "2017-01-24T16:12:35+00:00",
        "updatedAt": "2017-01-24T16:12:35+00:00"
      }
    },
    {
      "country": "DE",
      "id": "55a7a8f8fd2cb9570f8b4567",
      "type": "arabisches fladenbrot",
      "name": "Arabisches Fladenbrot",
      "slug": "arabisches-fladenbrot",
      "description": null,
      "internalName": null,
      "shipped": true,
      "imageLink": "https://d3hvwccx09j84u.cloudfront.net/200,200/image/55a7a8f8fd2cb9570f8b4567.png",
      "usage": 8,
      "hasDuplicatedName": null,
      "allergens": [
        {
          "id": "57962a07b7e8697d4b3052f5",
          "type": "gluten",
          "name": "Weizen",
          "slug": "weizen",
          "description": null,
          "tracesOf": false,
          "triggersTracesOf": false,
          "iconLink": "https://d3hvwccx09j84u.cloudfront.net/0,0/allergens/57962a07b7e8697d4b3052f5-e20d9ca4.png",
          "usage": 1406
        },
        {
          "id": "57962a07b7e8697d4b3052f3",
          "type": "maycontaintracesofallergens",
          "name": "kann Spuren von Allergenen enthalten",
          "slug": "kann-spuren-von-allergenen-enthalten",
          "description": null,
          "tracesOf": false,
          "triggersTracesOf": true,
          "iconLink": null,
          "usage": 1649
        }
      ],
      "family": {
        "id": "58877cf3ed71a76e9c03fb54",
        "type": "bread",
        "name": "Brot",
        "slug": "brot",
        "description": null,
        "priority": 0,
        "iconLink": "https://d3hvwccx09j84u.cloudfront.net/200,200/ingredient-families/58877cf3ed71a76e9c03fb54-1e82dfa9.png",
        "usageByCountry": {
          "AT": 713,
          "AU": 371,
          "BE": 426,
          "CA": 175,
          "CH": 131,
          "DE": 651,
          "ER": 50,
          "FR": 118,
          "GB": 330,
          "LU": 588,
          "NL": 514,
          "NZ": 111,
          "ML": 181,
          "US": 755
        },
        "createdAt": "2017-01-24T16:12:35+00:00",
        "updatedAt": "2017-01-24T16:12:35+00:00"
      }
    },
    {
      "country": "DE",
      "id": "556c4ed44dab710b3d8b4569",
      "type": "apfelessig",
      "name": "Apfelessig",
      "slug": "apfelessig",
      "description": null,
      "internalName": null,
      "shipped": false,
      "imageLink": "https://d3hvwccx09j84u.cloudfront.net/200,200/image/556c4ed44dab710b3d8b4569.png",
      "usage": 2,
      "hasDuplicatedName": null,
      "allergens": [],
      "family": {
        "id": "58877cf3ed71a76e9c03fc4e",
        "type": "vinegar",
        "name": "Essig",
        "slug": "essig",
        "description": null,
        "priority": 0,
        "iconLink": "https://d3hvwccx09j84u.cloudfront.net/200,200/ingredient-families/58877cf3ed71a76e9c03fc4e-487a2c2e.png",
        "usageByCountry": {
          "AT": 946,
          "AU": 556,
          "BE": 739,
          "CA": 272,
          "CH": 185,
          "DE": 877,
          "ER": 16,
          "FR": 209,
          "GB": 406,
          "LU": 884,
          "NL": 855,
          "NZ": 199,
          "ML": 77,
          "US": 710
        },
        "createdAt": "2017-01-24T16:12:35+00:00",
        "updatedAt": "2017-01-24T16:12:35+00:00"
      }
    },
    {
      "country": "DE",
      "id": "55535c2efd2cb9ae048b4567",
      "type": "aubergine",
      "name": "Aubergine",
      "slug": "aubergine",
      "description": null,
      "internalName": null,
      "shipped": true,
      "imageLink": "https://d3hvwccx09j84u.cloudfront.net/200,200/image/55535c2efd2cb9ae048b4567.png",
      "usage": 127,
      "hasDuplicatedName": null,
      "allergens": [],
      "family": {
        "id": "58877cf3ed71a76e9c03fb3b",
        "type": "aubergine-eggplant",
        "name": "Aubergine",
        "slug": "aubergine",
        "description": null,
        "priority": 0,
        "iconLink": "https://d3hvwccx09j84u.cloudfront.net/200,200/ingredient-families/58877cf3ed71a76e9c03fb3b-df248e73.png",
        "usageByCountry": {
          "AT": 128,
          "AU": 35,
          "BE": 118,
          "CA": 22,
          "CH": 22,
          "DE": 127,
          "ER": 0,
          "FR": 29,
          "GB": 120,
          "LU": 137,
          "NL": 127,
          "NZ": 3,
          "ML": 9,
          "US": 30
        },
        "createdAt": "2017-01-24T16:12:35+00:00",
        "updatedAt": "2017-01-24T16:12:35+00:00"
      }
    }
  ],
  "allergens": [
    {
      "id": "57962a07b7e8697d4b3052f5",
      "type": "gluten",
      "name": "Weizen",
      "slug": "weizen",
      "description": null,
      "tracesOf": false,
      "triggersTracesOf": false,
      "iconLink": "https://d3hvwccx09j84u.cloudfront.net/0,0/allergens/57962a07b7e8697d4b3052f5-e20d9ca4.png",
      "usage": 1406
    },
    {
      "id": "57962a07b7e8697d4b3052f3",
      "type": "maycontaintracesofallergens",
      "name": "kann Spuren von Allergenen enthalten",
      "slug": "kann-spuren-von-allergenen-enthalten",
      "description": null,
      "tracesOf": false,
      "triggersTracesOf": true,
      "iconLink": null,
      "usage": 1649
    }
  ],
  "utensils": [],
  "tags": [
    {
      "id": "57d13370b7e8697d4b30531a",
      "type": "low-calorie",
      "name": "leichter Genuss",
      "slug": "leichter-genuss",
      "iconLink": "https://d3hvwccx09j84u.cloudfront.net/200,200/tags/icon-healthy%403x.png",
      "numberOfRecipes": 4438,
      "numberOfRecipesByCountry": {
        "AT": 1377,
        "AU": 144,
        "BE": 299,
        "CA": 0,
        "CH": 139,
        "DE": 1205,
        "ER": 0,
        "FR": 128,
        "GB": 111,
        "LU": 576,
        "NL": 380,
        "NZ": 79,
        "ML": 0,
        "US": 0
      }
    },
    {
      "id": "57d13370b7e8697d4b305319",
      "type": "spicy",
      "name": "scharf",
      "slug": "scharf",
      "iconLink": "https://d3hvwccx09j84u.cloudfront.net/200,200/tags/icon-spicy%403x.png",
      "numberOfRecipes": 2399,
      "numberOfRecipesByCountry": {
        "AT": 200,
        "AU": 107,
        "BE": 147,
        "CA": 71,
        "CH": 53,
        "DE": 211,
        "ER": 103,
        "FR": 0,
        "GB": 497,
        "LU": 54,
        "NL": 149,
        "NZ": 0,
        "ML": 0,
        "US": 807
      }
    }
  ],
  "cuisines": [
    {
      "id": "57ebbc17b7e8697d4b3053a4",
      "type": "american",
      "name": "Amerikanisch",
      "slug": "amerikanisch",
      "iconLink": "https://d3hvwccx09j84u.cloudfront.net/0,0/cuisines/57ebbc17b7e8697d4b3053a4-aafc03e6.jpg",
      "usage": 3895
    }
  ],
  "wines": [],
  "marketplaceItems": [],
  "author": null,
  "label": null,
  "yieldType": "servings",
  "yields": [
    {
      "yields": 1,
      "ingredients": [
        {
          "id": "554b7698fd2cb96c628b4568",
          "amount": 32,
          "unit": "g"
        },
        {
          "id": "55a7a8f8fd2cb9570f8b4567",
          "amount": 23,
          "unit": "g"
        },
        {
          "id": "556c4ed44dab710b3d8b4569",
          "amount": 23,
          "unit": "g"
        },
        {
          "id": "55535c2efd2cb9ae048b4567",
          "amount": 23,
          "unit": "g"
        }
      ]
    }
  ],
  "steps": [
    {
      "index": 1,
      "instructionsMarkdown": "jiodfsijodsfjiodfsiodfs",
      "instructionsHTML": "<p>jiodfsijodsfjiodfsiodfs</p>",
      "instructions": "jiodfsijodsfjiodfsiodfs",
      "timers": [
        {
          "name": "odasoajosajopsdasda",
          "duration": "PT30M",
          "temperature": null,
          "temperatureUnit": null,
          "ovenMode": null
        }
      ],
      "images": [],
      "videos": [],
      "ingredients": [],
      "utensils": []
    }
  ],
  "averageRating": 3.5,
  "ratingsCount": 2,
  "favoritesCount": 3,
  "active": false,
  "highlighted": false,
  "isDinnerToLunch": false,
  "isExcludedFromIndex": false,
  "isPremium": false,
  "websiteUrl": "https://www.hellofresh.de/recipes/ghanaische-stew-5252b0fb301bbf46038b46a5",
  "clonedFrom": null,
  "canonical": null,
  "canonicalLink": null
}
