{
  "country": "DE",
  "id": "5252b105301bbf46038b46b3",
  "name": "Gebratene Eierspätzle",
  "seoName": null,
  "category": null,
  "slug": "gebratene-eierspatzle",
  "headline": "in aromatischer Champignon-Sahnesoße",
  "description": "",
  "descriptionHTML": "",
  "descriptionMarkdown": null,
  "seoDescription": null,
  "comment": null,
  "difficulty": 1,
  "prepTime": "PT25M",
  "totalTime": null,
  "servingSize": 0,
  "createdAt": "2013-10-07T13:03:01+00:00",
  "updatedAt": "2016-01-12T14:13:26+00:00",
  "link": "https://hellofresh.com/recipes/5252b105301bbf46038b46b3",
  "imageLink": null,
  "cardLink": null,
  "videoLink": null,
  "nutrition": [],
  "ingredients": [],
  "allergens": [],
  "utensils": [],
  "tags": [],
  "cuisines": [],
  "wines": [],
  "marketplaceItems": [],
  "author": null,
  "label": null,
  "yieldType": null,
  "yields": [],
  "steps": [],
  "averageRating": 4,
  "ratingsCount": 1,
  "favoritesCount": 10,
  "active": false,
  "highlighted": false,
  "isDinnerToLunch": false,
  "isExcludedFromIndex": false,
  "isPremium": false,
  "websiteUrl": "https://www.hellofresh.de/recipes/gebratene-eierspatzle-5252b105301bbf46038b46b3",
  "clonedFrom": null,
  "canonical": null,
  "canonicalLink": null
}
