{
  "country": "DE",
  "id": "5252b108301bbf46038b46b7",
  "name": "Fruchtiger Nudelsalat",
  "seoName": null,
  "category": null,
  "slug": "fruchtiger-nudelsalat",
  "headline": "mit Kiwi, Sellerie und Apfel in Dill-Schnittlauch-Dressing",
  "description": "",
  "descriptionHTML": "",
  "descriptionMarkdown": null,
  "seoDescription": null,
  "comment": null,
  "difficulty": 1,
  "prepTime": "PT25M",
  "totalTime": null,
  "servingSize": 0,
  "createdAt": "2013-10-07T13:03:04+00:00",
  "updatedAt": "2016-03-13T19:02:52+00:00",
  "link": "https://hellofresh.com/recipes/5252b108301bbf46038b46b7",
  "imageLink": null,
  "cardLink": null,
  "videoLink": null,
  "nutrition": [],
  "ingredients": [],
  "allergens": [],
  "utensils": [],
  "tags": [],
  "cuisines": [],
  "wines": [],
  "marketplaceItems": [],
  "author": null,
  "label": null,
  "yieldType": null,
  "yields": [],
  "steps": [],
  "averageRating": 3,
  "ratingsCount": 1,
  "favoritesCount": 3,
  "active": false,
  "highlighted": false,
  "isDinnerToLunch": false,
  "isExcludedFromIndex": false,
  "isPremium": false,
  "websiteUrl": "https://www.hellofresh.de/recipes/fruchtiger-nudelsalat-5252b108301bbf46038b46b7",
  "clonedFrom": null,
  "canonical": null,
  "canonicalLink": null
}
