{
  "country": "DE",
  "id": "5252b108301bbff2428b46b7",
  "name": "Couscous Fritters",
  "seoName": null,
  "category": null,
  "slug": "couscous-fritters",
  "headline": "mit Weißkäse, getrockneten Tomaten und grünem Salat",
  "description": "",
  "descriptionHTML": "",
  "descriptionMarkdown": null,
  "seoDescription": null,
  "comment": null,
  "difficulty": 3,
  "prepTime": "PT30M",
  "totalTime": null,
  "servingSize": 0,
  "createdAt": "2013-10-07T13:03:04+00:00",
  "updatedAt": "2016-01-17T17:21:08+00:00",
  "link": "https://hellofresh.com/recipes/5252b108301bbff2428b46b7",
  "imageLink": null,
  "cardLink": null,
  "videoLink": null,
  "nutrition": [],
  "ingredients": [],
  "allergens": [],
  "utensils": [],
  "tags": [],
  "cuisines": [],
  "wines": [],
  "marketplaceItems": [],
  "author": null,
  "label": null,
  "yieldType": null,
  "yields": [],
  "steps": [],
  "averageRating": null,
  "ratingsCount": null,
  "favoritesCount": 6,
  "active": false,
  "highlighted": false,
  "isDinnerToLunch": false,
  "isExcludedFromIndex": false,
  "isPremium": false,
  "websiteUrl": "https://www.hellofresh.de/recipes/couscous-fritters-5252b108301bbff2428b46b7",
  "clonedFrom": null,
  "canonical": null,
  "canonicalLink": null
}
