{
  "country": "DE",
  "id": "5252b104301bbf46038b46b1",
  "name": "Metzgerfrische Bratwurst",
  "seoName": null,
  "category": null,
  "slug": "metzgerfrische-bratwurst",
  "headline": "auf Salbei-Kohlrabi und Kartoffeln",
  "description": "",
  "descriptionHTML": "",
  "descriptionMarkdown": null,
  "seoDescription": null,
  "comment": null,
  "difficulty": 1,
  "prepTime": "PT25M",
  "totalTime": null,
  "servingSize": 0,
  "createdAt": "2013-10-07T13:03:00+00:00",
  "updatedAt": "2016-02-04T20:45:32+00:00",
  "link": "https://hellofresh.com/recipes/5252b104301bbf46038b46b1",
  "imageLink": null,
  "cardLink": null,
  "videoLink": null,
  "nutrition": [],
  "ingredients": [],
  "allergens": [],
  "utensils": [],
  "tags": [],
  "cuisines": [],
  "wines": [],
  "marketplaceItems": [],
  "author": null,
  "label": null,
  "yieldType": null,
  "yields": [],
  "steps": [],
  "averageRating": 1,
  "ratingsCount": 1,
  "favoritesCount": 27,
  "active": false,
  "highlighted": false,
  "isDinnerToLunch": false,
  "isExcludedFromIndex": false,
  "isPremium": false,
  "websiteUrl": "https://www.hellofresh.de/recipes/metzgerfrische-bratwurst-5252b104301bbf46038b46b1",
  "clonedFrom": null,
  "canonical": null,
  "canonicalLink": null
}
