{
  "country": "DE",
  "id": "5252b103301bbff3428b46ad",
  "name": "Quinoa Kunterbunt",
  "seoName": null,
  "category": null,
  "slug": "quinoa-kunterbunt",
  "headline": "mit Ruccola, Feta, Getrockneten Aprikosen und Pinienkerne",
  "description": "",
  "descriptionHTML": "",
  "descriptionMarkdown": null,
  "seoDescription": null,
  "comment": null,
  "difficulty": 1,
  "prepTime": "PT25M",
  "totalTime": null,
  "servingSize": 0,
  "createdAt": "2013-10-07T13:02:59+00:00",
  "updatedAt": "2016-01-17T17:19:51+00:00",
  "link": "https://hellofresh.com/recipes/5252b103301bbff3428b46ad",
  "imageLink": null,
  "cardLink": null,
  "videoLink": null,
  "nutrition": [],
  "ingredients": [],
  "allergens": [],
  "utensils": [],
  "tags": [],
  "cuisines": [],
  "wines": [],
  "marketplaceItems": [],
  "author": null,
  "label": null,
  "yieldType": null,
  "yields": [],
  "steps": [],
  "averageRating": null,
  "ratingsCount": null,
  "favoritesCount": 13,
  "active": false,
  "highlighted": false,
  "isDinnerToLunch": false,
  "isExcludedFromIndex": false,
  "isPremium": false,
  "websiteUrl": "https://www.hellofresh.de/recipes/quinoa-kunterbunt-5252b103301bbff3428b46ad",
  "clonedFrom": null,
  "canonical": null,
  "canonicalLink": null
}
