{
  "country": "DE",
  "id": "5252b109301bbff3428b46b7",
  "name": "Gnocchi mit Kirschtomaten",
  "seoName": null,
  "category": null,
  "slug": "gnocchi-mit-kirschtomaten",
  "headline": "in Basilikum Butter",
  "description": "",
  "descriptionHTML": "",
  "descriptionMarkdown": null,
  "seoDescription": null,
  "comment": null,
  "difficulty": 1,
  "prepTime": "PT25M",
  "totalTime": null,
  "servingSize": 0,
  "createdAt": "2013-10-07T13:03:05+00:00",
  "updatedAt": "2016-02-04T20:46:04+00:00",
  "link": "https://hellofresh.com/recipes/5252b109301bbff3428b46b7",
  "imageLink": null,
  "cardLink": null,
  "videoLink": null,
  "nutrition": [],
  "ingredients": [],
  "allergens": [],
  "utensils": [],
  "tags": [],
  "cuisines": [],
  "wines": [],
  "marketplaceItems": [],
  "author": null,
  "label": null,
  "yieldType": null,
  "yields": [],
  "steps": [],
  "averageRating": 1,
  "ratingsCount": 1,
  "favoritesCount": 46,
  "active": false,
  "highlighted": false,
  "isDinnerToLunch": false,
  "isExcludedFromIndex": false,
  "isPremium": false,
  "websiteUrl": "https://www.hellofresh.de/recipes/gnocchi-mit-kirschtomaten-5252b109301bbff3428b46b7",
  "clonedFrom": null,
  "canonical": null,
  "canonicalLink": null
}
