{
  "country": "DE",
  "id": "5252b103301bbf46038b46b0",
  "name": "Geröstetes Sauerteigbrot",
  "seoName": null,
  "category": null,
  "slug": "gerostetes-sauerteigbrot",
  "headline": "mit Rührei, Frühlingszwiebel und Räucherlachs",
  "description": "",
  "descriptionHTML": "",
  "descriptionMarkdown": null,
  "seoDescription": null,
  "comment": null,
  "difficulty": 1,
  "prepTime": "PT25M",
  "totalTime": null,
  "servingSize": 0,
  "createdAt": "2013-10-07T13:02:59+00:00",
  "updatedAt": "2014-09-13T20:10:39+00:00",
  "link": "https://hellofresh.com/recipes/5252b103301bbf46038b46b0",
  "imageLink": null,
  "cardLink": null,
  "videoLink": null,
  "nutrition": [],
  "ingredients": [],
  "allergens": [],
  "utensils": [],
  "tags": [],
  "cuisines": [],
  "wines": [],
  "marketplaceItems": [],
  "author": null,
  "label": null,
  "yieldType": null,
  "yields": [],
  "steps": [],
  "averageRating": null,
  "ratingsCount": null,
  "favoritesCount": 2,
  "active": false,
  "highlighted": false,
  "isDinnerToLunch": false,
  "isExcludedFromIndex": false,
  "isPremium": false,
  "websiteUrl": "https://www.hellofresh.de/recipes/gerostetes-sauerteigbrot-5252b103301bbf46038b46b0",
  "clonedFrom": null,
  "canonical": null,
  "canonicalLink": null
}
