{
  "country": "DE",
  "id": "5252b0ff301bbf46038b46ab",
  "name": "Nordafrikanischer Mandel-Pilaf",
  "seoName": null,
  "category": null,
  "slug": "nordafrikanischer-mandel-pilaf",
  "headline": "mit Karotten und Kichererbsen",
  "description": "",
  "descriptionHTML": "",
  "descriptionMarkdown": null,
  "seoDescription": null,
  "comment": null,
  "difficulty": 2,
  "prepTime": "PT30M",
  "totalTime": null,
  "servingSize": 0,
  "createdAt": "2013-10-07T13:02:55+00:00",
  "updatedAt": "2016-02-04T20:45:09+00:00",
  "link": "https://hellofresh.com/recipes/5252b0ff301bbf46038b46ab",
  "imageLink": null,
  "cardLink": null,
  "videoLink": null,
  "nutrition": [],
  "ingredients": [],
  "allergens": [],
  "utensils": [],
  "tags": [],
  "cuisines": [],
  "wines": [],
  "marketplaceItems": [],
  "author": null,
  "label": null,
  "yieldType": null,
  "yields": [],
  "steps": [],
  "averageRating": 2.8,
  "ratingsCount": 5,
  "favoritesCount": 74,
  "active": false,
  "highlighted": false,
  "isDinnerToLunch": false,
  "isExcludedFromIndex": false,
  "isPremium": false,
  "websiteUrl": "https://www.hellofresh.de/recipes/nordafrikanischer-mandel-pilaf-5252b0ff301bbf46038b46ab",
  "clonedFrom": null,
  "canonical": null,
  "canonicalLink": null
}
