{
  "country": "DE",
  "id": "5252b103301bbff2428b46b1",
  "name": "Mit Gewürzen gebratener Lammrücken",
  "seoName": null,
  "category": null,
  "slug": "mit-gewurzen-gebratener-lammrucken",
  "headline": "auf Taboulé und Letcho-Gemüse",
  "description": "",
  "descriptionHTML": "",
  "descriptionMarkdown": null,
  "seoDescription": null,
  "comment": null,
  "difficulty": 1,
  "prepTime": "PT20M",
  "totalTime": null,
  "servingSize": 0,
  "createdAt": "2013-10-07T13:02:59+00:00",
  "updatedAt": "2014-03-17T10:10:59+00:00",
  "link": "https://hellofresh.com/recipes/5252b103301bbff2428b46b1",
  "imageLink": null,
  "cardLink": null,
  "videoLink": null,
  "nutrition": [],
  "ingredients": [],
  "allergens": [],
  "utensils": [],
  "tags": [],
  "cuisines": [],
  "wines": [],
  "marketplaceItems": [],
  "author": null,
  "label": null,
  "yieldType": null,
  "yields": [],
  "steps": [],
  "averageRating": null,
  "ratingsCount": null,
  "favoritesCount": 1,
  "active": false,
  "highlighted": false,
  "isDinnerToLunch": false,
  "isExcludedFromIndex": false,
  "isPremium": false,
  "websiteUrl": "https://www.hellofresh.de/recipes/mit-gewurzen-gebratener-lammrucken-5252b103301bbff2428b46b1",
  "clonedFrom": null,
  "canonical": null,
  "canonicalLink": null
}
