{
  "country": "DE",
  "id": "5252b107301bbff3428b46b3",
  "name": "Selbstgemachte Pizza",
  "seoName": null,
  "category": null,
  "slug": "selbstgemachte-pizza",
  "headline": "mit buntem Gemüse Topping",
  "description": "",
  "descriptionHTML": "",
  "descriptionMarkdown": null,
  "seoDescription": null,
  "comment": null,
  "difficulty": 3,
  "prepTime": "PT30M",
  "totalTime": null,
  "servingSize": 0,
  "createdAt": "2013-10-07T13:03:03+00:00",
  "updatedAt": "2016-03-21T20:53:50+00:00",
  "link": "https://hellofresh.com/recipes/5252b107301bbff3428b46b3",
  "imageLink": null,
  "cardLink": null,
  "videoLink": null,
  "nutrition": [],
  "ingredients": [],
  "allergens": [],
  "utensils": [],
  "tags": [],
  "cuisines": [],
  "wines": [],
  "marketplaceItems": [],
  "author": null,
  "label": null,
  "yieldType": null,
  "yields": [],
  "steps": [],
  "averageRating": 3,
  "ratingsCount": 1,
  "favoritesCount": 34,
  "active": false,
  "highlighted": false,
  "isDinnerToLunch": false,
  "isExcludedFromIndex": false,
  "isPremium": false,
  "websiteUrl": "https://www.hellofresh.de/recipes/selbstgemachte-pizza-5252b107301bbff3428b46b3",
  "clonedFrom": null,
  "canonical": null,
  "canonicalLink": null
}
