{
  "country": "DE",
  "id": "52582b41301bbf62468b4572",
  "name": "Rosmarin-Gemüse Ragout",
  "seoName": null,
  "category": null,
  "slug": "rosmarin-gemuse-ragout",
  "headline": "mit cremiger Kartoffelhaube und Weißen Bohnen",
  "description": "",
  "descriptionHTML": "",
  "descriptionMarkdown": "",
  "seoDescription": null,
  "comment": null,
  "difficulty": 2,
  "prepTime": "PT30M",
  "totalTime": null,
  "servingSize": 0,
  "createdAt": "2013-10-11T16:45:53+00:00",
  "updatedAt": "2016-02-05T13:22:35+00:00",
  "link": "https://hellofresh.com/recipes/52582b41301bbf62468b4572",
  "imageLink": "https://d3hvwccx09j84u.cloudfront.net/0,0/image/52582b41301bbf62468b4572.jpg",
  "cardLink": null,
  "videoLink": null,
  "nutrition": [],
  "ingredients": [],
  "allergens": [],
  "utensils": [],
  "tags": [],
  "cuisines": [],
  "wines": [],
  "marketplaceItems": [],
  "author": null,
  "label": null,
  "yieldType": null,
  "yields": [],
  "steps": [],
  "averageRating": 3.6,
  "ratingsCount": 7,
  "favoritesCount": 82,
  "active": true,
  "highlighted": false,
  "isDinnerToLunch": false,
  "isExcludedFromIndex": false,
  "isPremium": false,
  "websiteUrl": "https://www.hellofresh.de/recipes/rosmarin-gemuse-ragout-52582b41301bbf62468b4572",
  "clonedFrom": null,
  "canonical": null,
  "canonicalLink": null
}
