{
  "country": "DE",
  "id": "52580809301bbfd64d8b456f",
  "name": "Marokkanisches Reis Pilaf",
  "seoName": null,
  "category": null,
  "slug": "marokkanisches-reis-pilaf",
  "headline": "mit Hähnchen in Joghurt-Zitronenmarinade verfeinert mit Pistazien und Rosinen",
  "description": "",
  "descriptionHTML": "",
  "descriptionMarkdown": "",
  "seoDescription": null,
  "comment": null,
  "difficulty": 1,
  "prepTime": "PT30M",
  "totalTime": null,
  "servingSize": 0,
  "createdAt": "2013-10-11T14:15:37+00:00",
  "updatedAt": "2016-02-05T11:09:57+00:00",
  "link": "https://hellofresh.com/recipes/52580809301bbfd64d8b456f",
  "imageLink": "https://d3hvwccx09j84u.cloudfront.net/0,0/image/52580809301bbfd64d8b456f.jpg",
  "cardLink": null,
  "videoLink": null,
  "nutrition": [],
  "ingredients": [],
  "allergens": [],
  "utensils": [],
  "tags": [],
  "cuisines": [],
  "wines": [],
  "marketplaceItems": [],
  "author": null,
  "label": null,
  "yieldType": null,
  "yields": [],
  "steps": [],
  "averageRating": 3.2,
  "ratingsCount": 185,
  "favoritesCount": 620,
  "active": true,
  "highlighted": false,
  "isDinnerToLunch": false,
  "isExcludedFromIndex": false,
  "isPremium": false,
  "websiteUrl": "https://www.hellofresh.de/recipes/marokkanisches-reis-pilaf-52580809301bbfd64d8b456f",
  "clonedFrom": null,
  "canonical": null,
  "canonicalLink": null
}
