{
  "country": "DE",
  "id": "525843b4301bbfd64d8b4571",
  "name": "Süßkartoffelrösti gespickt mit Speckwürfeln",
  "seoName": null,
  "category": null,
  "slug": "suszkartoffelrosti-gespickt-mit-speckwurfeln",
  "headline": "dazu „Sweet Chili“-Sauerrahmsoße und grünen Salat",
  "description": "",
  "descriptionHTML": "",
  "descriptionMarkdown": "",
  "seoDescription": null,
  "comment": null,
  "difficulty": 3,
  "prepTime": "PT30M",
  "totalTime": null,
  "servingSize": 0,
  "createdAt": "2013-10-11T18:30:12+00:00",
  "updatedAt": "2016-02-04T11:09:57+00:00",
  "link": "https://hellofresh.com/recipes/525843b4301bbfd64d8b4571",
  "imageLink": "https://d3hvwccx09j84u.cloudfront.net/0,0/image/525843b4301bbfd64d8b4571.jpg",
  "cardLink": null,
  "videoLink": null,
  "nutrition": [],
  "ingredients": [],
  "allergens": [],
  "utensils": [],
  "tags": [],
  "cuisines": [],
  "wines": [],
  "marketplaceItems": [],
  "author": null,
  "label": null,
  "yieldType": null,
  "yields": [],
  "steps": [],
  "averageRating": 3,
  "ratingsCount": 41,
  "favoritesCount": 368,
  "active": true,
  "highlighted": false,
  "isDinnerToLunch": false,
  "isExcludedFromIndex": false,
  "isPremium": false,
  "websiteUrl": "https://www.hellofresh.de/recipes/suszkartoffelrosti-gespickt-mit-speckwurfeln-525843b4301bbfd64d8b4571",
  "clonedFrom": null,
  "canonical": null,
  "canonicalLink": null
}
