{
  "country": "DE",
  "id": "52583e53301bbf63468b4570",
  "name": "Feine Entenbrust auf Zitronen-Thymian-Risotto",
  "seoName": null,
  "category": null,
  "slug": "feine-entenbrust-auf-zitronen-thymian-risotto",
  "headline": "mit Parmesan, Karotten und Champignons",
  "description": "",
  "descriptionHTML": "",
  "descriptionMarkdown": "",
  "seoDescription": null,
  "comment": null,
  "difficulty": 3,
  "prepTime": "PT35M",
  "totalTime": null,
  "servingSize": 0,
  "createdAt": "2013-10-11T18:07:15+00:00",
  "updatedAt": "2016-06-04T16:26:58+00:00",
  "link": "https://hellofresh.com/recipes/52583e53301bbf63468b4570",
  "imageLink": "https://d3hvwccx09j84u.cloudfront.net/0,0/image/52583e53301bbf63468b4570.jpg",
  "cardLink": null,
  "videoLink": null,
  "nutrition": [],
  "ingredients": [],
  "allergens": [],
  "utensils": [],
  "tags": [],
  "cuisines": [],
  "wines": [],
  "marketplaceItems": [],
  "author": null,
  "label": null,
  "yieldType": null,
  "yields": [],
  "steps": [],
  "averageRating": 3.5,
  "ratingsCount": 80,
  "favoritesCount": 729,
  "active": true,
  "highlighted": false,
  "isDinnerToLunch": false,
  "isExcludedFromIndex": false,
  "isPremium": false,
  "websiteUrl": "https://www.hellofresh.de/recipes/feine-entenbrust-auf-zitronen-thymian-risotto-52583e53301bbf63468b4570",
  "clonedFrom": null,
  "canonical": null,
  "canonicalLink": null
}
