{
  "country": "DE",
  "id": "52584144301bbfd64d8b4570",
  "name": "Kross Gebratene Käse-Tortellini ",
  "seoName": null,
  "category": null,
  "slug": "kross-gebratene-kase-tortellini",
  "headline": "mit Crème fraîche-Tomatensoße und frischem Basilikum",
  "description": "",
  "descriptionHTML": "",
  "descriptionMarkdown": null,
  "seoDescription": null,
  "comment": null,
  "difficulty": 1,
  "prepTime": "PT25M",
  "totalTime": null,
  "servingSize": 0,
  "createdAt": "2013-10-11T18:19:48+00:00",
  "updatedAt": "2016-08-13T16:25:55+00:00",
  "link": "https://hellofresh.com/recipes/52584144301bbfd64d8b4570",
  "imageLink": "https://d3hvwccx09j84u.cloudfront.net/0,0/image/52584144301bbfd64d8b4570.jpg",
  "cardLink": null,
  "videoLink": null,
  "nutrition": [],
  "ingredients": [],
  "allergens": [],
  "utensils": [],
  "tags": [],
  "cuisines": [],
  "wines": [],
  "marketplaceItems": [],
  "author": null,
  "label": null,
  "yieldType": null,
  "yields": [],
  "steps": [],
  "averageRating": 3.4,
  "ratingsCount": 81,
  "favoritesCount": 777,
  "active": true,
  "highlighted": false,
  "isDinnerToLunch": false,
  "isExcludedFromIndex": false,
  "isPremium": false,
  "websiteUrl": "https://www.hellofresh.de/recipes/kross-gebratene-kase-tortellini-52584144301bbfd64d8b4570",
  "clonedFrom": null,
  "canonical": null,
  "canonicalLink": null
}
