{
  "country": "DE",
  "id": "525835f8301bbf63468b456f",
  "name": "Brokkolini-Chinakohlpfanne auf Jasminreis ",
  "seoName": null,
  "category": null,
  "slug": "brokkolini-chinakohlpfanne-auf-jasminreis",
  "headline": "verfeinert mit einer 5-Gewürzmischung und krossem Sesam",
  "description": "",
  "descriptionHTML": "",
  "descriptionMarkdown": null,
  "seoDescription": null,
  "comment": null,
  "difficulty": 1,
  "prepTime": "PT20M",
  "totalTime": null,
  "servingSize": 0,
  "createdAt": "2013-10-11T17:31:36+00:00",
  "updatedAt": "2016-06-11T05:41:45+00:00",
  "link": "https://hellofresh.com/recipes/525835f8301bbf63468b456f",
  "imageLink": "https://d3hvwccx09j84u.cloudfront.net/0,0/image/525835f8301bbf63468b456f.jpg",
  "cardLink": null,
  "videoLink": null,
  "nutrition": [],
  "ingredients": [],
  "allergens": [],
  "utensils": [],
  "tags": [],
  "cuisines": [],
  "wines": [],
  "marketplaceItems": [],
  "author": null,
  "label": null,
  "yieldType": null,
  "yields": [],
  "steps": [],
  "averageRating": 3,
  "ratingsCount": 7,
  "favoritesCount": 102,
  "active": true,
  "highlighted": false,
  "isDinnerToLunch": false,
  "isExcludedFromIndex": false,
  "isPremium": false,
  "websiteUrl": "https://www.hellofresh.de/recipes/brokkolini-chinakohlpfanne-auf-jasminreis-525835f8301bbf63468b456f",
  "clonedFrom": null,
  "canonical": null,
  "canonicalLink": null
}
