{
  "country": "DE",
  "id": "52583f94301bbf63468b4571",
  "name": "Schnitzel „Natur“ an Senf-Sahnesoße",
  "seoName": null,
  "category": null,
  "slug": "schnitzel-natur-an-senf-sahnesosze",
  "headline": "dazu Kartoffel-Gurkensalat und grüne Bohnen",
  "description": "",
  "descriptionHTML": "",
  "descriptionMarkdown": null,
  "seoDescription": null,
  "comment": null,
  "difficulty": 1,
  "prepTime": "PT30M",
  "totalTime": null,
  "servingSize": 0,
  "createdAt": "2013-10-11T18:12:36+00:00",
  "updatedAt": "2016-02-04T20:44:50+00:00",
  "link": "https://hellofresh.com/recipes/52583f94301bbf63468b4571",
  "imageLink": "https://d3hvwccx09j84u.cloudfront.net/0,0/image/52583f94301bbf63468b4571.jpg",
  "cardLink": null,
  "videoLink": null,
  "nutrition": [],
  "ingredients": [],
  "allergens": [],
  "utensils": [],
  "tags": [],
  "cuisines": [],
  "wines": [],
  "marketplaceItems": [],
  "author": null,
  "label": null,
  "yieldType": null,
  "yields": [],
  "steps": [],
  "averageRating": 3,
  "ratingsCount": 64,
  "favoritesCount": 480,
  "active": true,
  "highlighted": false,
  "isDinnerToLunch": false,
  "isExcludedFromIndex": false,
  "isPremium": false,
  "websiteUrl": "https://www.hellofresh.de/recipes/schnitzel-natur-an-senf-sahnesosze-52583f94301bbf63468b4571",
  "clonedFrom": null,
  "canonical": null,
  "canonicalLink": null
}
