{
  "country": "DE",
  "id": "525814b9301bbf62468b456e",
  "name": "Zartes Rindersteak in feiner Pfefferkornsoße",
  "seoName": null,
  "category": null,
  "slug": "zartes-rindersteak-in-feiner-pfefferkornsosze",
  "headline": "mit Röstzwiebel-Kartoffelstampf und gedünsteten Stangenbohnen ",
  "description": "",
  "descriptionHTML": "",
  "descriptionMarkdown": "",
  "seoDescription": null,
  "comment": null,
  "difficulty": 3,
  "prepTime": "PT35M",
  "totalTime": null,
  "servingSize": 0,
  "createdAt": "2013-10-11T15:09:45+00:00",
  "updatedAt": "2016-02-04T21:09:24+00:00",
  "link": "https://hellofresh.com/recipes/525814b9301bbf62468b456e",
  "imageLink": "https://d3hvwccx09j84u.cloudfront.net/0,0/image/525814b9301bbf62468b456e.jpg",
  "cardLink": null,
  "videoLink": null,
  "nutrition": [],
  "ingredients": [],
  "allergens": [],
  "utensils": [],
  "tags": [],
  "cuisines": [],
  "wines": [],
  "marketplaceItems": [],
  "author": null,
  "label": null,
  "yieldType": null,
  "yields": [],
  "steps": [],
  "averageRating": 3.5,
  "ratingsCount": 180,
  "favoritesCount": 909,
  "active": true,
  "highlighted": false,
  "isDinnerToLunch": false,
  "isExcludedFromIndex": false,
  "isPremium": false,
  "websiteUrl": "https://www.hellofresh.de/recipes/zartes-rindersteak-in-feiner-pfefferkornsosze-525814b9301bbf62468b456e",
  "clonedFrom": null,
  "canonical": null,
  "canonicalLink": null
}
