{
  "country": "DE",
  "id": "52582204301bbf62468b4571",
  "name": "Feine Prosciutto-Kirschtomaten-Tarte",
  "seoName": null,
  "category": null,
  "slug": "feine-prosciutto-kirschtomaten-tarte",
  "headline": "mit Ricotta und frischem Basilikum ",
  "description": "",
  "descriptionHTML": "",
  "descriptionMarkdown": "",
  "seoDescription": null,
  "comment": null,
  "difficulty": 1,
  "prepTime": "PT30M",
  "totalTime": null,
  "servingSize": 0,
  "createdAt": "2013-10-11T16:06:28+00:00",
  "updatedAt": "2016-10-09T06:48:53+00:00",
  "link": "https://hellofresh.com/recipes/52582204301bbf62468b4571",
  "imageLink": "https://d3hvwccx09j84u.cloudfront.net/0,0/image/52582204301bbf62468b4571.jpg",
  "cardLink": null,
  "videoLink": null,
  "nutrition": [],
  "ingredients": [],
  "allergens": [],
  "utensils": [],
  "tags": [],
  "cuisines": [],
  "wines": [],
  "marketplaceItems": [],
  "author": null,
  "label": null,
  "yieldType": null,
  "yields": [],
  "steps": [],
  "averageRating": 3.1,
  "ratingsCount": 47,
  "favoritesCount": 288,
  "active": true,
  "highlighted": false,
  "isDinnerToLunch": false,
  "isExcludedFromIndex": false,
  "isPremium": false,
  "websiteUrl": "https://www.hellofresh.de/recipes/feine-prosciutto-kirschtomaten-tarte-52582204301bbf62468b4571",
  "clonedFrom": null,
  "canonical": null,
  "canonicalLink": null
}
