{
  "country": "DE",
  "id": "52582dbc301bbf62468b4573",
  "name": "Bunter lauwarmer Quinoa-Salat",
  "seoName": null,
  "category": null,
  "slug": "bunter-lauwarmer-quinoa-salat",
  "headline": "mit geröstetem Blumenkohl und Feta ",
  "description": "",
  "descriptionHTML": "",
  "descriptionMarkdown": "",
  "seoDescription": null,
  "comment": null,
  "difficulty": 2,
  "prepTime": "PT25M",
  "totalTime": null,
  "servingSize": 0,
  "createdAt": "2013-10-11T16:56:28+00:00",
  "updatedAt": "2016-02-04T15:24:41+00:00",
  "link": "https://hellofresh.com/recipes/52582dbc301bbf62468b4573",
  "imageLink": "https://d3hvwccx09j84u.cloudfront.net/0,0/image/52582dbc301bbf62468b4573.jpg",
  "cardLink": null,
  "videoLink": null,
  "nutrition": [],
  "ingredients": [],
  "allergens": [],
  "utensils": [],
  "tags": [],
  "cuisines": [],
  "wines": [],
  "marketplaceItems": [],
  "author": null,
  "label": null,
  "yieldType": null,
  "yields": [],
  "steps": [],
  "averageRating": 3.4,
  "ratingsCount": 11,
  "favoritesCount": 137,
  "active": true,
  "highlighted": false,
  "isDinnerToLunch": false,
  "isExcludedFromIndex": false,
  "isPremium": false,
  "websiteUrl": "https://www.hellofresh.de/recipes/bunter-lauwarmer-quinoa-salat-52582dbc301bbf62468b4573",
  "clonedFrom": null,
  "canonical": null,
  "canonicalLink": null
}
