{
  "country": "DE",
  "id": "5258429d301bbf62468b4574",
  "name": "Türkische „Pide“ Pizza ",
  "seoName": null,
  "category": null,
  "slug": "turkische-pide-pizza",
  "headline": "verfeinert mit Spinat, Feta, Paprika und roten Zwiebeln",
  "description": "",
  "descriptionHTML": "",
  "descriptionMarkdown": "",
  "seoDescription": null,
  "comment": null,
  "difficulty": 3,
  "prepTime": "PT30M",
  "totalTime": null,
  "servingSize": 0,
  "createdAt": "2013-10-11T18:25:33+00:00",
  "updatedAt": "2016-05-16T13:15:37+00:00",
  "link": "https://hellofresh.com/recipes/5258429d301bbf62468b4574",
  "imageLink": "https://d3hvwccx09j84u.cloudfront.net/0,0/image/5258429d301bbf62468b4574.jpg",
  "cardLink": null,
  "videoLink": null,
  "nutrition": [],
  "ingredients": [],
  "allergens": [],
  "utensils": [],
  "tags": [],
  "cuisines": [],
  "wines": [],
  "marketplaceItems": [],
  "author": null,
  "label": null,
  "yieldType": null,
  "yields": [],
  "steps": [],
  "averageRating": 2.8,
  "ratingsCount": 65,
  "favoritesCount": 339,
  "active": true,
  "highlighted": false,
  "isDinnerToLunch": false,
  "isExcludedFromIndex": false,
  "isPremium": false,
  "websiteUrl": "https://www.hellofresh.de/recipes/turkische-pide-pizza-5258429d301bbf62468b4574",
  "clonedFrom": null,
  "canonical": null,
  "canonicalLink": null
}
