{
  "country": "DE",
  "id": "52584856301bbf62468b4575",
  "name": "Marokkanisch Gewürzter Gemüseeintopf ",
  "seoName": null,
  "category": null,
  "slug": "marokkanisch-gewurzter-gemuseeintopf",
  "headline": "mit Rosinen-Couscous und Kichererbsen ",
  "description": "",
  "descriptionHTML": "",
  "descriptionMarkdown": null,
  "seoDescription": null,
  "comment": null,
  "difficulty": 1,
  "prepTime": "PT35M",
  "totalTime": null,
  "servingSize": 0,
  "createdAt": "2013-10-11T18:49:58+00:00",
  "updatedAt": "2016-02-04T15:24:12+00:00",
  "link": "https://hellofresh.com/recipes/52584856301bbf62468b4575",
  "imageLink": "https://d3hvwccx09j84u.cloudfront.net/0,0/image/52584856301bbf62468b4575.jpg",
  "cardLink": null,
  "videoLink": null,
  "nutrition": [],
  "ingredients": [],
  "allergens": [],
  "utensils": [],
  "tags": [],
  "cuisines": [],
  "wines": [],
  "marketplaceItems": [],
  "author": null,
  "label": null,
  "yieldType": null,
  "yields": [],
  "steps": [],
  "averageRating": 3.7,
  "ratingsCount": 11,
  "favoritesCount": 136,
  "active": true,
  "highlighted": false,
  "isDinnerToLunch": false,
  "isExcludedFromIndex": false,
  "isPremium": false,
  "websiteUrl": "https://www.hellofresh.de/recipes/marokkanisch-gewurzter-gemuseeintopf-52584856301bbf62468b4575",
  "clonedFrom": null,
  "canonical": null,
  "canonicalLink": null
}
