{
  "country": "DE",
  "id": "5258454d301bbf63468b4572",
  "name": "Pikante Schwarze-Bohnen-Burger",
  "seoName": null,
  "category": null,
  "slug": "pikante-schwarze-bohnen-burger",
  "headline": "mit knusprigen Kartoffel-Wedges und Zitronen-Mayonnaise",
  "description": "",
  "descriptionHTML": "",
  "descriptionMarkdown": null,
  "seoDescription": null,
  "comment": null,
  "difficulty": 1,
  "prepTime": "PT30M",
  "totalTime": null,
  "servingSize": 0,
  "createdAt": "2013-10-11T18:37:01+00:00",
  "updatedAt": "2016-02-05T13:22:54+00:00",
  "link": "https://hellofresh.com/recipes/5258454d301bbf63468b4572",
  "imageLink": "https://d3hvwccx09j84u.cloudfront.net/0,0/image/5258454d301bbf63468b4572.jpg",
  "cardLink": null,
  "videoLink": null,
  "nutrition": [],
  "ingredients": [],
  "allergens": [],
  "utensils": [],
  "tags": [],
  "cuisines": [],
  "wines": [],
  "marketplaceItems": [],
  "author": null,
  "label": null,
  "yieldType": null,
  "yields": [],
  "steps": [],
  "averageRating": 3.7,
  "ratingsCount": 9,
  "favoritesCount": 100,
  "active": true,
  "highlighted": false,
  "isDinnerToLunch": false,
  "isExcludedFromIndex": false,
  "isPremium": false,
  "websiteUrl": "https://www.hellofresh.de/recipes/pikante-schwarze-bohnen-burger-5258454d301bbf63468b4572",
  "clonedFrom": null,
  "canonical": null,
  "canonicalLink": null
}
