{
  "country": "DE",
  "id": "52584685301bbfd64d8b4572",
  "name": "Asiatische Pak Choi-Tofu-Pfanne ",
  "seoName": null,
  "category": null,
  "slug": "asiatische-pak-choi-tofu-pfanne",
  "headline": "mit Hoisin-Sauce und Jasminreis ",
  "description": "",
  "descriptionHTML": "",
  "descriptionMarkdown": null,
  "seoDescription": null,
  "comment": null,
  "difficulty": 1,
  "prepTime": "PT25M",
  "totalTime": null,
  "servingSize": 0,
  "createdAt": "2013-10-11T18:42:13+00:00",
  "updatedAt": "2016-02-04T15:25:01+00:00",
  "link": "https://hellofresh.com/recipes/52584685301bbfd64d8b4572",
  "imageLink": "https://d3hvwccx09j84u.cloudfront.net/0,0/image/52584685301bbfd64d8b4572.jpg",
  "cardLink": null,
  "videoLink": null,
  "nutrition": [],
  "ingredients": [],
  "allergens": [],
  "utensils": [],
  "tags": [],
  "cuisines": [],
  "wines": [],
  "marketplaceItems": [],
  "author": null,
  "label": null,
  "yieldType": null,
  "yields": [],
  "steps": [],
  "averageRating": 2.9,
  "ratingsCount": 12,
  "favoritesCount": 81,
  "active": true,
  "highlighted": false,
  "isDinnerToLunch": false,
  "isExcludedFromIndex": false,
  "isPremium": false,
  "websiteUrl": "https://www.hellofresh.de/recipes/asiatische-pak-choi-tofu-pfanne-52584685301bbfd64d8b4572",
  "clonedFrom": null,
  "canonical": null,
  "canonicalLink": null
}
