{
  "country": "DE",
  "id": "5258202f301bbf62468b4570",
  "name": "Knusprige Paprika-Quesadillas",
  "seoName": null,
  "category": null,
  "slug": "knusprige-paprika-quesadillas",
  "headline": "serviert mit Schmand und selbstgemachter Tomatensalsa ",
  "description": "",
  "descriptionHTML": "",
  "descriptionMarkdown": "",
  "seoDescription": null,
  "comment": null,
  "difficulty": 2,
  "prepTime": "PT30M",
  "totalTime": null,
  "servingSize": 0,
  "createdAt": "2013-10-11T15:58:39+00:00",
  "updatedAt": "2016-08-13T16:25:36+00:00",
  "link": "https://hellofresh.com/recipes/5258202f301bbf62468b4570",
  "imageLink": "https://d3hvwccx09j84u.cloudfront.net/0,0/image/5258202f301bbf62468b4570.jpg",
  "cardLink": null,
  "videoLink": null,
  "nutrition": [],
  "ingredients": [],
  "allergens": [],
  "utensils": [],
  "tags": [],
  "cuisines": [],
  "wines": [],
  "marketplaceItems": [],
  "author": null,
  "label": null,
  "yieldType": null,
  "yields": [],
  "steps": [],
  "averageRating": 3.4,
  "ratingsCount": 69,
  "favoritesCount": 498,
  "active": true,
  "highlighted": false,
  "isDinnerToLunch": false,
  "isExcludedFromIndex": false,
  "isPremium": false,
  "websiteUrl": "https://www.hellofresh.de/recipes/knusprige-paprika-quesadillas-5258202f301bbf62468b4570",
  "clonedFrom": null,
  "canonical": null,
  "canonicalLink": null
}
