{
  "country": "DE",
  "id": "52581eb9301bbf62468b456f",
  "name": "Fusilli-Bucatini-Kürbis-Pasta",
  "seoName": null,
  "category": null,
  "slug": "fusilli-bucatini-kurbis-pasta",
  "headline": "mit Salbei, Mozzarella und Pecorino",
  "description": "",
  "descriptionHTML": "",
  "descriptionMarkdown": "",
  "seoDescription": null,
  "comment": null,
  "difficulty": 1,
  "prepTime": "PT30M",
  "totalTime": null,
  "servingSize": 0,
  "createdAt": "2013-10-11T15:52:25+00:00",
  "updatedAt": "2016-02-04T20:44:31+00:00",
  "link": "https://hellofresh.com/recipes/52581eb9301bbf62468b456f",
  "imageLink": "https://d3hvwccx09j84u.cloudfront.net/0,0/image/52581eb9301bbf62468b456f.jpg",
  "cardLink": null,
  "videoLink": null,
  "nutrition": [],
  "ingredients": [],
  "allergens": [],
  "utensils": [],
  "tags": [],
  "cuisines": [],
  "wines": [],
  "marketplaceItems": [],
  "author": null,
  "label": null,
  "yieldType": null,
  "yields": [],
  "steps": [],
  "averageRating": 3.1,
  "ratingsCount": 80,
  "favoritesCount": 384,
  "active": true,
  "highlighted": false,
  "isDinnerToLunch": false,
  "isExcludedFromIndex": false,
  "isPremium": false,
  "websiteUrl": "https://www.hellofresh.de/recipes/fusilli-bucatini-kurbis-pasta-52581eb9301bbf62468b456f",
  "clonedFrom": null,
  "canonical": null,
  "canonicalLink": null
}
