{
  "country": "DE",
  "id": "525bb2dd301bbf68688b4568",
  "name": "Mit Gouda, Bacon und Tomaten Gefüllte Putenbrust",
  "seoName": null,
  "category": null,
  "slug": "mit-gouda-bacon-und-tomaten-gefullte-putenbrust",
  "headline": "dazu Quetsch-Drillinge und grünen Salat ",
  "description": "",
  "descriptionHTML": "",
  "descriptionMarkdown": null,
  "seoDescription": null,
  "comment": null,
  "difficulty": 2,
  "prepTime": "PT30M",
  "totalTime": null,
  "servingSize": 0,
  "createdAt": "2013-10-14T09:01:17+00:00",
  "updatedAt": "2016-07-18T13:55:41+00:00",
  "link": "https://hellofresh.com/recipes/525bb2dd301bbf68688b4568",
  "imageLink": "https://d3hvwccx09j84u.cloudfront.net/0,0/image/525bb2dd301bbf68688b4568.jpg",
  "cardLink": null,
  "videoLink": null,
  "nutrition": [],
  "ingredients": [],
  "allergens": [],
  "utensils": [],
  "tags": [],
  "cuisines": [],
  "wines": [],
  "marketplaceItems": [],
  "author": null,
  "label": null,
  "yieldType": null,
  "yields": [],
  "steps": [],
  "averageRating": 3.5,
  "ratingsCount": 33,
  "favoritesCount": 287,
  "active": true,
  "highlighted": false,
  "isDinnerToLunch": false,
  "isExcludedFromIndex": false,
  "isPremium": false,
  "websiteUrl": "https://www.hellofresh.de/recipes/mit-gouda-bacon-und-tomaten-gefullte-putenbrust-525bb2dd301bbf68688b4568",
  "clonedFrom": null,
  "canonical": null,
  "canonicalLink": null
}
