{
  "country": "DE",
  "id": "525bb604301bbf68688b456a",
  "name": "Thailändische Rinderfilet-Wraps",
  "seoName": null,
  "category": null,
  "slug": "thailandische-rinderfilet-wraps",
  "headline": "mit selbstgemachter Satay-Soße, Gurkenstreifen und Limettenspalten",
  "description": "",
  "descriptionHTML": "",
  "descriptionMarkdown": "",
  "seoDescription": null,
  "comment": null,
  "difficulty": 3,
  "prepTime": "PT30M",
  "totalTime": null,
  "servingSize": 0,
  "createdAt": "2013-10-14T09:14:44+00:00",
  "updatedAt": "2016-05-21T14:58:00+00:00",
  "link": "https://hellofresh.com/recipes/525bb604301bbf68688b456a",
  "imageLink": "https://d3hvwccx09j84u.cloudfront.net/0,0/image/525bb604301bbf68688b456a.jpg",
  "cardLink": null,
  "videoLink": null,
  "nutrition": [],
  "ingredients": [],
  "allergens": [],
  "utensils": [],
  "tags": [],
  "cuisines": [],
  "wines": [],
  "marketplaceItems": [],
  "author": null,
  "label": null,
  "yieldType": null,
  "yields": [],
  "steps": [],
  "averageRating": 3.6,
  "ratingsCount": 28,
  "favoritesCount": 218,
  "active": true,
  "highlighted": false,
  "isDinnerToLunch": false,
  "isExcludedFromIndex": false,
  "isPremium": false,
  "websiteUrl": "https://www.hellofresh.de/recipes/thailandische-rinderfilet-wraps-525bb604301bbf68688b456a",
  "clonedFrom": null,
  "canonical": null,
  "canonicalLink": null
}
