{
  "country": "DE",
  "id": "525be0d5301bbf68688b456d",
  "name": "Spitzkohl-Schupfnudel-Auflauf ",
  "seoName": null,
  "category": null,
  "slug": "spitzkohl-schupfnudel-auflauf",
  "headline": "mit Crème fraîche, Muskat und Gouda  ",
  "description": "",
  "descriptionHTML": "",
  "descriptionMarkdown": null,
  "seoDescription": null,
  "comment": null,
  "difficulty": 2,
  "prepTime": "PT30M",
  "totalTime": null,
  "servingSize": 0,
  "createdAt": "2013-10-14T12:17:25+00:00",
  "updatedAt": "2016-08-13T16:26:11+00:00",
  "link": "https://hellofresh.com/recipes/525be0d5301bbf68688b456d",
  "imageLink": "https://d3hvwccx09j84u.cloudfront.net/0,0/image/525be0d5301bbf68688b456d.jpg",
  "cardLink": null,
  "videoLink": null,
  "nutrition": [],
  "ingredients": [],
  "allergens": [],
  "utensils": [],
  "tags": [],
  "cuisines": [],
  "wines": [],
  "marketplaceItems": [],
  "author": null,
  "label": null,
  "yieldType": null,
  "yields": [],
  "steps": [],
  "averageRating": 2.9,
  "ratingsCount": 16,
  "favoritesCount": 179,
  "active": true,
  "highlighted": false,
  "isDinnerToLunch": false,
  "isExcludedFromIndex": false,
  "isPremium": false,
  "websiteUrl": "https://www.hellofresh.de/recipes/spitzkohl-schupfnudel-auflauf-525be0d5301bbf68688b456d",
  "clonedFrom": null,
  "canonical": null,
  "canonicalLink": null
}
