{
  "country": "DE",
  "id": "525bbd55301bbfd64d8b4575",
  "name": "Gnocchi in feiner Tomatensoße",
  "seoName": null,
  "category": null,
  "slug": "gnocchi-in-feiner-tomatensosze",
  "headline": "überbacken mit Mozzarella, serviert mit frischem Basilikum  ",
  "description": "",
  "descriptionHTML": "",
  "descriptionMarkdown": "",
  "seoDescription": null,
  "comment": null,
  "difficulty": 1,
  "prepTime": "PT30M",
  "totalTime": null,
  "servingSize": 0,
  "createdAt": "2013-10-14T09:45:57+00:00",
  "updatedAt": "2016-08-13T17:04:29+00:00",
  "link": "https://hellofresh.com/recipes/525bbd55301bbfd64d8b4575",
  "imageLink": "https://d3hvwccx09j84u.cloudfront.net/0,0/image/525bbd55301bbfd64d8b4575.jpg",
  "cardLink": null,
  "videoLink": null,
  "nutrition": [],
  "ingredients": [],
  "allergens": [],
  "utensils": [],
  "tags": [],
  "cuisines": [],
  "wines": [],
  "marketplaceItems": [],
  "author": null,
  "label": null,
  "yieldType": null,
  "yields": [],
  "steps": [],
  "averageRating": 3.6,
  "ratingsCount": 29,
  "favoritesCount": 253,
  "active": true,
  "highlighted": false,
  "isDinnerToLunch": false,
  "isExcludedFromIndex": false,
  "isPremium": false,
  "websiteUrl": "https://www.hellofresh.de/recipes/gnocchi-in-feiner-tomatensosze-525bbd55301bbfd64d8b4575",
  "clonedFrom": null,
  "canonical": null,
  "canonicalLink": null
}
