{
  "country": "DE",
  "id": "525bcf6a301bbf68688b456b",
  "name": "Indischer Madras-Kartoffelcurry ",
  "seoName": null,
  "category": null,
  "slug": "indischer-madras-kartoffelcurry",
  "headline": "mit grünen Bohnen in cremiger Soße dazu Naanbrot ",
  "description": "",
  "descriptionHTML": "",
  "descriptionMarkdown": "",
  "seoDescription": null,
  "comment": null,
  "difficulty": 1,
  "prepTime": "PT20M",
  "totalTime": null,
  "servingSize": 0,
  "createdAt": "2013-10-14T11:03:06+00:00",
  "updatedAt": "2016-02-07T17:10:22+00:00",
  "link": "https://hellofresh.com/recipes/525bcf6a301bbf68688b456b",
  "imageLink": "https://d3hvwccx09j84u.cloudfront.net/0,0/image/525bcf6a301bbf68688b456b.jpg",
  "cardLink": null,
  "videoLink": null,
  "nutrition": [],
  "ingredients": [],
  "allergens": [],
  "utensils": [],
  "tags": [],
  "cuisines": [],
  "wines": [],
  "marketplaceItems": [],
  "author": null,
  "label": null,
  "yieldType": null,
  "yields": [],
  "steps": [],
  "averageRating": 3.6,
  "ratingsCount": 5,
  "favoritesCount": 59,
  "active": true,
  "highlighted": false,
  "isDinnerToLunch": false,
  "isExcludedFromIndex": false,
  "isPremium": false,
  "websiteUrl": "https://www.hellofresh.de/recipes/indischer-madras-kartoffelcurry-525bcf6a301bbf68688b456b",
  "clonedFrom": null,
  "canonical": null,
  "canonicalLink": null
}
