{
  "country": "DE",
  "id": "525bdfd0301bbf63468b4578",
  "name": "Herbstliche Knollensellerie-Porree-Suppe ",
  "seoName": null,
  "category": null,
  "slug": "herbstliche-knollensellerie-porree-suppe",
  "headline": "verfeinert mit Sahne, Kürbiskernen dazu Kräuterbutter-Baguette",
  "description": "",
  "descriptionHTML": "",
  "descriptionMarkdown": null,
  "seoDescription": null,
  "comment": null,
  "difficulty": 2,
  "prepTime": "PT25M",
  "totalTime": null,
  "servingSize": 0,
  "createdAt": "2013-10-14T12:13:04+00:00",
  "updatedAt": "2016-01-15T18:50:59+00:00",
  "link": "https://hellofresh.com/recipes/525bdfd0301bbf63468b4578",
  "imageLink": null,
  "cardLink": null,
  "videoLink": null,
  "nutrition": [],
  "ingredients": [],
  "allergens": [],
  "utensils": [],
  "tags": [],
  "cuisines": [],
  "wines": [],
  "marketplaceItems": [],
  "author": null,
  "label": null,
  "yieldType": null,
  "yields": [],
  "steps": [],
  "averageRating": 3.6,
  "ratingsCount": 14,
  "favoritesCount": 111,
  "active": false,
  "highlighted": false,
  "isDinnerToLunch": false,
  "isExcludedFromIndex": false,
  "isPremium": false,
  "websiteUrl": "https://www.hellofresh.de/recipes/herbstliche-knollensellerie-porree-suppe-525bdfd0301bbf63468b4578",
  "clonedFrom": null,
  "canonical": null,
  "canonicalLink": null
}
