{
  "country": "DE",
  "id": "525bc8f0301bbf63468b4576",
  "name": "Mexikanischer Kidneybohnen-Reis ",
  "seoName": null,
  "category": null,
  "slug": "mexikanischer-kidneybohnen-reis",
  "headline": "mit Cheddar, Schmand und Paprika",
  "description": "",
  "descriptionHTML": "",
  "descriptionMarkdown": "",
  "seoDescription": null,
  "comment": null,
  "difficulty": 2,
  "prepTime": "PT25M",
  "totalTime": null,
  "servingSize": 0,
  "createdAt": "2013-10-14T10:35:28+00:00",
  "updatedAt": "2015-12-03T17:27:43+00:00",
  "link": "https://hellofresh.com/recipes/525bc8f0301bbf63468b4576",
  "imageLink": "https://d3hvwccx09j84u.cloudfront.net/0,0/image/525bc8f0301bbf63468b4576.jpg",
  "cardLink": null,
  "videoLink": null,
  "nutrition": [],
  "ingredients": [],
  "allergens": [],
  "utensils": [],
  "tags": [],
  "cuisines": [],
  "wines": [],
  "marketplaceItems": [],
  "author": null,
  "label": null,
  "yieldType": null,
  "yields": [],
  "steps": [],
  "averageRating": 4,
  "ratingsCount": 2,
  "favoritesCount": 31,
  "active": true,
  "highlighted": false,
  "isDinnerToLunch": false,
  "isExcludedFromIndex": false,
  "isPremium": false,
  "websiteUrl": "https://www.hellofresh.de/recipes/mexikanischer-kidneybohnen-reis-525bc8f0301bbf63468b4576",
  "clonedFrom": null,
  "canonical": null,
  "canonicalLink": null
}
