{
  "country": "DE",
  "id": "525be2e5301bbf63468b4579",
  "name": "Knusprig-Pikante Polenta-Ecken ",
  "seoName": null,
  "category": null,
  "slug": "knusprig-pikante-polenta-ecken",
  "headline": "mit Speckstreifen, Chiliflocken und feinem Ofen-Gemüse ",
  "description": "",
  "descriptionHTML": "",
  "descriptionMarkdown": null,
  "seoDescription": null,
  "comment": null,
  "difficulty": 2,
  "prepTime": "PT30M",
  "totalTime": null,
  "servingSize": 0,
  "createdAt": "2013-10-14T12:26:13+00:00",
  "updatedAt": "2016-07-18T13:55:53+00:00",
  "link": "https://hellofresh.com/recipes/525be2e5301bbf63468b4579",
  "imageLink": "https://d3hvwccx09j84u.cloudfront.net/0,0/image/525be2e5301bbf63468b4579.jpg",
  "cardLink": null,
  "videoLink": null,
  "nutrition": [],
  "ingredients": [],
  "allergens": [],
  "utensils": [],
  "tags": [],
  "cuisines": [],
  "wines": [],
  "marketplaceItems": [],
  "author": null,
  "label": null,
  "yieldType": null,
  "yields": [],
  "steps": [],
  "averageRating": 2.4,
  "ratingsCount": 11,
  "favoritesCount": 113,
  "active": true,
  "highlighted": false,
  "isDinnerToLunch": false,
  "isExcludedFromIndex": false,
  "isPremium": false,
  "websiteUrl": "https://www.hellofresh.de/recipes/knusprig-pikante-polenta-ecken-525be2e5301bbf63468b4579",
  "clonedFrom": null,
  "canonical": null,
  "canonicalLink": null
}
