{
  "country": "DE",
  "id": "525bc38f301bbfd64d8b4576",
  "name": "Gegrillter Pfannenkäse auf buntem Tabouleh",
  "seoName": null,
  "category": null,
  "slug": "gegrillter-pfannenkase-auf-buntem-tabouleh",
  "headline": "mit Granatapfel, Minze und Cashewkernen",
  "description": "",
  "descriptionHTML": "",
  "descriptionMarkdown": "",
  "seoDescription": null,
  "comment": null,
  "difficulty": 2,
  "prepTime": "PT30M",
  "totalTime": null,
  "servingSize": 0,
  "createdAt": "2013-10-14T10:12:31+00:00",
  "updatedAt": "2016-08-13T16:26:08+00:00",
  "link": "https://hellofresh.com/recipes/525bc38f301bbfd64d8b4576",
  "imageLink": "https://d3hvwccx09j84u.cloudfront.net/0,0/image/525bc38f301bbfd64d8b4576.jpg",
  "cardLink": null,
  "videoLink": null,
  "nutrition": [],
  "ingredients": [],
  "allergens": [],
  "utensils": [],
  "tags": [],
  "cuisines": [],
  "wines": [],
  "marketplaceItems": [],
  "author": null,
  "label": null,
  "yieldType": null,
  "yields": [],
  "steps": [],
  "averageRating": 3,
  "ratingsCount": 22,
  "favoritesCount": 201,
  "active": true,
  "highlighted": false,
  "isDinnerToLunch": false,
  "isExcludedFromIndex": false,
  "isPremium": false,
  "websiteUrl": "https://www.hellofresh.de/recipes/gegrillter-pfannenkase-auf-buntem-tabouleh-525bc38f301bbfd64d8b4576",
  "clonedFrom": null,
  "canonical": null,
  "canonicalLink": null
}
