{
  "country": "DE",
  "id": "525bda59301bbf68688b456c",
  "name": "Glasiertes Rosmarin-Schweinefilet ",
  "seoName": null,
  "category": null,
  "slug": "glasiertes-rosmarin-schweinefilet",
  "headline": "mit cremigem Frühlingszwiebel-Kartoffelpüree und Brokkolini",
  "description": "",
  "descriptionHTML": "",
  "descriptionMarkdown": "",
  "seoDescription": null,
  "comment": null,
  "difficulty": 2,
  "prepTime": "PT25M",
  "totalTime": null,
  "servingSize": 0,
  "createdAt": "2013-10-14T11:49:45+00:00",
  "updatedAt": "2016-07-24T21:40:33+00:00",
  "link": "https://hellofresh.com/recipes/525bda59301bbf68688b456c",
  "imageLink": "https://d3hvwccx09j84u.cloudfront.net/0,0/image/525bda59301bbf68688b456c.jpg",
  "cardLink": null,
  "videoLink": null,
  "nutrition": [],
  "ingredients": [],
  "allergens": [],
  "utensils": [],
  "tags": [],
  "cuisines": [],
  "wines": [],
  "marketplaceItems": [],
  "author": null,
  "label": null,
  "yieldType": null,
  "yields": [],
  "steps": [],
  "averageRating": 3.6,
  "ratingsCount": 28,
  "favoritesCount": 240,
  "active": true,
  "highlighted": false,
  "isDinnerToLunch": false,
  "isExcludedFromIndex": false,
  "isPremium": false,
  "websiteUrl": "https://www.hellofresh.de/recipes/glasiertes-rosmarin-schweinefilet-525bda59301bbf68688b456c",
  "clonedFrom": null,
  "canonical": "525bda59301bbf68688b456c",
  "canonicalLink": "https://www.hellofresh.de/recipes/glasiertes-rosmarin-schweinefilet-525bda59301bbf68688b456c"
}
