{
  "country": "DE",
  "id": "525bc77e301bbfd64d8b4577",
  "name": "Libanesische Kürbis-Fladenbrot-Wraps",
  "seoName": null,
  "category": null,
  "slug": "libanesische-kurbis-fladenbrot-wraps",
  "headline": "mit Gurken-Joghurtsoße und Zitronenspalten",
  "description": "",
  "descriptionHTML": "",
  "descriptionMarkdown": "",
  "seoDescription": null,
  "comment": null,
  "difficulty": 2,
  "prepTime": "PT35M",
  "totalTime": null,
  "servingSize": 0,
  "createdAt": "2013-10-14T10:29:18+00:00",
  "updatedAt": "2016-01-24T14:25:00+00:00",
  "link": "https://hellofresh.com/recipes/525bc77e301bbfd64d8b4577",
  "imageLink": "https://d3hvwccx09j84u.cloudfront.net/0,0/image/525bc77e301bbfd64d8b4577.jpg",
  "cardLink": null,
  "videoLink": null,
  "nutrition": [],
  "ingredients": [],
  "allergens": [],
  "utensils": [],
  "tags": [],
  "cuisines": [],
  "wines": [],
  "marketplaceItems": [],
  "author": null,
  "label": null,
  "yieldType": null,
  "yields": [],
  "steps": [],
  "averageRating": 4,
  "ratingsCount": 2,
  "favoritesCount": 36,
  "active": true,
  "highlighted": false,
  "isDinnerToLunch": false,
  "isExcludedFromIndex": false,
  "isPremium": false,
  "websiteUrl": "https://www.hellofresh.de/recipes/libanesische-kurbis-fladenbrot-wraps-525bc77e301bbfd64d8b4577",
  "clonedFrom": null,
  "canonical": null,
  "canonicalLink": null
}
