{
  "country": "DE",
  "id": "525bc517301bbf63468b4575",
  "name": "Cremige Räucherlachs-Farfalle",
  "seoName": null,
  "category": null,
  "slug": "cremige-raucherlachs-farfalle",
  "headline": "verfeinert mit Dill und Frühlingszwiebeln",
  "description": "",
  "descriptionHTML": "",
  "descriptionMarkdown": null,
  "seoDescription": null,
  "comment": null,
  "difficulty": 2,
  "prepTime": "PT30M",
  "totalTime": null,
  "servingSize": 0,
  "createdAt": "2013-10-14T10:19:03+00:00",
  "updatedAt": "2016-07-18T13:55:48+00:00",
  "link": "https://hellofresh.com/recipes/525bc517301bbf63468b4575",
  "imageLink": "https://d3hvwccx09j84u.cloudfront.net/0,0/image/525bc517301bbf63468b4575.jpg",
  "cardLink": null,
  "videoLink": null,
  "nutrition": [],
  "ingredients": [],
  "allergens": [],
  "utensils": [],
  "tags": [],
  "cuisines": [],
  "wines": [],
  "marketplaceItems": [],
  "author": null,
  "label": null,
  "yieldType": null,
  "yields": [],
  "steps": [],
  "averageRating": 3.1,
  "ratingsCount": 27,
  "favoritesCount": 236,
  "active": true,
  "highlighted": false,
  "isDinnerToLunch": false,
  "isExcludedFromIndex": false,
  "isPremium": false,
  "websiteUrl": "https://www.hellofresh.de/recipes/cremige-raucherlachs-farfalle-525bc517301bbf63468b4575",
  "clonedFrom": null,
  "canonical": null,
  "canonicalLink": null
}
