{
  "country": "DE",
  "id": "525cebe3301bbf2a038b4567",
  "name": "Sizilianische Auberginen-Tomaten-Pasta ",
  "seoName": null,
  "category": null,
  "slug": "sizilianische-auberginen-tomaten-pasta",
  "headline": "garniert mit Zitronen-Ricotta",
  "description": "",
  "descriptionHTML": "",
  "descriptionMarkdown": "",
  "seoDescription": null,
  "comment": null,
  "difficulty": 2,
  "prepTime": "PT25M",
  "totalTime": null,
  "servingSize": 0,
  "createdAt": "2013-10-15T07:16:51+00:00",
  "updatedAt": "2015-12-21T21:10:01+00:00",
  "link": "https://hellofresh.com/recipes/525cebe3301bbf2a038b4567",
  "imageLink": "https://d3hvwccx09j84u.cloudfront.net/0,0/image/525cebe3301bbf2a038b4567.jpg",
  "cardLink": null,
  "videoLink": null,
  "nutrition": [],
  "ingredients": [],
  "allergens": [],
  "utensils": [],
  "tags": [],
  "cuisines": [],
  "wines": [],
  "marketplaceItems": [],
  "author": null,
  "label": null,
  "yieldType": null,
  "yields": [],
  "steps": [],
  "averageRating": 4.3,
  "ratingsCount": 4,
  "favoritesCount": 28,
  "active": true,
  "highlighted": false,
  "isDinnerToLunch": false,
  "isExcludedFromIndex": false,
  "isPremium": false,
  "websiteUrl": "https://www.hellofresh.de/recipes/sizilianische-auberginen-tomaten-pasta-525cebe3301bbf2a038b4567",
  "clonedFrom": null,
  "canonical": null,
  "canonicalLink": null
}
