{
  "country": "DE",
  "id": "525ceb0e301bbf2b038b4567",
  "name": "Ofenkartoffeln mit würziger Frischkäse-Tofu-Füllung",
  "seoName": null,
  "category": null,
  "slug": "ofenkartoffeln-mit-wurziger-frischkase-tofu-fullung",
  "headline": "dazu grünen Salat",
  "description": "",
  "descriptionHTML": "",
  "descriptionMarkdown": "",
  "seoDescription": null,
  "comment": null,
  "difficulty": 2,
  "prepTime": "PT30M",
  "totalTime": null,
  "servingSize": 0,
  "createdAt": "2013-10-15T07:13:18+00:00",
  "updatedAt": "2016-02-05T13:23:32+00:00",
  "link": "https://hellofresh.com/recipes/525ceb0e301bbf2b038b4567",
  "imageLink": "https://d3hvwccx09j84u.cloudfront.net/0,0/image/525ceb0e301bbf2b038b4567.jpg",
  "cardLink": null,
  "videoLink": null,
  "nutrition": [],
  "ingredients": [],
  "allergens": [],
  "utensils": [],
  "tags": [],
  "cuisines": [],
  "wines": [],
  "marketplaceItems": [],
  "author": null,
  "label": null,
  "yieldType": null,
  "yields": [],
  "steps": [],
  "averageRating": 4,
  "ratingsCount": 6,
  "favoritesCount": 32,
  "active": true,
  "highlighted": false,
  "isDinnerToLunch": false,
  "isExcludedFromIndex": false,
  "isPremium": false,
  "websiteUrl": "https://www.hellofresh.de/recipes/ofenkartoffeln-mit-wurziger-frischkase-tofu-fullung-525ceb0e301bbf2b038b4567",
  "clonedFrom": null,
  "canonical": null,
  "canonicalLink": null
}
