{
  "country": "DE",
  "id": "525d0ce2301bbf2b038b456d",
  "name": "Herbstliches Butternusskürbis-Orzo",
  "seoName": null,
  "category": null,
  "slug": "herbstliches-butternusskurbis-orzo",
  "headline": "mit Salbei und Pecorino",
  "description": "",
  "descriptionHTML": "",
  "descriptionMarkdown": null,
  "seoDescription": null,
  "comment": null,
  "difficulty": 1,
  "prepTime": "PT35M",
  "totalTime": null,
  "servingSize": 0,
  "createdAt": "2013-10-15T09:37:38+00:00",
  "updatedAt": "2016-01-02T20:12:27+00:00",
  "link": "https://hellofresh.com/recipes/525d0ce2301bbf2b038b456d",
  "imageLink": "https://d3hvwccx09j84u.cloudfront.net/0,0/image/525d0ce2301bbf2b038b456d.jpg",
  "cardLink": null,
  "videoLink": null,
  "nutrition": [
    {
      "type": "57b42a48b7e8697d4b305304",
      "name": "Energie (kcal)",
      "amount": 0,
      "unit": "kcal"
    },
    {
      "type": "57b42a48b7e8697d4b305307",
      "name": "Fett",
      "amount": 0,
      "unit": "g"
    },
    {
      "type": "57b42a48b7e8697d4b305308",
      "name": "davon gesättigte Fettsäuren",
      "amount": 0,
      "unit": "g"
    },
    {
      "type": "57b42a48b7e8697d4b305305",
      "name": "Kohlenhydrate",
      "amount": 0,
      "unit": "g"
    },
    {
      "type": "57b42a48b7e8697d4b305306",
      "name": "davon Zucker",
      "amount": 0,
      "unit": "g"
    },
    {
      "type": "57b42a48b7e8697d4b30530a",
      "name": "Ballaststoffe",
      "amount": 0,
      "unit": "g"
    },
    {
      "type": "57b42a48b7e8697d4b305309",
      "name": "Eiweiß",
      "amount": 0,
      "unit": "g"
    },
    {
      "type": "57b42a48b7e8697d4b30530b",
      "name": "Salz",
      "amount": 0,
      "unit": "g"
    }
  ],
  "ingredients": [
    {
      "country": "DE",
      "id": "554b276afd2cb973608b4568",
      "type": "pecorino d.o.p.",
      "name": "Pecorino D.O.P.",
      "slug": "pecorino-d-o-p",
      "description": null,
      "internalName": null,
      "shipped": true,
      "imageLink": "https://d3hvwccx09j84u.cloudfront.net/200,200/image/554b276afd2cb973608b4568.png",
      "usage": 16,
      "hasDuplicatedName": null,
      "allergens": [
        {
          "id": "57962a07b7e8697d4b3052fa",
          "type": "milk",
          "name": "Milch",
          "slug": "laktose",
          "description": null,
          "tracesOf": false,
          "triggersTracesOf": false,
          "iconLink": "https://d3hvwccx09j84u.cloudfront.net/0,0/allergens/57962a07b7e8697d4b3052fa-be127d3f.png",
          "usage": 1018
        }
      ],
      "family": {
        "id": "58877cf3ed71a76e9c03fb68",
        "type": "cheese",
        "name": "Greyerzer",
        "slug": "greyerzer",
        "description": null,
        "priority": 0,
        "iconLink": "https://d3hvwccx09j84u.cloudfront.net/200,200/ingredient-families/58877cf3ed71a76e9c03fb68-b56fbaaf.png",
        "usageByCountry": {
          "AT": 1889,
          "AU": 708,
          "BE": 959,
          "CA": 367,
          "CH": 331,
          "DE": 1778,
          "ER": 91,
          "FR": 267,
          "GB": 876,
          "LU": 1325,
          "NL": 1163,
          "NZ": 169,
          "ML": 648,
          "US": 1675
        },
        "createdAt": "2017-01-24T16:12:35+00:00",
        "updatedAt": "2017-01-24T16:12:35+00:00"
      }
    }
  ],
  "allergens": [
    {
      "id": "57962a07b7e8697d4b3052fa",
      "type": "milk",
      "name": "Milch",
      "slug": "laktose",
      "description": null,
      "tracesOf": false,
      "triggersTracesOf": false,
      "iconLink": "https://d3hvwccx09j84u.cloudfront.net/0,0/allergens/57962a07b7e8697d4b3052fa-be127d3f.png",
      "usage": 1018
    }
  ],
  "utensils": [],
  "tags": [],
  "cuisines": [],
  "wines": [],
  "marketplaceItems": [],
  "author": null,
  "label": null,
  "yieldType": "servings",
  "yields": [
    {
      "yields": 2,
      "ingredients": [
        {
          "id": "554b276afd2cb973608b4568",
          "amount": null,
          "unit": "Einheit"
        }
      ]
    }
  ],
  "steps": [],
  "averageRating": 2.8,
  "ratingsCount": 12,
  "favoritesCount": 101,
  "active": true,
  "highlighted": false,
  "isDinnerToLunch": false,
  "isExcludedFromIndex": false,
  "isPremium": false,
  "websiteUrl": "https://www.hellofresh.de/recipes/herbstliches-butternusskurbis-orzo-525d0ce2301bbf2b038b456d",
  "clonedFrom": null,
  "canonical": null,
  "canonicalLink": null
}
