{
  "country": "DE",
  "id": "525d1952301bbf2a038b4570",
  "name": "Drei-Pilz-Stroganoff in feiner Crème fraiche-Soße",
  "seoName": null,
  "category": null,
  "slug": "drei-pilz-stroganoff-in-feiner-creme-fraiche-sosze",
  "headline": "auf Kartoffelpüree ",
  "description": "",
  "descriptionHTML": "",
  "descriptionMarkdown": "",
  "seoDescription": null,
  "comment": null,
  "difficulty": 1,
  "prepTime": "PT20M",
  "totalTime": null,
  "servingSize": 0,
  "createdAt": "2013-10-15T10:30:42+00:00",
  "updatedAt": "2016-02-07T17:11:16+00:00",
  "link": "https://hellofresh.com/recipes/525d1952301bbf2a038b4570",
  "imageLink": "https://d3hvwccx09j84u.cloudfront.net/0,0/image/525d1952301bbf2a038b4570.jpg",
  "cardLink": null,
  "videoLink": null,
  "nutrition": [],
  "ingredients": [],
  "allergens": [],
  "utensils": [],
  "tags": [],
  "cuisines": [],
  "wines": [],
  "marketplaceItems": [],
  "author": null,
  "label": null,
  "yieldType": null,
  "yields": [],
  "steps": [],
  "averageRating": 3.5,
  "ratingsCount": 4,
  "favoritesCount": 38,
  "active": true,
  "highlighted": false,
  "isDinnerToLunch": false,
  "isExcludedFromIndex": false,
  "isPremium": false,
  "websiteUrl": "https://www.hellofresh.de/recipes/drei-pilz-stroganoff-in-feiner-creme-fraiche-sosze-525d1952301bbf2a038b4570",
  "clonedFrom": null,
  "canonical": null,
  "canonicalLink": null
}
