{
  "country": "DE",
  "id": "525d15da301bbf2b038b456e",
  "name": "Mexikanische Gemüsewraps",
  "seoName": null,
  "category": null,
  "slug": "mexikanische-gemusewraps",
  "headline": "mit Kidneybohnen, Schmand und Emmentaler",
  "description": "",
  "descriptionHTML": "",
  "descriptionMarkdown": "",
  "seoDescription": null,
  "comment": null,
  "difficulty": 2,
  "prepTime": "PT25M",
  "totalTime": null,
  "servingSize": 0,
  "createdAt": "2013-10-15T10:15:54+00:00",
  "updatedAt": "2015-12-03T17:28:11+00:00",
  "link": "https://hellofresh.com/recipes/525d15da301bbf2b038b456e",
  "imageLink": "https://d3hvwccx09j84u.cloudfront.net/0,0/image/525d15da301bbf2b038b456e.jpg",
  "cardLink": null,
  "videoLink": null,
  "nutrition": [],
  "ingredients": [],
  "allergens": [],
  "utensils": [],
  "tags": [],
  "cuisines": [],
  "wines": [],
  "marketplaceItems": [],
  "author": null,
  "label": null,
  "yieldType": null,
  "yields": [],
  "steps": [],
  "averageRating": 3.8,
  "ratingsCount": 5,
  "favoritesCount": 28,
  "active": true,
  "highlighted": false,
  "isDinnerToLunch": false,
  "isExcludedFromIndex": false,
  "isPremium": false,
  "websiteUrl": "https://www.hellofresh.de/recipes/mexikanische-gemusewraps-525d15da301bbf2b038b456e",
  "clonedFrom": null,
  "canonical": null,
  "canonicalLink": null
}
