{
  "country": "DE",
  "id": "525d0c15301bbf2a038b456d",
  "name": "Zucchini-Fettuccini in Feta-Soße",
  "seoName": null,
  "category": null,
  "slug": "zucchini-fettuccini-in-feta-sosze",
  "headline": "mit Basilikum und Kirschtomaten ",
  "description": "",
  "descriptionHTML": "",
  "descriptionMarkdown": "",
  "seoDescription": null,
  "comment": null,
  "difficulty": 1,
  "prepTime": "PT25M",
  "totalTime": null,
  "servingSize": 0,
  "createdAt": "2013-10-15T09:34:13+00:00",
  "updatedAt": "2016-06-17T10:27:38+00:00",
  "link": "https://hellofresh.com/recipes/525d0c15301bbf2a038b456d",
  "imageLink": "https://d3hvwccx09j84u.cloudfront.net/0,0/image/525d0c15301bbf2a038b456d.jpg",
  "cardLink": null,
  "videoLink": null,
  "nutrition": [],
  "ingredients": [],
  "allergens": [],
  "utensils": [],
  "tags": [],
  "cuisines": [],
  "wines": [],
  "marketplaceItems": [],
  "author": null,
  "label": null,
  "yieldType": null,
  "yields": [],
  "steps": [],
  "averageRating": 3.2,
  "ratingsCount": 26,
  "favoritesCount": 205,
  "active": true,
  "highlighted": false,
  "isDinnerToLunch": false,
  "isExcludedFromIndex": false,
  "isPremium": false,
  "websiteUrl": "https://www.hellofresh.de/recipes/zucchini-fettuccini-in-feta-sosze-525d0c15301bbf2a038b456d",
  "clonedFrom": null,
  "canonical": null,
  "canonicalLink": null
}
