{
  "country": "DE",
  "id": "525d0b66301bbf2a038b456c",
  "name": "Feines Steak-Sandwich ",
  "seoName": null,
  "category": null,
  "slug": "feines-steak-sandwich",
  "headline": "mit selbstgemachten Ofenpommes, Zwiebelade und Mozzarella",
  "description": "",
  "descriptionHTML": "",
  "descriptionMarkdown": "",
  "seoDescription": null,
  "comment": null,
  "difficulty": 3,
  "prepTime": "PT35M",
  "totalTime": null,
  "servingSize": 0,
  "createdAt": "2013-10-15T09:31:18+00:00",
  "updatedAt": "2016-04-18T23:14:14+00:00",
  "link": "https://hellofresh.com/recipes/525d0b66301bbf2a038b456c",
  "imageLink": "https://d3hvwccx09j84u.cloudfront.net/0,0/image/525d0b66301bbf2a038b456c.jpg",
  "cardLink": null,
  "videoLink": null,
  "nutrition": [],
  "ingredients": [],
  "allergens": [],
  "utensils": [],
  "tags": [],
  "cuisines": [],
  "wines": [],
  "marketplaceItems": [],
  "author": null,
  "label": null,
  "yieldType": null,
  "yields": [],
  "steps": [],
  "averageRating": 3.8,
  "ratingsCount": 27,
  "favoritesCount": 237,
  "active": true,
  "highlighted": false,
  "isDinnerToLunch": false,
  "isExcludedFromIndex": false,
  "isPremium": false,
  "websiteUrl": "https://www.hellofresh.de/recipes/feines-steak-sandwich-525d0b66301bbf2a038b456c",
  "clonedFrom": null,
  "canonical": "540dccd7ff604d84ae8b4567",
  "canonicalLink": "https://www.hellofresh.de/recipes/feines-steak-sandwich-540dccd7ff604d84ae8b4567"
}
