{
  "country": "DE",
  "id": "525d13f0301bbf2a038b456f",
  "name": "Räuchertofu-Spieße in würziger Marinade",
  "seoName": null,
  "category": null,
  "slug": "rauchertofu-spiesze-in-wurziger-marinade",
  "headline": "mit Kräuterreis, Gemüse und Drillingen",
  "description": "",
  "descriptionHTML": "",
  "descriptionMarkdown": "",
  "seoDescription": null,
  "comment": null,
  "difficulty": 1,
  "prepTime": "PT30M",
  "totalTime": null,
  "servingSize": 0,
  "createdAt": "2013-10-15T10:07:44+00:00",
  "updatedAt": "2015-07-06T19:53:35+00:00",
  "link": "https://hellofresh.com/recipes/525d13f0301bbf2a038b456f",
  "imageLink": "https://d3hvwccx09j84u.cloudfront.net/0,0/image/525d13f0301bbf2a038b456f.jpg",
  "cardLink": null,
  "videoLink": null,
  "nutrition": [],
  "ingredients": [],
  "allergens": [],
  "utensils": [],
  "tags": [],
  "cuisines": [],
  "wines": [],
  "marketplaceItems": [],
  "author": null,
  "label": null,
  "yieldType": null,
  "yields": [],
  "steps": [],
  "averageRating": 2.3,
  "ratingsCount": 3,
  "favoritesCount": 6,
  "active": true,
  "highlighted": false,
  "isDinnerToLunch": false,
  "isExcludedFromIndex": false,
  "isPremium": false,
  "websiteUrl": "https://www.hellofresh.de/recipes/rauchertofu-spiesze-in-wurziger-marinade-525d13f0301bbf2a038b456f",
  "clonedFrom": null,
  "canonical": null,
  "canonicalLink": null
}
