{
  "country": "DE",
  "id": "525d0d88301bbf2a038b456e",
  "name": "Crêpes gefüllt mit Kochschinken und zweierlei Käse",
  "seoName": null,
  "category": null,
  "slug": "crepes-gefullt-mit-kochschinken-und-zweierlei-kase",
  "headline": "dazu Brokkoli verfeinert mit Mandelblättchen",
  "description": "",
  "descriptionHTML": "",
  "descriptionMarkdown": null,
  "seoDescription": null,
  "comment": null,
  "difficulty": 3,
  "prepTime": "PT35M",
  "totalTime": null,
  "servingSize": 0,
  "createdAt": "2013-10-15T09:40:24+00:00",
  "updatedAt": "2016-01-28T08:55:18+00:00",
  "link": "https://hellofresh.com/recipes/525d0d88301bbf2a038b456e",
  "imageLink": "https://d3hvwccx09j84u.cloudfront.net/0,0/image/525d0d88301bbf2a038b456e.jpg",
  "cardLink": null,
  "videoLink": null,
  "nutrition": [],
  "ingredients": [],
  "allergens": [],
  "utensils": [],
  "tags": [],
  "cuisines": [],
  "wines": [],
  "marketplaceItems": [],
  "author": null,
  "label": null,
  "yieldType": null,
  "yields": [],
  "steps": [],
  "averageRating": 2.8,
  "ratingsCount": 14,
  "favoritesCount": 116,
  "active": true,
  "highlighted": false,
  "isDinnerToLunch": false,
  "isExcludedFromIndex": false,
  "isPremium": false,
  "websiteUrl": "https://www.hellofresh.de/recipes/crepes-gefullt-mit-kochschinken-und-zweierlei-kase-525d0d88301bbf2a038b456e",
  "clonedFrom": null,
  "canonical": null,
  "canonicalLink": null
}
