{
  "country": "DE",
  "id": "526e652a301bbf0c218b4569",
  "name": "Mit Tortilla Chips, Salsa und Gouda überbackene Hähnchenbrust",
  "seoName": null,
  "category": null,
  "slug": "mit-tortilla-chips-salsa-und-gouda-uberbackene-hahnchenbrust",
  "headline": "dazu krosse Kartoffelwürfel",
  "description": "",
  "descriptionHTML": "",
  "descriptionMarkdown": "",
  "seoDescription": null,
  "comment": null,
  "difficulty": 2,
  "prepTime": "PT30M",
  "totalTime": null,
  "servingSize": 0,
  "createdAt": "2013-10-28T13:22:50+00:00",
  "updatedAt": "2016-07-23T06:57:04+00:00",
  "link": "https://hellofresh.com/recipes/526e652a301bbf0c218b4569",
  "imageLink": "https://d3hvwccx09j84u.cloudfront.net/0,0/image/526e652a301bbf0c218b4569.jpg",
  "cardLink": null,
  "videoLink": null,
  "nutrition": [],
  "ingredients": [],
  "allergens": [],
  "utensils": [],
  "tags": [],
  "cuisines": [],
  "wines": [],
  "marketplaceItems": [],
  "author": null,
  "label": null,
  "yieldType": null,
  "yields": [],
  "steps": [],
  "averageRating": 3.5,
  "ratingsCount": 32,
  "favoritesCount": 194,
  "active": true,
  "highlighted": false,
  "isDinnerToLunch": false,
  "isExcludedFromIndex": false,
  "isPremium": false,
  "websiteUrl": "https://www.hellofresh.de/recipes/mit-tortilla-chips-salsa-und-gouda-uberbackene-hahnchenbrust-526e652a301bbf0c218b4569",
  "clonedFrom": null,
  "canonical": "526e652a301bbf0c218b4569",
  "canonicalLink": "https://www.hellofresh.de/recipes/mit-tortilla-chips-salsa-und-gouda-uberbackene-hahnchenbrust-526e652a301bbf0c218b4569"
}
