{
  "country": "DE",
  "id": "526e67d0301bbf0d218b456e",
  "name": "Arabisch-Gewürztes Lamm",
  "seoName": null,
  "category": null,
  "slug": "arabisch-gewurztes-lamm",
  "headline": "mit erfrischendem Bulgur-Petersiliensalat, Joghurtsoße und Fladenbrot ",
  "description": "",
  "descriptionHTML": "",
  "descriptionMarkdown": "",
  "seoDescription": null,
  "comment": null,
  "difficulty": 1,
  "prepTime": "PT30M",
  "totalTime": null,
  "servingSize": 0,
  "createdAt": "2013-10-28T13:34:08+00:00",
  "updatedAt": "2016-07-25T08:39:12+00:00",
  "link": "https://hellofresh.com/recipes/526e67d0301bbf0d218b456e",
  "imageLink": "https://d3hvwccx09j84u.cloudfront.net/0,0/image/526e67d0301bbf0d218b456e.jpg",
  "cardLink": null,
  "videoLink": null,
  "nutrition": [],
  "ingredients": [],
  "allergens": [],
  "utensils": [],
  "tags": [],
  "cuisines": [],
  "wines": [],
  "marketplaceItems": [],
  "author": null,
  "label": null,
  "yieldType": null,
  "yields": [],
  "steps": [],
  "averageRating": 3.7,
  "ratingsCount": 12,
  "favoritesCount": 175,
  "active": true,
  "highlighted": false,
  "isDinnerToLunch": false,
  "isExcludedFromIndex": false,
  "isPremium": false,
  "websiteUrl": "https://www.hellofresh.de/recipes/arabisch-gewurztes-lamm-526e67d0301bbf0d218b456e",
  "clonedFrom": null,
  "canonical": null,
  "canonicalLink": null
}
