{
  "country": "DE",
  "id": "5273e0a6301bbfe12e8b457d",
  "name": "Karotten-Ingwer-Süppchen",
  "seoName": null,
  "category": null,
  "slug": "karotten-ingwer-suppchen",
  "headline": "verfeinert mit Kürbiskernen, Crème fraîche und Schnittlauchbutter-Steinofenbaguette ",
  "description": "",
  "descriptionHTML": "",
  "descriptionMarkdown": "",
  "seoDescription": null,
  "comment": null,
  "difficulty": 2,
  "prepTime": "PT30M",
  "totalTime": null,
  "servingSize": 0,
  "createdAt": "2013-11-01T17:11:02+00:00",
  "updatedAt": "2016-01-30T14:24:35+00:00",
  "link": "https://hellofresh.com/recipes/5273e0a6301bbfe12e8b457d",
  "imageLink": "https://d3hvwccx09j84u.cloudfront.net/0,0/image/5273e0a6301bbfe12e8b457d.jpg",
  "cardLink": null,
  "videoLink": null,
  "nutrition": [],
  "ingredients": [],
  "allergens": [],
  "utensils": [],
  "tags": [],
  "cuisines": [],
  "wines": [],
  "marketplaceItems": [],
  "author": null,
  "label": null,
  "yieldType": null,
  "yields": [],
  "steps": [],
  "averageRating": 3.5,
  "ratingsCount": 24,
  "favoritesCount": 189,
  "active": true,
  "highlighted": false,
  "isDinnerToLunch": false,
  "isExcludedFromIndex": false,
  "isPremium": false,
  "websiteUrl": "https://www.hellofresh.de/recipes/karotten-ingwer-suppchen-5273e0a6301bbfe12e8b457d",
  "clonedFrom": null,
  "canonical": null,
  "canonicalLink": null
}
