{
  "country": "DE",
  "id": "5273eb71301bbf0d218b4585",
  "name": "Frische Taglioni ,,España''",
  "seoName": null,
  "category": null,
  "slug": "frische-taglioni-espana",
  "headline": "mit Chorizo, Paprika und Parmesan ",
  "description": "",
  "descriptionHTML": "",
  "descriptionMarkdown": "",
  "seoDescription": null,
  "comment": null,
  "difficulty": 1,
  "prepTime": "PT35M",
  "totalTime": null,
  "servingSize": 0,
  "createdAt": "2013-11-01T17:57:05+00:00",
  "updatedAt": "2016-06-04T16:27:28+00:00",
  "link": "https://hellofresh.com/recipes/5273eb71301bbf0d218b4585",
  "imageLink": "https://d3hvwccx09j84u.cloudfront.net/0,0/image/5273eb71301bbf0d218b4585.jpg",
  "cardLink": null,
  "videoLink": null,
  "nutrition": [],
  "ingredients": [],
  "allergens": [],
  "utensils": [],
  "tags": [],
  "cuisines": [],
  "wines": [],
  "marketplaceItems": [],
  "author": null,
  "label": null,
  "yieldType": null,
  "yields": [],
  "steps": [],
  "averageRating": 3.4,
  "ratingsCount": 7,
  "favoritesCount": 130,
  "active": true,
  "highlighted": false,
  "isDinnerToLunch": false,
  "isExcludedFromIndex": false,
  "isPremium": false,
  "websiteUrl": "https://www.hellofresh.de/recipes/frische-taglioni-espana-5273eb71301bbf0d218b4585",
  "clonedFrom": null,
  "canonical": null,
  "canonicalLink": null
}
