{
  "country": "DE",
  "id": "5273ded7301bbf0c218b4585",
  "name": "Rosmarin-Süßkartoffelpizza ",
  "seoName": null,
  "category": null,
  "slug": "rosmarin-suszkartoffelpizza",
  "headline": "mit Mozzarella und frischem Rucola ",
  "description": "",
  "descriptionHTML": "",
  "descriptionMarkdown": "",
  "seoDescription": null,
  "comment": null,
  "difficulty": 1,
  "prepTime": "PT30M",
  "totalTime": null,
  "servingSize": 0,
  "createdAt": "2013-11-01T17:03:19+00:00",
  "updatedAt": "2016-05-03T08:36:33+00:00",
  "link": "https://hellofresh.com/recipes/5273ded7301bbf0c218b4585",
  "imageLink": "https://d3hvwccx09j84u.cloudfront.net/0,0/image/5273ded7301bbf0c218b4585.jpg",
  "cardLink": null,
  "videoLink": null,
  "nutrition": [],
  "ingredients": [],
  "allergens": [],
  "utensils": [],
  "tags": [],
  "cuisines": [],
  "wines": [],
  "marketplaceItems": [],
  "author": null,
  "label": null,
  "yieldType": null,
  "yields": [],
  "steps": [],
  "averageRating": 3.2,
  "ratingsCount": 16,
  "favoritesCount": 121,
  "active": true,
  "highlighted": false,
  "isDinnerToLunch": false,
  "isExcludedFromIndex": false,
  "isPremium": false,
  "websiteUrl": "https://www.hellofresh.de/recipes/rosmarin-suszkartoffelpizza-5273ded7301bbf0c218b4585",
  "clonedFrom": null,
  "canonical": null,
  "canonicalLink": null
}
