{
  "country": "DE",
  "id": "527cc81d301bbfac3d8b4567",
  "name": "Pikante Indische Reispfanne",
  "seoName": null,
  "category": null,
  "slug": "pikante-indische-reispfanne",
  "headline": "mit geräuchertem und mariniertem Tofu, Frühlingszwiebeln und Petersilie",
  "description": "",
  "descriptionHTML": "",
  "descriptionMarkdown": "",
  "seoDescription": null,
  "comment": null,
  "difficulty": 1,
  "prepTime": "PT30M",
  "totalTime": null,
  "servingSize": 0,
  "createdAt": "2013-11-08T11:16:45+00:00",
  "updatedAt": "2016-02-17T18:45:56+00:00",
  "link": "https://hellofresh.com/recipes/527cc81d301bbfac3d8b4567",
  "imageLink": "https://d3hvwccx09j84u.cloudfront.net/0,0/image/527cc81d301bbfac3d8b4567.jpg",
  "cardLink": null,
  "videoLink": null,
  "nutrition": [],
  "ingredients": [],
  "allergens": [],
  "utensils": [],
  "tags": [],
  "cuisines": [],
  "wines": [],
  "marketplaceItems": [],
  "author": null,
  "label": null,
  "yieldType": null,
  "yields": [],
  "steps": [],
  "averageRating": 3.3,
  "ratingsCount": 4,
  "favoritesCount": 29,
  "active": true,
  "highlighted": false,
  "isDinnerToLunch": false,
  "isExcludedFromIndex": false,
  "isPremium": false,
  "websiteUrl": "https://www.hellofresh.de/recipes/pikante-indische-reispfanne-527cc81d301bbfac3d8b4567",
  "clonedFrom": null,
  "canonical": null,
  "canonicalLink": null
}
