{
  "country": "DE",
  "id": "527ce79e301bbfac3d8b4574",
  "name": "Zucchini-Zitronen-Couscous",
  "seoName": null,
  "category": null,
  "slug": "zucchini-zitronen-couscous",
  "headline": "verfeinert mit gerösteten Mandeln und selbstgemachter Avocadocreme",
  "description": "",
  "descriptionHTML": "",
  "descriptionMarkdown": "",
  "seoDescription": null,
  "comment": null,
  "difficulty": 1,
  "prepTime": "PT20M",
  "totalTime": null,
  "servingSize": 0,
  "createdAt": "2013-11-08T13:31:10+00:00",
  "updatedAt": "2015-12-21T21:10:53+00:00",
  "link": "https://hellofresh.com/recipes/527ce79e301bbfac3d8b4574",
  "imageLink": "https://d3hvwccx09j84u.cloudfront.net/0,0/image/527ce79e301bbfac3d8b4574.jpg",
  "cardLink": null,
  "videoLink": null,
  "nutrition": [],
  "ingredients": [],
  "allergens": [],
  "utensils": [],
  "tags": [],
  "cuisines": [],
  "wines": [],
  "marketplaceItems": [],
  "author": null,
  "label": null,
  "yieldType": null,
  "yields": [],
  "steps": [],
  "averageRating": 3.5,
  "ratingsCount": 2,
  "favoritesCount": 36,
  "active": true,
  "highlighted": false,
  "isDinnerToLunch": false,
  "isExcludedFromIndex": false,
  "isPremium": false,
  "websiteUrl": "https://www.hellofresh.de/recipes/zucchini-zitronen-couscous-527ce79e301bbfac3d8b4574",
  "clonedFrom": null,
  "canonical": null,
  "canonicalLink": null
}
