{
  "country": "DE",
  "id": "527cc9a3301bbfad3d8b456e",
  "name": "Pecorino-Ricotta-Polentachips ",
  "seoName": null,
  "category": null,
  "slug": "pecorino-ricotta-polentachips",
  "headline": "mit lauwarmen grünen Bohnensalat in feiner Tomaten-Vinaigrette",
  "description": "",
  "descriptionHTML": "",
  "descriptionMarkdown": "",
  "seoDescription": null,
  "comment": null,
  "difficulty": 3,
  "prepTime": "PT35M",
  "totalTime": null,
  "servingSize": 0,
  "createdAt": "2013-11-08T11:23:15+00:00",
  "updatedAt": "2016-02-05T13:24:03+00:00",
  "link": "https://hellofresh.com/recipes/527cc9a3301bbfad3d8b456e",
  "imageLink": "https://d3hvwccx09j84u.cloudfront.net/0,0/image/527cc9a3301bbfad3d8b456e.jpg",
  "cardLink": null,
  "videoLink": null,
  "nutrition": [],
  "ingredients": [],
  "allergens": [],
  "utensils": [],
  "tags": [],
  "cuisines": [],
  "wines": [],
  "marketplaceItems": [],
  "author": null,
  "label": null,
  "yieldType": null,
  "yields": [],
  "steps": [],
  "averageRating": 3.5,
  "ratingsCount": 6,
  "favoritesCount": 42,
  "active": true,
  "highlighted": false,
  "isDinnerToLunch": false,
  "isExcludedFromIndex": false,
  "isPremium": false,
  "websiteUrl": "https://www.hellofresh.de/recipes/pecorino-ricotta-polentachips-527cc9a3301bbfad3d8b456e",
  "clonedFrom": null,
  "canonical": null,
  "canonicalLink": null
}
