{
  "country": "DE",
  "id": "527d1d14301bbfac3d8b457b",
  "name": "Spinat-Ricotta-Lasagne ",
  "seoName": null,
  "category": null,
  "slug": "spinat-ricotta-lasagne",
  "headline": "mit Pecorino und feiner Tomatensoße",
  "description": "",
  "descriptionHTML": "",
  "descriptionMarkdown": "",
  "seoDescription": null,
  "comment": null,
  "difficulty": 2,
  "prepTime": "PT30M",
  "totalTime": null,
  "servingSize": 0,
  "createdAt": "2013-11-08T17:19:16+00:00",
  "updatedAt": "2016-07-05T20:30:46+00:00",
  "link": "https://hellofresh.com/recipes/527d1d14301bbfac3d8b457b",
  "imageLink": "https://d3hvwccx09j84u.cloudfront.net/0,0/image/527d1d14301bbfac3d8b457b.jpg",
  "cardLink": null,
  "videoLink": null,
  "nutrition": [],
  "ingredients": [],
  "allergens": [],
  "utensils": [],
  "tags": [],
  "cuisines": [],
  "wines": [],
  "marketplaceItems": [],
  "author": null,
  "label": null,
  "yieldType": null,
  "yields": [],
  "steps": [],
  "averageRating": 3,
  "ratingsCount": 3,
  "favoritesCount": 128,
  "active": true,
  "highlighted": false,
  "isDinnerToLunch": false,
  "isExcludedFromIndex": false,
  "isPremium": false,
  "websiteUrl": "https://www.hellofresh.de/recipes/spinat-ricotta-lasagne-527d1d14301bbfac3d8b457b",
  "clonedFrom": null,
  "canonical": null,
  "canonicalLink": null
}
