{
  "country": "DE",
  "id": "527d1a39301bbfac3d8b457a",
  "name": "Herbstlicher Gemüseflammkuchen ",
  "seoName": null,
  "category": null,
  "slug": "herbstlicher-gemuseflammkuchen",
  "headline": "mit Rosmarin-Frischkäse, Karotten und Pastinaken",
  "description": "",
  "descriptionHTML": "",
  "descriptionMarkdown": "",
  "seoDescription": null,
  "comment": null,
  "difficulty": 2,
  "prepTime": "PT25M",
  "totalTime": null,
  "servingSize": 0,
  "createdAt": "2013-11-08T17:07:05+00:00",
  "updatedAt": "2016-08-13T17:04:27+00:00",
  "link": "https://hellofresh.com/recipes/527d1a39301bbfac3d8b457a",
  "imageLink": null,
  "cardLink": null,
  "videoLink": null,
  "nutrition": [],
  "ingredients": [],
  "allergens": [],
  "utensils": [],
  "tags": [],
  "cuisines": [],
  "wines": [],
  "marketplaceItems": [],
  "author": null,
  "label": null,
  "yieldType": null,
  "yields": [],
  "steps": [],
  "averageRating": 3.3,
  "ratingsCount": 9,
  "favoritesCount": 96,
  "active": false,
  "highlighted": false,
  "isDinnerToLunch": false,
  "isExcludedFromIndex": false,
  "isPremium": false,
  "websiteUrl": "https://www.hellofresh.de/recipes/herbstlicher-gemuseflammkuchen-527d1a39301bbfac3d8b457a",
  "clonedFrom": null,
  "canonical": "527d1a39301bbfac3d8b457a",
  "canonicalLink": "https://www.hellofresh.de/recipes/herbstlicher-gemuseflammkuchen-527d1a39301bbfac3d8b457a"
}
