{
  "country": "DE",
  "id": "527d18f5301bbfa0438b456f",
  "name": "Würziges Schweinelachs-Stroganoff",
  "seoName": null,
  "category": null,
  "slug": "wurziges-schweinelachs-stroganoff",
  "headline": "auf Tagliatelle verfeinert mit Crème fraîche und Champignons",
  "description": "",
  "descriptionHTML": "",
  "descriptionMarkdown": "",
  "seoDescription": null,
  "comment": null,
  "difficulty": 3,
  "prepTime": "PT30M",
  "totalTime": null,
  "servingSize": 0,
  "createdAt": "2013-11-08T17:01:41+00:00",
  "updatedAt": "2016-07-24T22:15:18+00:00",
  "link": "https://hellofresh.com/recipes/527d18f5301bbfa0438b456f",
  "imageLink": "https://d3hvwccx09j84u.cloudfront.net/0,0/image/527d18f5301bbfa0438b456f.jpg",
  "cardLink": null,
  "videoLink": null,
  "nutrition": [],
  "ingredients": [],
  "allergens": [],
  "utensils": [],
  "tags": [],
  "cuisines": [],
  "wines": [],
  "marketplaceItems": [],
  "author": null,
  "label": null,
  "yieldType": null,
  "yields": [],
  "steps": [],
  "averageRating": 3.8,
  "ratingsCount": 21,
  "favoritesCount": 208,
  "active": true,
  "highlighted": false,
  "isDinnerToLunch": false,
  "isExcludedFromIndex": false,
  "isPremium": false,
  "websiteUrl": "https://www.hellofresh.de/recipes/wurziges-schweinelachs-stroganoff-527d18f5301bbfa0438b456f",
  "clonedFrom": null,
  "canonical": null,
  "canonicalLink": null
}
