{
  "country": "DE",
  "id": "527d2445301bbfad3d8b4576",
  "name": "Japanische Tofu-Udon-Nudelsuppe ",
  "seoName": null,
  "category": null,
  "slug": "japanische-tofu-udon-nudelsuppe",
  "headline": "mit Zuckerschoten, Pak Choi und Chili",
  "description": "",
  "descriptionHTML": "",
  "descriptionMarkdown": "",
  "seoDescription": null,
  "comment": null,
  "difficulty": 2,
  "prepTime": "PT30M",
  "totalTime": null,
  "servingSize": 0,
  "createdAt": "2013-11-08T17:49:57+00:00",
  "updatedAt": "2016-07-20T10:54:00+00:00",
  "link": "https://hellofresh.com/recipes/527d2445301bbfad3d8b4576",
  "imageLink": null,
  "cardLink": null,
  "videoLink": null,
  "nutrition": [],
  "ingredients": [],
  "allergens": [],
  "utensils": [],
  "tags": [],
  "cuisines": [],
  "wines": [],
  "marketplaceItems": [],
  "author": null,
  "label": null,
  "yieldType": null,
  "yields": [],
  "steps": [],
  "averageRating": 4,
  "ratingsCount": 1,
  "favoritesCount": 22,
  "active": false,
  "highlighted": false,
  "isDinnerToLunch": false,
  "isExcludedFromIndex": false,
  "isPremium": false,
  "websiteUrl": "https://www.hellofresh.de/recipes/japanische-tofu-udon-nudelsuppe-527d2445301bbfad3d8b4576",
  "clonedFrom": null,
  "canonical": null,
  "canonicalLink": null
}
