{
  "country": "DE",
  "id": "527d1450301bbfa0438b4568",
  "name": "Putenbrust in Krosser Cornflakespanade",
  "seoName": null,
  "category": null,
  "slug": "putenbrust-in-krosser-cornflakespanade",
  "headline": "dazu cremigen Tomaten-Kartoffelauflauf und grüne Bohnen",
  "description": "",
  "descriptionHTML": "",
  "descriptionMarkdown": "",
  "seoDescription": null,
  "comment": null,
  "difficulty": 2,
  "prepTime": "PT35M",
  "totalTime": null,
  "servingSize": 0,
  "createdAt": "2013-11-08T16:41:52+00:00",
  "updatedAt": "2016-06-04T16:27:32+00:00",
  "link": "https://hellofresh.com/recipes/527d1450301bbfa0438b4568",
  "imageLink": "https://d3hvwccx09j84u.cloudfront.net/0,0/image/527d1450301bbfa0438b4568.jpg",
  "cardLink": null,
  "videoLink": null,
  "nutrition": [],
  "ingredients": [],
  "allergens": [],
  "utensils": [],
  "tags": [],
  "cuisines": [],
  "wines": [],
  "marketplaceItems": [],
  "author": null,
  "label": null,
  "yieldType": null,
  "yields": [],
  "steps": [],
  "averageRating": 3.3,
  "ratingsCount": 25,
  "favoritesCount": 234,
  "active": true,
  "highlighted": false,
  "isDinnerToLunch": false,
  "isExcludedFromIndex": false,
  "isPremium": false,
  "websiteUrl": "https://www.hellofresh.de/recipes/putenbrust-in-krosser-cornflakespanade-527d1450301bbfa0438b4568",
  "clonedFrom": null,
  "canonical": null,
  "canonicalLink": null
}
