{
  "country": "DE",
  "id": "527d231b301bbfa0438b4570",
  "name": "Deftig-Pikanter-Linseneintopf",
  "seoName": null,
  "category": null,
  "slug": "deftig-pikanter-linseneintopf",
  "headline": "mit Schinkenspeck und Schnittlauch dazu Baguette ",
  "description": "",
  "descriptionHTML": "",
  "descriptionMarkdown": "",
  "seoDescription": null,
  "comment": null,
  "difficulty": 2,
  "prepTime": "PT30M",
  "totalTime": null,
  "servingSize": 0,
  "createdAt": "2013-11-08T17:44:59+00:00",
  "updatedAt": "2016-01-31T17:26:24+00:00",
  "link": "https://hellofresh.com/recipes/527d231b301bbfa0438b4570",
  "imageLink": "https://d3hvwccx09j84u.cloudfront.net/0,0/image/527d231b301bbfa0438b4570.jpg",
  "cardLink": null,
  "videoLink": null,
  "nutrition": [],
  "ingredients": [],
  "allergens": [],
  "utensils": [],
  "tags": [],
  "cuisines": [],
  "wines": [],
  "marketplaceItems": [],
  "author": null,
  "label": null,
  "yieldType": null,
  "yields": [],
  "steps": [],
  "averageRating": 2.8,
  "ratingsCount": 13,
  "favoritesCount": 94,
  "active": true,
  "highlighted": false,
  "isDinnerToLunch": false,
  "isExcludedFromIndex": false,
  "isPremium": false,
  "websiteUrl": "https://www.hellofresh.de/recipes/deftig-pikanter-linseneintopf-527d231b301bbfa0438b4570",
  "clonedFrom": null,
  "canonical": null,
  "canonicalLink": null
}
