{
  "country": "DE",
  "id": "5280aed2301bbfad3d8b45cc",
  "name": "Feine Brokkoli-Zucchini-Quiche ",
  "seoName": null,
  "category": null,
  "slug": "feine-brokkoli-zucchini-quiche",
  "headline": "mit Parmesan und Sahne, verfeinert mit Brunnenkresse ",
  "description": "",
  "descriptionHTML": "",
  "descriptionMarkdown": "",
  "seoDescription": null,
  "comment": null,
  "difficulty": 2,
  "prepTime": "PT35M",
  "totalTime": null,
  "servingSize": 0,
  "createdAt": "2013-11-11T10:17:54+00:00",
  "updatedAt": "2016-08-13T16:26:28+00:00",
  "link": "https://hellofresh.com/recipes/5280aed2301bbfad3d8b45cc",
  "imageLink": "https://d3hvwccx09j84u.cloudfront.net/0,0/image/5280aed2301bbfad3d8b45cc.jpg",
  "cardLink": null,
  "videoLink": null,
  "nutrition": [],
  "ingredients": [],
  "allergens": [],
  "utensils": [],
  "tags": [],
  "cuisines": [],
  "wines": [],
  "marketplaceItems": [],
  "author": null,
  "label": null,
  "yieldType": null,
  "yields": [],
  "steps": [],
  "averageRating": 3.1,
  "ratingsCount": 11,
  "favoritesCount": 109,
  "active": true,
  "highlighted": false,
  "isDinnerToLunch": false,
  "isExcludedFromIndex": false,
  "isPremium": false,
  "websiteUrl": "https://www.hellofresh.de/recipes/feine-brokkoli-zucchini-quiche-5280aed2301bbfad3d8b45cc",
  "clonedFrom": null,
  "canonical": null,
  "canonicalLink": null
}
