{
  "country": "DE",
  "id": "52809ab3301bbfa0438b45cc",
  "name": "Feines Zitronen-Fenchelrisotto",
  "seoName": null,
  "category": null,
  "slug": "feines-zitronen-fenchelrisotto",
  "headline": "mit Parmesan und Karotten",
  "description": "",
  "descriptionHTML": "",
  "descriptionMarkdown": "",
  "seoDescription": null,
  "comment": null,
  "difficulty": 1,
  "prepTime": "PT35M",
  "totalTime": null,
  "servingSize": 0,
  "createdAt": "2013-11-11T08:52:03+00:00",
  "updatedAt": "2016-01-15T18:56:40+00:00",
  "link": "https://hellofresh.com/recipes/52809ab3301bbfa0438b45cc",
  "imageLink": "https://d3hvwccx09j84u.cloudfront.net/0,0/image/52809ab3301bbfa0438b45cc.jpg",
  "cardLink": null,
  "videoLink": null,
  "nutrition": [],
  "ingredients": [],
  "allergens": [],
  "utensils": [],
  "tags": [],
  "cuisines": [],
  "wines": [],
  "marketplaceItems": [],
  "author": null,
  "label": null,
  "yieldType": null,
  "yields": [],
  "steps": [],
  "averageRating": 3,
  "ratingsCount": 2,
  "favoritesCount": 15,
  "active": true,
  "highlighted": false,
  "isDinnerToLunch": false,
  "isExcludedFromIndex": false,
  "isPremium": false,
  "websiteUrl": "https://www.hellofresh.de/recipes/feines-zitronen-fenchelrisotto-52809ab3301bbfa0438b45cc",
  "clonedFrom": null,
  "canonical": null,
  "canonicalLink": null
}
