{
  "country": "DE",
  "id": "5280ade8301bbfac3d8b45c6",
  "name": "Makkaroni-Porree-Auflauf",
  "seoName": null,
  "category": null,
  "slug": "makkaroni-porree-auflauf",
  "headline": "überbacken mit Cheddar und Tomaten ",
  "description": "",
  "descriptionHTML": "",
  "descriptionMarkdown": "",
  "seoDescription": null,
  "comment": null,
  "difficulty": 3,
  "prepTime": "PT40M",
  "totalTime": null,
  "servingSize": 0,
  "createdAt": "2013-11-11T10:14:00+00:00",
  "updatedAt": "2016-08-13T17:04:22+00:00",
  "link": "https://hellofresh.com/recipes/5280ade8301bbfac3d8b45c6",
  "imageLink": null,
  "cardLink": null,
  "videoLink": null,
  "nutrition": [],
  "ingredients": [],
  "allergens": [],
  "utensils": [],
  "tags": [],
  "cuisines": [],
  "wines": [],
  "marketplaceItems": [],
  "author": null,
  "label": null,
  "yieldType": null,
  "yields": [],
  "steps": [],
  "averageRating": 2.8,
  "ratingsCount": 5,
  "favoritesCount": 89,
  "active": false,
  "highlighted": false,
  "isDinnerToLunch": false,
  "isExcludedFromIndex": false,
  "isPremium": false,
  "websiteUrl": "https://www.hellofresh.de/recipes/makkaroni-porree-auflauf-5280ade8301bbfac3d8b45c6",
  "clonedFrom": null,
  "canonical": null,
  "canonicalLink": null
}
