{
  "country": "DE",
  "id": "5280ac45301bbfad3d8b45cb",
  "name": "Rinderfleisch-Hoisin-Pfanne",
  "seoName": null,
  "category": null,
  "slug": "rinderfleisch-hoisin-pfanne",
  "headline": "mit Paprika und Karotten auf Basmatireis",
  "description": "",
  "descriptionHTML": "",
  "descriptionMarkdown": "",
  "seoDescription": null,
  "comment": null,
  "difficulty": 1,
  "prepTime": "PT30M",
  "totalTime": null,
  "servingSize": 0,
  "createdAt": "2013-11-11T10:07:01+00:00",
  "updatedAt": "2016-01-30T18:57:17+00:00",
  "link": "https://hellofresh.com/recipes/5280ac45301bbfad3d8b45cb",
  "imageLink": null,
  "cardLink": null,
  "videoLink": null,
  "nutrition": [],
  "ingredients": [],
  "allergens": [],
  "utensils": [],
  "tags": [],
  "cuisines": [],
  "wines": [],
  "marketplaceItems": [],
  "author": null,
  "label": null,
  "yieldType": null,
  "yields": [],
  "steps": [],
  "averageRating": 3.7,
  "ratingsCount": 12,
  "favoritesCount": 157,
  "active": false,
  "highlighted": false,
  "isDinnerToLunch": false,
  "isExcludedFromIndex": false,
  "isPremium": false,
  "websiteUrl": "https://www.hellofresh.de/recipes/rinderfleisch-hoisin-pfanne-5280ac45301bbfad3d8b45cb",
  "clonedFrom": null,
  "canonical": null,
  "canonicalLink": null
}
