{
  "country": "DE",
  "id": "5280aaf2301bbfa0438b45cd",
  "name": "Knusprige Hähnchenschenkel in cremiger Mascarpone-Tomatensoße",
  "seoName": null,
  "category": null,
  "slug": "knusprige-hahnchenschenkel-in-cremiger-mascarpone-tomatensosze",
  "headline": "dazu Nuss-Butter-Polenta",
  "description": "",
  "descriptionHTML": "",
  "descriptionMarkdown": "",
  "seoDescription": null,
  "comment": null,
  "difficulty": 3,
  "prepTime": "PT35M",
  "totalTime": null,
  "servingSize": 0,
  "createdAt": "2013-11-11T10:01:22+00:00",
  "updatedAt": "2016-04-18T23:14:19+00:00",
  "link": "https://hellofresh.com/recipes/5280aaf2301bbfa0438b45cd",
  "imageLink": "https://d3hvwccx09j84u.cloudfront.net/0,0/image/5280aaf2301bbfa0438b45cd.jpg",
  "cardLink": null,
  "videoLink": null,
  "nutrition": [],
  "ingredients": [],
  "allergens": [],
  "utensils": [],
  "tags": [],
  "cuisines": [],
  "wines": [],
  "marketplaceItems": [],
  "author": null,
  "label": null,
  "yieldType": null,
  "yields": [],
  "steps": [],
  "averageRating": 3.8,
  "ratingsCount": 10,
  "favoritesCount": 139,
  "active": true,
  "highlighted": false,
  "isDinnerToLunch": false,
  "isExcludedFromIndex": false,
  "isPremium": false,
  "websiteUrl": "https://www.hellofresh.de/recipes/knusprige-hahnchenschenkel-in-cremiger-mascarpone-tomatensosze-5280aaf2301bbfa0438b45cd",
  "clonedFrom": null,
  "canonical": null,
  "canonicalLink": null
}
