{
  "country": "DE",
  "id": "52809ca8301bbfad3d8b45c9",
  "name": "Indischer Linseneintopf",
  "seoName": null,
  "category": null,
  "slug": "indischer-linseneintopf",
  "headline": "mit Kokosmilch und gebratene Zwiebelstreifen serviert mit Naanbrot",
  "description": "",
  "descriptionHTML": "",
  "descriptionMarkdown": "",
  "seoDescription": null,
  "comment": null,
  "difficulty": 1,
  "prepTime": "PT20M",
  "totalTime": null,
  "servingSize": 0,
  "createdAt": "2013-11-11T09:00:24+00:00",
  "updatedAt": "2016-04-10T07:01:07+00:00",
  "link": "https://hellofresh.com/recipes/52809ca8301bbfad3d8b45c9",
  "imageLink": "https://d3hvwccx09j84u.cloudfront.net/0,0/image/52809ca8301bbfad3d8b45c9.jpg",
  "cardLink": null,
  "videoLink": null,
  "nutrition": [],
  "ingredients": [],
  "allergens": [],
  "utensils": [],
  "tags": [],
  "cuisines": [],
  "wines": [],
  "marketplaceItems": [],
  "author": null,
  "label": null,
  "yieldType": null,
  "yields": [],
  "steps": [],
  "averageRating": 2.9,
  "ratingsCount": 8,
  "favoritesCount": 29,
  "active": true,
  "highlighted": false,
  "isDinnerToLunch": false,
  "isExcludedFromIndex": false,
  "isPremium": false,
  "websiteUrl": "https://www.hellofresh.de/recipes/indischer-linseneintopf-52809ca8301bbfad3d8b45c9",
  "clonedFrom": null,
  "canonical": null,
  "canonicalLink": null
}
