{
  "country": "DE",
  "id": "52821886301bbfa0438b45d9",
  "name": "Pesto Genovese Kartoffelgratin",
  "seoName": null,
  "category": null,
  "slug": "pesto-genovese-kartoffelgratin",
  "headline": "mit spritzigem Tomatensalat",
  "description": "",
  "descriptionHTML": "",
  "descriptionMarkdown": "",
  "seoDescription": null,
  "comment": null,
  "difficulty": 1,
  "prepTime": "PT35M",
  "totalTime": null,
  "servingSize": 0,
  "createdAt": "2013-11-12T12:01:10+00:00",
  "updatedAt": "2016-04-10T07:01:03+00:00",
  "link": "https://hellofresh.com/recipes/52821886301bbfa0438b45d9",
  "imageLink": "https://d3hvwccx09j84u.cloudfront.net/0,0/image/52821886301bbfa0438b45d9.jpg",
  "cardLink": null,
  "videoLink": null,
  "nutrition": [],
  "ingredients": [],
  "allergens": [],
  "utensils": [],
  "tags": [],
  "cuisines": [],
  "wines": [],
  "marketplaceItems": [],
  "author": null,
  "label": null,
  "yieldType": null,
  "yields": [],
  "steps": [],
  "averageRating": 4,
  "ratingsCount": 1,
  "favoritesCount": 28,
  "active": true,
  "highlighted": false,
  "isDinnerToLunch": false,
  "isExcludedFromIndex": false,
  "isPremium": false,
  "websiteUrl": "https://www.hellofresh.de/recipes/pesto-genovese-kartoffelgratin-52821886301bbfa0438b45d9",
  "clonedFrom": null,
  "canonical": null,
  "canonicalLink": null
}
