{
  "country": "DE",
  "id": "528209bf301bbfad3d8b45d8",
  "name": "Thailädischer Massaman Curry ",
  "seoName": null,
  "category": null,
  "slug": "thailadischer-massaman-curry",
  "headline": "mit Auberginen, Champignons und Cashewkernen auf Basmatireis",
  "description": "",
  "descriptionHTML": "",
  "descriptionMarkdown": "",
  "seoDescription": null,
  "comment": null,
  "difficulty": 2,
  "prepTime": "PT30M",
  "totalTime": null,
  "servingSize": 0,
  "createdAt": "2013-11-12T10:58:07+00:00",
  "updatedAt": "2016-07-05T20:42:33+00:00",
  "link": "https://hellofresh.com/recipes/528209bf301bbfad3d8b45d8",
  "imageLink": "https://d3hvwccx09j84u.cloudfront.net/0,0/image/528209bf301bbfad3d8b45d8.jpg",
  "cardLink": null,
  "videoLink": null,
  "nutrition": [],
  "ingredients": [],
  "allergens": [],
  "utensils": [],
  "tags": [],
  "cuisines": [],
  "wines": [],
  "marketplaceItems": [],
  "author": null,
  "label": null,
  "yieldType": null,
  "yields": [],
  "steps": [],
  "averageRating": 3.3,
  "ratingsCount": 7,
  "favoritesCount": 33,
  "active": true,
  "highlighted": false,
  "isDinnerToLunch": false,
  "isExcludedFromIndex": false,
  "isPremium": false,
  "websiteUrl": "https://www.hellofresh.de/recipes/thailadischer-massaman-curry-528209bf301bbfad3d8b45d8",
  "clonedFrom": null,
  "canonical": null,
  "canonicalLink": null
}
