{
  "country": "DE",
  "id": "528219ef301bbfa0438b45da",
  "name": "Vegan-Döner",
  "seoName": null,
  "category": null,
  "slug": "vegan-doner",
  "headline": "mit Selbstgemachtem Tsatsiki in Pita Taschen, serviert mit Karotten-Stäbchen ",
  "description": "",
  "descriptionHTML": "",
  "descriptionMarkdown": "",
  "seoDescription": null,
  "comment": null,
  "difficulty": 1,
  "prepTime": "PT35M",
  "totalTime": null,
  "servingSize": 0,
  "createdAt": "2013-11-12T12:07:11+00:00",
  "updatedAt": "2016-09-26T14:56:26+00:00",
  "link": "https://hellofresh.com/recipes/528219ef301bbfa0438b45da",
  "imageLink": "https://d3hvwccx09j84u.cloudfront.net/0,0/image/528219ef301bbfa0438b45da.jpg",
  "cardLink": null,
  "videoLink": null,
  "nutrition": [],
  "ingredients": [],
  "allergens": [],
  "utensils": [],
  "tags": [],
  "cuisines": [],
  "wines": [],
  "marketplaceItems": [],
  "author": null,
  "label": null,
  "yieldType": null,
  "yields": [],
  "steps": [],
  "averageRating": 3.2,
  "ratingsCount": 6,
  "favoritesCount": 41,
  "active": true,
  "highlighted": false,
  "isDinnerToLunch": false,
  "isExcludedFromIndex": false,
  "isPremium": false,
  "websiteUrl": "https://www.hellofresh.de/recipes/vegan-doner-528219ef301bbfa0438b45da",
  "clonedFrom": null,
  "canonical": null,
  "canonicalLink": null
}
