{
  "country": "DE",
  "id": "5282040b301bbfa0438b45d8",
  "name": "Pikante Thunfisch-Burger ",
  "seoName": null,
  "category": null,
  "slug": "pikante-thunfisch-burger",
  "headline": "mit Zitronen-Mayonnaise und knusprigen Kartoffel-Wedges",
  "description": "",
  "descriptionHTML": "",
  "descriptionMarkdown": "",
  "seoDescription": null,
  "comment": null,
  "difficulty": 2,
  "prepTime": "PT25M",
  "totalTime": null,
  "servingSize": 0,
  "createdAt": "2013-11-12T10:33:47+00:00",
  "updatedAt": "2016-05-30T11:27:28+00:00",
  "link": "https://hellofresh.com/recipes/5282040b301bbfa0438b45d8",
  "imageLink": "https://d3hvwccx09j84u.cloudfront.net/0,0/image/5282040b301bbfa0438b45d8.jpg",
  "cardLink": null,
  "videoLink": null,
  "nutrition": [],
  "ingredients": [],
  "allergens": [],
  "utensils": [],
  "tags": [],
  "cuisines": [],
  "wines": [],
  "marketplaceItems": [],
  "author": null,
  "label": null,
  "yieldType": null,
  "yields": [],
  "steps": [],
  "averageRating": 3.3,
  "ratingsCount": 12,
  "favoritesCount": 99,
  "active": true,
  "highlighted": false,
  "isDinnerToLunch": false,
  "isExcludedFromIndex": false,
  "isPremium": false,
  "websiteUrl": "https://www.hellofresh.de/recipes/pikante-thunfisch-burger-5282040b301bbfa0438b45d8",
  "clonedFrom": null,
  "canonical": null,
  "canonicalLink": null
}
