{
  "country": "DE",
  "id": "5283b101301bbf5f188b456e",
  "name": "Mit Basmatireis, Rosinen und Ricotta gefüllter Butternusskürbis",
  "seoName": null,
  "category": null,
  "slug": "mit-basmatireis-rosinen-und-ricotta-gefullter-butternusskurbis",
  "headline": "",
  "description": "",
  "descriptionHTML": "",
  "descriptionMarkdown": "",
  "seoDescription": null,
  "comment": null,
  "difficulty": 3,
  "prepTime": "PT40M",
  "totalTime": null,
  "servingSize": 0,
  "createdAt": "2013-11-13T17:04:01+00:00",
  "updatedAt": "2015-11-08T22:16:59+00:00",
  "link": "https://hellofresh.com/recipes/5283b101301bbf5f188b456e",
  "imageLink": "https://d3hvwccx09j84u.cloudfront.net/0,0/image/5283b101301bbf5f188b456e.jpg",
  "cardLink": null,
  "videoLink": null,
  "nutrition": [],
  "ingredients": [],
  "allergens": [],
  "utensils": [],
  "tags": [],
  "cuisines": [],
  "wines": [],
  "marketplaceItems": [],
  "author": null,
  "label": null,
  "yieldType": null,
  "yields": [],
  "steps": [],
  "averageRating": 1.8,
  "ratingsCount": 4,
  "favoritesCount": 11,
  "active": true,
  "highlighted": false,
  "isDinnerToLunch": false,
  "isExcludedFromIndex": false,
  "isPremium": false,
  "websiteUrl": "https://www.hellofresh.de/recipes/mit-basmatireis-rosinen-und-ricotta-gefullter-butternusskurbis-5283b101301bbf5f188b456e",
  "clonedFrom": null,
  "canonical": null,
  "canonicalLink": null
}
