{
  "country": "DE",
  "id": "5283af41301bbf5f188b456d",
  "name": "Knackige Maiskolben mit mexikanisch gewürzte Kartoffeln ",
  "seoName": null,
  "category": null,
  "slug": "knackige-maiskolben-mit-mexikanisch-gewurzte-kartoffeln",
  "headline": "dazu Schmand und selbstgemachte Salsa",
  "description": "",
  "descriptionHTML": "",
  "descriptionMarkdown": "",
  "seoDescription": null,
  "comment": null,
  "difficulty": 2,
  "prepTime": "PT30M",
  "totalTime": null,
  "servingSize": 0,
  "createdAt": "2013-11-13T16:56:33+00:00",
  "updatedAt": "2016-04-10T07:00:24+00:00",
  "link": "https://hellofresh.com/recipes/5283af41301bbf5f188b456d",
  "imageLink": "https://d3hvwccx09j84u.cloudfront.net/0,0/image/5283af41301bbf5f188b456d.jpg",
  "cardLink": null,
  "videoLink": null,
  "nutrition": [],
  "ingredients": [],
  "allergens": [],
  "utensils": [],
  "tags": [],
  "cuisines": [],
  "wines": [],
  "marketplaceItems": [],
  "author": null,
  "label": null,
  "yieldType": null,
  "yields": [],
  "steps": [],
  "averageRating": 3.4,
  "ratingsCount": 5,
  "favoritesCount": 36,
  "active": true,
  "highlighted": false,
  "isDinnerToLunch": false,
  "isExcludedFromIndex": false,
  "isPremium": false,
  "websiteUrl": "https://www.hellofresh.de/recipes/knackige-maiskolben-mit-mexikanisch-gewurzte-kartoffeln-5283af41301bbf5f188b456d",
  "clonedFrom": null,
  "canonical": null,
  "canonicalLink": null
}
