{
  "country": "DE",
  "id": "5283911d301bbfd46f8b4577",
  "name": "Rigatoni In Feuriger Tomaten-Paprikasoße",
  "seoName": null,
  "category": null,
  "slug": "rigatoni-in-feuriger-tomaten-paprikasosze",
  "headline": "mit Mozzarella und frischem Oregano",
  "description": "",
  "descriptionHTML": "",
  "descriptionMarkdown": "",
  "seoDescription": null,
  "comment": null,
  "difficulty": 1,
  "prepTime": "PT35M",
  "totalTime": null,
  "servingSize": 0,
  "createdAt": "2013-11-13T14:47:57+00:00",
  "updatedAt": "2016-04-10T07:00:45+00:00",
  "link": "https://hellofresh.com/recipes/5283911d301bbfd46f8b4577",
  "imageLink": "https://d3hvwccx09j84u.cloudfront.net/0,0/image/5283911d301bbfd46f8b4577.jpg",
  "cardLink": null,
  "videoLink": null,
  "nutrition": [],
  "ingredients": [],
  "allergens": [],
  "utensils": [],
  "tags": [],
  "cuisines": [],
  "wines": [],
  "marketplaceItems": [],
  "author": null,
  "label": null,
  "yieldType": null,
  "yields": [],
  "steps": [],
  "averageRating": 3.6,
  "ratingsCount": 11,
  "favoritesCount": 144,
  "active": true,
  "highlighted": false,
  "isDinnerToLunch": false,
  "isExcludedFromIndex": false,
  "isPremium": false,
  "websiteUrl": "https://www.hellofresh.de/recipes/rigatoni-in-feuriger-tomaten-paprikasosze-5283911d301bbfd46f8b4577",
  "clonedFrom": null,
  "canonical": null,
  "canonicalLink": null
}
