{
  "country": "DE",
  "id": "5283ba43301bbf5f188b456f",
  "name": "Krosse Putenschnitzel",
  "seoName": null,
  "category": null,
  "slug": "krosse-putenschnitzel",
  "headline": " mit knusprigen Kartoffel-Wedges, Schalotten-Stangenbohnen und Dill-Schmand-Soße",
  "description": "",
  "descriptionHTML": "",
  "descriptionMarkdown": "",
  "seoDescription": null,
  "comment": null,
  "difficulty": 3,
  "prepTime": "PT30M",
  "totalTime": null,
  "servingSize": 0,
  "createdAt": "2013-11-13T17:43:31+00:00",
  "updatedAt": "2016-01-31T17:26:56+00:00",
  "link": "https://hellofresh.com/recipes/5283ba43301bbf5f188b456f",
  "imageLink": "https://d3hvwccx09j84u.cloudfront.net/0,0/image/5283ba43301bbf5f188b456f.jpg",
  "cardLink": null,
  "videoLink": null,
  "nutrition": [],
  "ingredients": [],
  "allergens": [],
  "utensils": [],
  "tags": [],
  "cuisines": [],
  "wines": [],
  "marketplaceItems": [],
  "author": null,
  "label": null,
  "yieldType": null,
  "yields": [],
  "steps": [],
  "averageRating": 3.9,
  "ratingsCount": 7,
  "favoritesCount": 121,
  "active": true,
  "highlighted": false,
  "isDinnerToLunch": false,
  "isExcludedFromIndex": false,
  "isPremium": false,
  "websiteUrl": "https://www.hellofresh.de/recipes/krosse-putenschnitzel-5283ba43301bbf5f188b456f",
  "clonedFrom": null,
  "canonical": null,
  "canonicalLink": null
}
