{
  "country": "DE",
  "id": "528396b6301bbfa0438b45e6",
  "name": "Chorizo-Arborio Reis-Pfanne ,,España‘‘",
  "seoName": null,
  "category": null,
  "slug": "chorizo-arborio-reis-pfanne-espana",
  "headline": "mit Karotten, grünen Bohnen und Gouda",
  "description": "",
  "descriptionHTML": "",
  "descriptionMarkdown": "",
  "seoDescription": null,
  "comment": null,
  "difficulty": 2,
  "prepTime": "PT35M",
  "totalTime": null,
  "servingSize": 0,
  "createdAt": "2013-11-13T15:11:50+00:00",
  "updatedAt": "2016-06-14T17:58:20+00:00",
  "link": "https://hellofresh.com/recipes/528396b6301bbfa0438b45e6",
  "imageLink": "https://d3hvwccx09j84u.cloudfront.net/0,0/image/528396b6301bbfa0438b45e6.jpg",
  "cardLink": null,
  "videoLink": null,
  "nutrition": [],
  "ingredients": [],
  "allergens": [],
  "utensils": [],
  "tags": [],
  "cuisines": [],
  "wines": [],
  "marketplaceItems": [],
  "author": null,
  "label": null,
  "yieldType": null,
  "yields": [],
  "steps": [],
  "averageRating": 3,
  "ratingsCount": 7,
  "favoritesCount": 94,
  "active": true,
  "highlighted": false,
  "isDinnerToLunch": false,
  "isExcludedFromIndex": false,
  "isPremium": false,
  "websiteUrl": "https://www.hellofresh.de/recipes/chorizo-arborio-reis-pfanne-espana-528396b6301bbfa0438b45e6",
  "clonedFrom": null,
  "canonical": null,
  "canonicalLink": null
}
