{
  "country": "DE",
  "id": "5283b88d301bbfd46f8b4581",
  "name": "Delikate Grillspieße vom Schwein",
  "seoName": null,
  "category": null,
  "slug": "delikate-grillspiesze-vom-schwein",
  "headline": "mit Senf-Knoblauch-Marinade und Kräuter-Joghurt-Soße auf Langkornreis",
  "description": "",
  "descriptionHTML": "",
  "descriptionMarkdown": "",
  "seoDescription": null,
  "comment": null,
  "difficulty": 2,
  "prepTime": "PT25M",
  "totalTime": null,
  "servingSize": 0,
  "createdAt": "2013-11-13T17:36:13+00:00",
  "updatedAt": "2016-06-04T16:28:00+00:00",
  "link": "https://hellofresh.com/recipes/5283b88d301bbfd46f8b4581",
  "imageLink": "https://d3hvwccx09j84u.cloudfront.net/0,0/image/5283b88d301bbfd46f8b4581.jpg",
  "cardLink": null,
  "videoLink": null,
  "nutrition": [],
  "ingredients": [],
  "allergens": [],
  "utensils": [],
  "tags": [],
  "cuisines": [],
  "wines": [],
  "marketplaceItems": [],
  "author": null,
  "label": null,
  "yieldType": null,
  "yields": [],
  "steps": [],
  "averageRating": 3.5,
  "ratingsCount": 10,
  "favoritesCount": 101,
  "active": true,
  "highlighted": false,
  "isDinnerToLunch": false,
  "isExcludedFromIndex": false,
  "isPremium": false,
  "websiteUrl": "https://www.hellofresh.de/recipes/delikate-grillspiesze-vom-schwein-5283b88d301bbfd46f8b4581",
  "clonedFrom": null,
  "canonical": null,
  "canonicalLink": null
}
