{
  "country": "DE",
  "id": "5283835c301bbfad3d8b45ec",
  "name": "Champignon und Karamellisierte Zwiebeln-Tarte",
  "seoName": null,
  "category": null,
  "slug": "champignon-und-karamellisierte-zwiebeln-tarte",
  "headline": "verfeinert mit Crème fraîche und Kräutern der Provence",
  "description": "",
  "descriptionHTML": "",
  "descriptionMarkdown": "",
  "seoDescription": null,
  "comment": null,
  "difficulty": 1,
  "prepTime": "PT35M",
  "totalTime": null,
  "servingSize": 0,
  "createdAt": "2013-11-13T13:49:16+00:00",
  "updatedAt": "2016-01-14T22:11:14+00:00",
  "link": "https://hellofresh.com/recipes/5283835c301bbfad3d8b45ec",
  "imageLink": "https://d3hvwccx09j84u.cloudfront.net/0,0/image/5283835c301bbfad3d8b45ec.jpg",
  "cardLink": null,
  "videoLink": null,
  "nutrition": [],
  "ingredients": [],
  "allergens": [],
  "utensils": [],
  "tags": [],
  "cuisines": [],
  "wines": [],
  "marketplaceItems": [],
  "author": null,
  "label": null,
  "yieldType": null,
  "yields": [],
  "steps": [],
  "averageRating": 3,
  "ratingsCount": 15,
  "favoritesCount": 128,
  "active": true,
  "highlighted": false,
  "isDinnerToLunch": false,
  "isExcludedFromIndex": false,
  "isPremium": false,
  "websiteUrl": "https://www.hellofresh.de/recipes/champignon-und-karamellisierte-zwiebeln-tarte-5283835c301bbfad3d8b45ec",
  "clonedFrom": null,
  "canonical": null,
  "canonicalLink": null
}
