{
  "country": "DE",
  "id": "528362c9301bbfa0438b45e3",
  "name": "Schweinelachsteak in Rosmarin-Zitronen-Marinade",
  "seoName": null,
  "category": null,
  "slug": "schweinelachsteak-in-rosmarin-zitronen-marinade",
  "headline": "dazu braun gebratene Spätzle und Rahmspinat",
  "description": "",
  "descriptionHTML": "",
  "descriptionMarkdown": "",
  "seoDescription": null,
  "comment": null,
  "difficulty": 1,
  "prepTime": "PT35M",
  "totalTime": null,
  "servingSize": 0,
  "createdAt": "2013-11-13T11:30:17+00:00",
  "updatedAt": "2016-01-31T17:26:44+00:00",
  "link": "https://hellofresh.com/recipes/528362c9301bbfa0438b45e3",
  "imageLink": "https://d3hvwccx09j84u.cloudfront.net/0,0/image/528362c9301bbfa0438b45e3.jpg",
  "cardLink": null,
  "videoLink": null,
  "nutrition": [],
  "ingredients": [],
  "allergens": [],
  "utensils": [],
  "tags": [],
  "cuisines": [],
  "wines": [],
  "marketplaceItems": [],
  "author": null,
  "label": null,
  "yieldType": null,
  "yields": [],
  "steps": [],
  "averageRating": 3.8,
  "ratingsCount": 23,
  "favoritesCount": 192,
  "active": true,
  "highlighted": false,
  "isDinnerToLunch": false,
  "isExcludedFromIndex": false,
  "isPremium": false,
  "websiteUrl": "https://www.hellofresh.de/recipes/schweinelachsteak-in-rosmarin-zitronen-marinade-528362c9301bbfa0438b45e3",
  "clonedFrom": null,
  "canonical": null,
  "canonicalLink": null
}
