{
  "country": "DE",
  "id": "5283c078301bbf5f188b4570",
  "name": "Blumenkohl-Speck-Quiche",
  "seoName": null,
  "category": null,
  "slug": "blumenkohl-speck-quiche",
  "headline": "mit Muskat und Emmentaler dazu Feldsalat",
  "description": "",
  "descriptionHTML": "",
  "descriptionMarkdown": "",
  "seoDescription": null,
  "comment": null,
  "difficulty": 2,
  "prepTime": "PT30M",
  "totalTime": null,
  "servingSize": 0,
  "createdAt": "2013-11-13T18:10:00+00:00",
  "updatedAt": "2016-05-24T14:07:05+00:00",
  "link": "https://hellofresh.com/recipes/5283c078301bbf5f188b4570",
  "imageLink": "https://d3hvwccx09j84u.cloudfront.net/0,0/image/5283c078301bbf5f188b4570.jpg",
  "cardLink": null,
  "videoLink": null,
  "nutrition": [],
  "ingredients": [],
  "allergens": [],
  "utensils": [],
  "tags": [],
  "cuisines": [],
  "wines": [],
  "marketplaceItems": [],
  "author": null,
  "label": null,
  "yieldType": null,
  "yields": [],
  "steps": [],
  "averageRating": 2.9,
  "ratingsCount": 11,
  "favoritesCount": 65,
  "active": true,
  "highlighted": false,
  "isDinnerToLunch": false,
  "isExcludedFromIndex": false,
  "isPremium": false,
  "websiteUrl": "https://www.hellofresh.de/recipes/blumenkohl-speck-quiche-5283c078301bbf5f188b4570",
  "clonedFrom": null,
  "canonical": null,
  "canonicalLink": null
}
