{
  "country": "DE",
  "id": "5283bd52301bbfd46f8b4582",
  "name": "Sommerliches Gemüserisotto",
  "seoName": null,
  "category": null,
  "slug": "sommerliches-gemuserisotto",
  "headline": "mit Porree und Zucchini, verfeinert mit Creme fraiche und Rucola",
  "description": "",
  "descriptionHTML": "",
  "descriptionMarkdown": "",
  "seoDescription": null,
  "comment": null,
  "difficulty": 2,
  "prepTime": "PT30M",
  "totalTime": null,
  "servingSize": 0,
  "createdAt": "2013-11-13T17:56:34+00:00",
  "updatedAt": "2016-01-30T14:19:21+00:00",
  "link": "https://hellofresh.com/recipes/5283bd52301bbfd46f8b4582",
  "imageLink": "https://d3hvwccx09j84u.cloudfront.net/0,0/image/5283bd52301bbfd46f8b4582.jpg",
  "cardLink": null,
  "videoLink": null,
  "nutrition": [],
  "ingredients": [],
  "allergens": [],
  "utensils": [],
  "tags": [],
  "cuisines": [],
  "wines": [],
  "marketplaceItems": [],
  "author": null,
  "label": null,
  "yieldType": null,
  "yields": [],
  "steps": [],
  "averageRating": 2.5,
  "ratingsCount": 6,
  "favoritesCount": 90,
  "active": true,
  "highlighted": false,
  "isDinnerToLunch": false,
  "isExcludedFromIndex": false,
  "isPremium": false,
  "websiteUrl": "https://www.hellofresh.de/recipes/sommerliches-gemuserisotto-5283bd52301bbfd46f8b4582",
  "clonedFrom": null,
  "canonical": null,
  "canonicalLink": null
}
