{
  "country": "DE",
  "id": "5283ad00301bbfd46f8b4580",
  "name": "Erfrischender Griechischer Salat",
  "seoName": null,
  "category": null,
  "slug": "erfrischender-griechischer-salat",
  "headline": "mit Feta und Kichererbsen serviert mit krossen Pita Taschen",
  "description": "",
  "descriptionHTML": "",
  "descriptionMarkdown": "",
  "seoDescription": null,
  "comment": null,
  "difficulty": 1,
  "prepTime": "PT20M",
  "totalTime": null,
  "servingSize": 0,
  "createdAt": "2013-11-13T16:46:56+00:00",
  "updatedAt": "2016-08-13T16:26:42+00:00",
  "link": "https://hellofresh.com/recipes/5283ad00301bbfd46f8b4580",
  "imageLink": "https://d3hvwccx09j84u.cloudfront.net/0,0/image/5283ad00301bbfd46f8b4580.jpg",
  "cardLink": null,
  "videoLink": null,
  "nutrition": [],
  "ingredients": [],
  "allergens": [],
  "utensils": [],
  "tags": [],
  "cuisines": [],
  "wines": [],
  "marketplaceItems": [],
  "author": null,
  "label": null,
  "yieldType": null,
  "yields": [],
  "steps": [],
  "averageRating": 3.8,
  "ratingsCount": 4,
  "favoritesCount": 49,
  "active": true,
  "highlighted": false,
  "isDinnerToLunch": false,
  "isExcludedFromIndex": false,
  "isPremium": false,
  "websiteUrl": "https://www.hellofresh.de/recipes/erfrischender-griechischer-salat-5283ad00301bbfd46f8b4580",
  "clonedFrom": null,
  "canonical": null,
  "canonicalLink": null
}
