{
  "country": "DE",
  "id": "52835c60301bbfd46f8b4573",
  "name": "Parmesan-Puten-Goujons",
  "seoName": null,
  "category": null,
  "slug": "parmesan-puten-goujons",
  "headline": "mit Karotten-Kartoffelstampf und Thymian-Tomatensalat ",
  "description": "",
  "descriptionHTML": "",
  "descriptionMarkdown": "",
  "seoDescription": null,
  "comment": null,
  "difficulty": 2,
  "prepTime": "PT30M",
  "totalTime": null,
  "servingSize": 0,
  "createdAt": "2013-11-13T11:02:56+00:00",
  "updatedAt": "2016-01-23T18:35:06+00:00",
  "link": "https://hellofresh.com/recipes/52835c60301bbfd46f8b4573",
  "imageLink": "https://d3hvwccx09j84u.cloudfront.net/0,0/image/52835c60301bbfd46f8b4573.jpg",
  "cardLink": null,
  "videoLink": null,
  "nutrition": [],
  "ingredients": [],
  "allergens": [],
  "utensils": [],
  "tags": [],
  "cuisines": [],
  "wines": [],
  "marketplaceItems": [],
  "author": null,
  "label": null,
  "yieldType": null,
  "yields": [],
  "steps": [],
  "averageRating": 3.4,
  "ratingsCount": 14,
  "favoritesCount": 133,
  "active": true,
  "highlighted": false,
  "isDinnerToLunch": false,
  "isExcludedFromIndex": false,
  "isPremium": false,
  "websiteUrl": "https://www.hellofresh.de/recipes/parmesan-puten-goujons-52835c60301bbfd46f8b4573",
  "clonedFrom": null,
  "canonical": null,
  "canonicalLink": null
}
