{
  "country": "DE",
  "id": "5286516e301bbf5f188b4588",
  "name": "Libanesischer Fattoush-Salat",
  "seoName": null,
  "category": null,
  "slug": "libanesischer-fattoush-salat",
  "headline": "mit Feta, krossem Pita-Brot, Petersilie und Minze",
  "description": "",
  "descriptionHTML": "",
  "descriptionMarkdown": "",
  "seoDescription": null,
  "comment": null,
  "difficulty": 1,
  "prepTime": "PT20M",
  "totalTime": null,
  "servingSize": 0,
  "createdAt": "2013-11-15T16:53:02+00:00",
  "updatedAt": "2016-04-19T14:17:08+00:00",
  "link": "https://hellofresh.com/recipes/5286516e301bbf5f188b4588",
  "imageLink": "https://d3hvwccx09j84u.cloudfront.net/0,0/image/5286516e301bbf5f188b4588.jpg",
  "cardLink": null,
  "videoLink": null,
  "nutrition": [],
  "ingredients": [],
  "allergens": [],
  "utensils": [],
  "tags": [],
  "cuisines": [],
  "wines": [],
  "marketplaceItems": [],
  "author": null,
  "label": null,
  "yieldType": null,
  "yields": [],
  "steps": [],
  "averageRating": 3.5,
  "ratingsCount": 2,
  "favoritesCount": 33,
  "active": true,
  "highlighted": false,
  "isDinnerToLunch": false,
  "isExcludedFromIndex": false,
  "isPremium": false,
  "websiteUrl": "https://www.hellofresh.de/recipes/libanesischer-fattoush-salat-5286516e301bbf5f188b4588",
  "clonedFrom": null,
  "canonical": "5602943679a23ceb2a8b4567",
  "canonicalLink": "https://www.hellofresh.de/recipes/libanesischer-fattoush-salat-5602943679a23ceb2a8b4567"
}
