{
  "country": "DE",
  "id": "52864f2d301bbf5f188b4586",
  "name": "Paprika-Karotten-Reisnudelpfanne",
  "seoName": null,
  "category": null,
  "slug": "paprika-karotten-reisnudelpfanne",
  "headline": "mit pikanter Kokosmilch-Soße und gerösteten Erdnüssen",
  "description": "",
  "descriptionHTML": "",
  "descriptionMarkdown": "",
  "seoDescription": null,
  "comment": null,
  "difficulty": 2,
  "prepTime": "PT25M",
  "totalTime": null,
  "servingSize": 0,
  "createdAt": "2013-11-15T16:43:25+00:00",
  "updatedAt": "2015-04-20T12:41:47+00:00",
  "link": "https://hellofresh.com/recipes/52864f2d301bbf5f188b4586",
  "imageLink": "https://d3hvwccx09j84u.cloudfront.net/0,0/image/52864f2d301bbf5f188b4586.jpg",
  "cardLink": null,
  "videoLink": null,
  "nutrition": [],
  "ingredients": [],
  "allergens": [],
  "utensils": [],
  "tags": [],
  "cuisines": [],
  "wines": [],
  "marketplaceItems": [],
  "author": null,
  "label": null,
  "yieldType": null,
  "yields": [],
  "steps": [],
  "averageRating": 2.5,
  "ratingsCount": 4,
  "favoritesCount": 13,
  "active": true,
  "highlighted": false,
  "isDinnerToLunch": false,
  "isExcludedFromIndex": false,
  "isPremium": false,
  "websiteUrl": "https://www.hellofresh.de/recipes/paprika-karotten-reisnudelpfanne-52864f2d301bbf5f188b4586",
  "clonedFrom": null,
  "canonical": null,
  "canonicalLink": null
}
