{
  "country": "DE",
  "id": "52864dcf301bbfd46f8b4598",
  "name": "Maiskolben in feiner Knoblauchbutter",
  "seoName": null,
  "category": null,
  "slug": "maiskolben-in-feiner-knoblauchbutter",
  "headline": "mit Zitronen-Kräuter-Kartoffelsalat und Joghurt-Schnittlauch-Soße",
  "description": "",
  "descriptionHTML": "",
  "descriptionMarkdown": "",
  "seoDescription": null,
  "comment": null,
  "difficulty": 2,
  "prepTime": "PT30M",
  "totalTime": null,
  "servingSize": 0,
  "createdAt": "2013-11-15T16:37:35+00:00",
  "updatedAt": "2016-04-10T07:00:19+00:00",
  "link": "https://hellofresh.com/recipes/52864dcf301bbfd46f8b4598",
  "imageLink": "https://d3hvwccx09j84u.cloudfront.net/0,0/image/52864dcf301bbfd46f8b4598.jpg",
  "cardLink": null,
  "videoLink": null,
  "nutrition": [],
  "ingredients": [],
  "allergens": [],
  "utensils": [],
  "tags": [],
  "cuisines": [],
  "wines": [],
  "marketplaceItems": [],
  "author": null,
  "label": null,
  "yieldType": null,
  "yields": [],
  "steps": [],
  "averageRating": 2.9,
  "ratingsCount": 174,
  "favoritesCount": 44,
  "active": true,
  "highlighted": false,
  "isDinnerToLunch": false,
  "isExcludedFromIndex": false,
  "isPremium": false,
  "websiteUrl": "https://www.hellofresh.de/recipes/maiskolben-in-feiner-knoblauchbutter-52864dcf301bbfd46f8b4598",
  "clonedFrom": null,
  "canonical": null,
  "canonicalLink": null
}
