{
  "country": "DE",
  "id": "5289f1d8301bbf5f188b45ab",
  "name": "Saftiges Rindersteak",
  "seoName": null,
  "category": null,
  "slug": "saftiges-rindersteak",
  "headline": "mit Chimichurri-Sauce auf Tomaten-Paprika-Couscous",
  "description": "",
  "descriptionHTML": "",
  "descriptionMarkdown": "",
  "seoDescription": null,
  "comment": null,
  "difficulty": 1,
  "prepTime": "PT30M",
  "totalTime": null,
  "servingSize": 0,
  "createdAt": "2013-11-18T10:54:16+00:00",
  "updatedAt": "2016-02-02T19:21:07+00:00",
  "link": "https://hellofresh.com/recipes/5289f1d8301bbf5f188b45ab",
  "imageLink": null,
  "cardLink": null,
  "videoLink": null,
  "nutrition": [],
  "ingredients": [],
  "allergens": [],
  "utensils": [],
  "tags": [],
  "cuisines": [],
  "wines": [],
  "marketplaceItems": [],
  "author": null,
  "label": null,
  "yieldType": null,
  "yields": [],
  "steps": [],
  "averageRating": 3.4,
  "ratingsCount": 5,
  "favoritesCount": 116,
  "active": false,
  "highlighted": false,
  "isDinnerToLunch": false,
  "isExcludedFromIndex": false,
  "isPremium": false,
  "websiteUrl": "https://www.hellofresh.de/recipes/saftiges-rindersteak-5289f1d8301bbf5f188b45ab",
  "clonedFrom": null,
  "canonical": null,
  "canonicalLink": null
}
