{
  "country": "DE",
  "id": "52948c56301bbfdb538b45e6",
  "name": "Kross gebratene Schupfnudeln",
  "seoName": null,
  "category": null,
  "slug": "kross-gebratene-schupfnudeln",
  "headline": "in Zucchini-getrocknete-Tomaten-Pesto",
  "description": "",
  "descriptionHTML": "",
  "descriptionMarkdown": "",
  "seoDescription": null,
  "comment": null,
  "difficulty": 2,
  "prepTime": "PT25M",
  "totalTime": null,
  "servingSize": 0,
  "createdAt": "2013-11-26T11:56:06+00:00",
  "updatedAt": "2016-01-27T08:15:08+00:00",
  "link": "https://hellofresh.com/recipes/52948c56301bbfdb538b45e6",
  "imageLink": "https://d3hvwccx09j84u.cloudfront.net/0,0/image/52948c56301bbfdb538b45e6.jpg",
  "cardLink": null,
  "videoLink": null,
  "nutrition": [],
  "ingredients": [],
  "allergens": [],
  "utensils": [],
  "tags": [],
  "cuisines": [],
  "wines": [],
  "marketplaceItems": [],
  "author": null,
  "label": null,
  "yieldType": null,
  "yields": [],
  "steps": [],
  "averageRating": 3.2,
  "ratingsCount": 16,
  "favoritesCount": 115,
  "active": true,
  "highlighted": false,
  "isDinnerToLunch": false,
  "isExcludedFromIndex": false,
  "isPremium": false,
  "websiteUrl": "https://www.hellofresh.de/recipes/kross-gebratene-schupfnudeln-52948c56301bbfdb538b45e6",
  "clonedFrom": null,
  "canonical": "55d1a00579a23cef4a8b4567",
  "canonicalLink": "https://www.hellofresh.de/recipes/kross-gebratene-schupfnudeln-mit-kostlicher-schinkenspeck-spitzkohl-sosze-55d1a00579a23cef4a8b4567"
}
