{
  "country": "DE",
  "id": "52947460301bbfdb538b45e5",
  "name": "Delikate Hähnchenbrust auf feinen Orangenscheiben ",
  "seoName": null,
  "category": null,
  "slug": "delikate-hahnchenbrust-auf-feinen-orangenscheiben",
  "headline": "mit Pastinaken, Kartoffeln und Crème fraîche-Soße",
  "description": "",
  "descriptionHTML": "",
  "descriptionMarkdown": "",
  "seoDescription": null,
  "comment": null,
  "difficulty": 1,
  "prepTime": "PT40M",
  "totalTime": null,
  "servingSize": 0,
  "createdAt": "2013-11-26T10:13:52+00:00",
  "updatedAt": "2016-02-17T15:54:52+00:00",
  "link": "https://hellofresh.com/recipes/52947460301bbfdb538b45e5",
  "imageLink": "https://d3hvwccx09j84u.cloudfront.net/0,0/image/52947460301bbfdb538b45e5.jpg",
  "cardLink": null,
  "videoLink": null,
  "nutrition": [],
  "ingredients": [],
  "allergens": [],
  "utensils": [],
  "tags": [],
  "cuisines": [],
  "wines": [],
  "marketplaceItems": [],
  "author": null,
  "label": null,
  "yieldType": null,
  "yields": [],
  "steps": [],
  "averageRating": 3.5,
  "ratingsCount": 13,
  "favoritesCount": 105,
  "active": true,
  "highlighted": false,
  "isDinnerToLunch": false,
  "isExcludedFromIndex": false,
  "isPremium": false,
  "websiteUrl": "https://www.hellofresh.de/recipes/delikate-hahnchenbrust-auf-feinen-orangenscheiben-52947460301bbfdb538b45e5",
  "clonedFrom": null,
  "canonical": null,
  "canonicalLink": null
}
