{
  "country": "DE",
  "id": "529487b5301bbf72768b45ae",
  "name": "Cremige Hokkaido Kürbissuppe",
  "seoName": null,
  "category": null,
  "slug": "cremige-hokkaido-kurbissuppe",
  "headline": "garniert mit krossen Croutons, Schnittlauch und Kürbiskernen",
  "description": "",
  "descriptionHTML": "",
  "descriptionMarkdown": "",
  "seoDescription": null,
  "comment": null,
  "difficulty": 1,
  "prepTime": "PT35M",
  "totalTime": null,
  "servingSize": 0,
  "createdAt": "2013-11-26T11:36:21+00:00",
  "updatedAt": "2016-01-30T14:30:01+00:00",
  "link": "https://hellofresh.com/recipes/529487b5301bbf72768b45ae",
  "imageLink": null,
  "cardLink": null,
  "videoLink": null,
  "nutrition": [],
  "ingredients": [],
  "allergens": [],
  "utensils": [],
  "tags": [],
  "cuisines": [],
  "wines": [],
  "marketplaceItems": [],
  "author": null,
  "label": null,
  "yieldType": null,
  "yields": [],
  "steps": [],
  "averageRating": 3.5,
  "ratingsCount": 8,
  "favoritesCount": 152,
  "active": false,
  "highlighted": false,
  "isDinnerToLunch": false,
  "isExcludedFromIndex": false,
  "isPremium": false,
  "websiteUrl": "https://www.hellofresh.de/recipes/cremige-hokkaido-kurbissuppe-529487b5301bbf72768b45ae",
  "clonedFrom": null,
  "canonical": null,
  "canonicalLink": null
}
