{
  "country": "DE",
  "id": "52948f89301bbfdb538b45e7",
  "name": "Pikante Pizzataschen",
  "seoName": null,
  "category": null,
  "slug": "pikante-pizzataschen",
  "headline": "mit feuriger Pepperoni Salami, Mozzarella und Oregano",
  "description": "",
  "descriptionHTML": "",
  "descriptionMarkdown": "",
  "seoDescription": null,
  "comment": null,
  "difficulty": 2,
  "prepTime": "PT30M",
  "totalTime": null,
  "servingSize": 0,
  "createdAt": "2013-11-26T12:09:45+00:00",
  "updatedAt": "2016-01-28T08:57:50+00:00",
  "link": "https://hellofresh.com/recipes/52948f89301bbfdb538b45e7",
  "imageLink": null,
  "cardLink": null,
  "videoLink": null,
  "nutrition": [],
  "ingredients": [],
  "allergens": [],
  "utensils": [],
  "tags": [],
  "cuisines": [],
  "wines": [],
  "marketplaceItems": [],
  "author": null,
  "label": null,
  "yieldType": null,
  "yields": [],
  "steps": [],
  "averageRating": 1,
  "ratingsCount": 1,
  "favoritesCount": 67,
  "active": false,
  "highlighted": false,
  "isDinnerToLunch": false,
  "isExcludedFromIndex": false,
  "isPremium": false,
  "websiteUrl": "https://www.hellofresh.de/recipes/pikante-pizzataschen-52948f89301bbfdb538b45e7",
  "clonedFrom": null,
  "canonical": null,
  "canonicalLink": null
}
