{
  "country": "DE",
  "id": "52b053b9453bc0deec8b4567",
  "name": "Cremige Räucherlachs-Fettuccine",
  "seoName": null,
  "category": null,
  "slug": "cremige-raucherlachs-fettuccine",
  "headline": "mit Crème fraîche, Rucola und roten Zwiebeln",
  "description": "",
  "descriptionHTML": "",
  "descriptionMarkdown": "",
  "seoDescription": null,
  "comment": null,
  "difficulty": 1,
  "prepTime": "PT20M",
  "totalTime": null,
  "servingSize": 0,
  "createdAt": "2013-12-17T13:38:01+00:00",
  "updatedAt": "2017-02-23T17:49:31+00:00",
  "link": "https://hellofresh.com/recipes/52b053b9453bc0deec8b4567",
  "imageLink": "https://d3hvwccx09j84u.cloudfront.net/0,0/image/52b053b9453bc0deec8b4567.jpg",
  "cardLink": null,
  "videoLink": null,
  "nutrition": [],
  "ingredients": [],
  "allergens": [],
  "utensils": [],
  "tags": [],
  "cuisines": [],
  "wines": [],
  "marketplaceItems": [],
  "author": null,
  "label": null,
  "yieldType": null,
  "yields": [],
  "steps": [],
  "averageRating": 3.2,
  "ratingsCount": 33,
  "favoritesCount": 259,
  "active": true,
  "highlighted": false,
  "isDinnerToLunch": false,
  "isExcludedFromIndex": false,
  "isPremium": false,
  "websiteUrl": "https://www.hellofresh.de/recipes/cremige-raucherlachs-fettuccine-52b053b9453bc0deec8b4567",
  "clonedFrom": null,
  "canonical": null,
  "canonicalLink": null
}
