{
  "country": "DE",
  "id": "52b05444453bc0e7ec8b4567",
  "name": "Würzige Mexikanische Gemüsewraps",
  "seoName": null,
  "category": null,
  "slug": "wurzige-mexikanische-gemusewraps",
  "headline": "mit Kidneybohnen, Schmand und Emmentaler",
  "description": "",
  "descriptionHTML": "",
  "descriptionMarkdown": "",
  "seoDescription": null,
  "comment": null,
  "difficulty": 1,
  "prepTime": "PT25M",
  "totalTime": null,
  "servingSize": 0,
  "createdAt": "2013-12-17T13:40:20+00:00",
  "updatedAt": "2016-07-20T22:10:57+00:00",
  "link": "https://hellofresh.com/recipes/52b05444453bc0e7ec8b4567",
  "imageLink": "https://d3hvwccx09j84u.cloudfront.net/0,0/image/52b05444453bc0e7ec8b4567.jpg",
  "cardLink": null,
  "videoLink": null,
  "nutrition": [],
  "ingredients": [],
  "allergens": [],
  "utensils": [],
  "tags": [],
  "cuisines": [],
  "wines": [],
  "marketplaceItems": [],
  "author": null,
  "label": null,
  "yieldType": null,
  "yields": [],
  "steps": [],
  "averageRating": 2.8,
  "ratingsCount": 29,
  "favoritesCount": 87,
  "active": true,
  "highlighted": false,
  "isDinnerToLunch": false,
  "isExcludedFromIndex": false,
  "isPremium": false,
  "websiteUrl": "https://www.hellofresh.de/recipes/wurzige-mexikanische-gemusewraps-52b05444453bc0e7ec8b4567",
  "clonedFrom": null,
  "canonical": null,
  "canonicalLink": null
}
