{
  "country": "DE",
  "id": "52b05592453bc0d5ec8b4567",
  "name": "Asia-Tofu-Spieße",
  "seoName": null,
  "category": null,
  "slug": "asia-tofu-spiesze",
  "headline": "mit Sesam-Honigkruste und Gemüse auf Mie-Nudeln",
  "description": "",
  "descriptionHTML": "",
  "descriptionMarkdown": "",
  "seoDescription": null,
  "comment": null,
  "difficulty": 1,
  "prepTime": "PT20M",
  "totalTime": null,
  "servingSize": 0,
  "createdAt": "2013-12-17T13:45:54+00:00",
  "updatedAt": "2016-07-17T07:51:19+00:00",
  "link": "https://hellofresh.com/recipes/52b05592453bc0d5ec8b4567",
  "imageLink": "https://d3hvwccx09j84u.cloudfront.net/0,0/image/52b05592453bc0d5ec8b4567.jpg",
  "cardLink": null,
  "videoLink": null,
  "nutrition": [],
  "ingredients": [],
  "allergens": [],
  "utensils": [],
  "tags": [],
  "cuisines": [],
  "wines": [],
  "marketplaceItems": [],
  "author": null,
  "label": null,
  "yieldType": null,
  "yields": [],
  "steps": [],
  "averageRating": 3.6,
  "ratingsCount": 7,
  "favoritesCount": 31,
  "active": true,
  "highlighted": false,
  "isDinnerToLunch": false,
  "isExcludedFromIndex": false,
  "isPremium": false,
  "websiteUrl": "https://www.hellofresh.de/recipes/asia-tofu-spiesze-52b05592453bc0d5ec8b4567",
  "clonedFrom": null,
  "canonical": null,
  "canonicalLink": null
}
