{
  "country": "DE",
  "id": "52b33528453bc0f5238b4567",
  "name": "Cremiges Rotes Thai Curry",
  "seoName": null,
  "category": null,
  "slug": "cremiges-rotes-thai-curry",
  "headline": "mit Putenbrust, Zucchini und grünen Bohnen auf Basmatireis",
  "description": "",
  "descriptionHTML": "",
  "descriptionMarkdown": "",
  "seoDescription": null,
  "comment": null,
  "difficulty": 2,
  "prepTime": "PT30M",
  "totalTime": null,
  "servingSize": 0,
  "createdAt": "2013-12-19T18:04:24+00:00",
  "updatedAt": "2016-07-27T18:16:19+00:00",
  "link": "https://hellofresh.com/recipes/52b33528453bc0f5238b4567",
  "imageLink": "https://d3hvwccx09j84u.cloudfront.net/0,0/image/52b33528453bc0f5238b4567.jpg",
  "cardLink": null,
  "videoLink": null,
  "nutrition": [],
  "ingredients": [],
  "allergens": [],
  "utensils": [],
  "tags": [],
  "cuisines": [],
  "wines": [],
  "marketplaceItems": [],
  "author": null,
  "label": null,
  "yieldType": null,
  "yields": [],
  "steps": [],
  "averageRating": 3.7,
  "ratingsCount": 42,
  "favoritesCount": 292,
  "active": true,
  "highlighted": false,
  "isDinnerToLunch": false,
  "isExcludedFromIndex": false,
  "isPremium": false,
  "websiteUrl": "https://www.hellofresh.de/recipes/cremiges-rotes-thai-curry-52b33528453bc0f5238b4567",
  "clonedFrom": null,
  "canonical": null,
  "canonicalLink": null
}
