{
  "country": "DE",
  "id": "52b33494453bc0f4238b4567",
  "name": "Glasiertes Rosmarin-Schweinefilet",
  "seoName": null,
  "category": null,
  "slug": "glasiertes-rosmarin-schweinefilet",
  "headline": "mit cremigem Frühlingszwiebel-Kartoffelpüree und Brokkolini",
  "description": "",
  "descriptionHTML": "",
  "descriptionMarkdown": "",
  "seoDescription": null,
  "comment": null,
  "difficulty": 2,
  "prepTime": "PT30M",
  "totalTime": null,
  "servingSize": 0,
  "createdAt": "2013-12-19T18:01:56+00:00",
  "updatedAt": "2016-07-20T22:11:01+00:00",
  "link": "https://hellofresh.com/recipes/52b33494453bc0f4238b4567",
  "imageLink": "https://d3hvwccx09j84u.cloudfront.net/0,0/image/52b33494453bc0f4238b4567.jpg",
  "cardLink": null,
  "videoLink": null,
  "nutrition": [],
  "ingredients": [],
  "allergens": [],
  "utensils": [],
  "tags": [],
  "cuisines": [],
  "wines": [],
  "marketplaceItems": [],
  "author": null,
  "label": null,
  "yieldType": null,
  "yields": [],
  "steps": [],
  "averageRating": 3.8,
  "ratingsCount": 42,
  "favoritesCount": 238,
  "active": true,
  "highlighted": false,
  "isDinnerToLunch": false,
  "isExcludedFromIndex": false,
  "isPremium": false,
  "websiteUrl": "https://www.hellofresh.de/recipes/glasiertes-rosmarin-schweinefilet-52b33494453bc0f4238b4567",
  "clonedFrom": null,
  "canonical": "525bda59301bbf68688b456c",
  "canonicalLink": "https://www.hellofresh.de/recipes/glasiertes-rosmarin-schweinefilet-525bda59301bbf68688b456c"
}
