{
  "country": "DE",
  "id": "52b33402453bc0e0238b4567",
  "name": "Lauwarmer Mediterraner Brotsalat",
  "seoName": null,
  "category": null,
  "slug": "lauwarmer-mediterraner-brotsalat",
  "headline": "mit Kirschtomaten, Zucchini und Mozzarella",
  "description": "",
  "descriptionHTML": "",
  "descriptionMarkdown": "",
  "seoDescription": null,
  "comment": null,
  "difficulty": 1,
  "prepTime": "PT30M",
  "totalTime": null,
  "servingSize": 0,
  "createdAt": "2013-12-19T17:59:30+00:00",
  "updatedAt": "2016-07-27T18:18:21+00:00",
  "link": "https://hellofresh.com/recipes/52b33402453bc0e0238b4567",
  "imageLink": "https://d3hvwccx09j84u.cloudfront.net/0,0/image/52b33402453bc0e0238b4567.jpg",
  "cardLink": null,
  "videoLink": null,
  "nutrition": [],
  "ingredients": [],
  "allergens": [],
  "utensils": [],
  "tags": [],
  "cuisines": [],
  "wines": [],
  "marketplaceItems": [],
  "author": null,
  "label": null,
  "yieldType": null,
  "yields": [],
  "steps": [],
  "averageRating": 3.9,
  "ratingsCount": 14,
  "favoritesCount": 57,
  "active": true,
  "highlighted": false,
  "isDinnerToLunch": false,
  "isExcludedFromIndex": false,
  "isPremium": false,
  "websiteUrl": "https://www.hellofresh.de/recipes/lauwarmer-mediterraner-brotsalat-52b33402453bc0e0238b4567",
  "clonedFrom": null,
  "canonical": null,
  "canonicalLink": null
}
