{
  "country": "DE",
  "id": "52b33351453bc0e2238b4567",
  "name": "Gnocchi in feiner Mascarpone- Tomatensoße",
  "seoName": null,
  "category": null,
  "slug": "gnocchi-in-feiner-mascarpone-tomatensosze",
  "headline": "garniert mit Basilikum und Pistazien",
  "description": "",
  "descriptionHTML": "",
  "descriptionMarkdown": "",
  "seoDescription": null,
  "comment": null,
  "difficulty": 1,
  "prepTime": "PT25M",
  "totalTime": null,
  "servingSize": 0,
  "createdAt": "2013-12-19T17:56:33+00:00",
  "updatedAt": "2017-02-23T17:49:38+00:00",
  "link": "https://hellofresh.com/recipes/52b33351453bc0e2238b4567",
  "imageLink": "https://d3hvwccx09j84u.cloudfront.net/0,0/image/52b33351453bc0e2238b4567.jpg",
  "cardLink": null,
  "videoLink": null,
  "nutrition": [],
  "ingredients": [],
  "allergens": [],
  "utensils": [],
  "tags": [],
  "cuisines": [],
  "wines": [],
  "marketplaceItems": [],
  "author": null,
  "label": null,
  "yieldType": null,
  "yields": [],
  "steps": [],
  "averageRating": 3.8,
  "ratingsCount": 62,
  "favoritesCount": 284,
  "active": true,
  "highlighted": false,
  "isDinnerToLunch": false,
  "isExcludedFromIndex": false,
  "isPremium": false,
  "websiteUrl": "https://www.hellofresh.de/recipes/gnocchi-in-feiner-mascarpone-tomatensosze-52b33351453bc0e2238b4567",
  "clonedFrom": null,
  "canonical": null,
  "canonicalLink": null
}
