{
  "country": "DE",
  "id": "52b47201453bc08f318b4567",
  "name": "Caesar Salat mit Bacon und Avocado",
  "seoName": null,
  "category": null,
  "slug": "caesar-salat-mit-bacon-und-avocado",
  "headline": "dazu knusprige Ciabatta-Croutons",
  "description": "",
  "descriptionHTML": "",
  "descriptionMarkdown": "",
  "seoDescription": null,
  "comment": null,
  "difficulty": 1,
  "prepTime": "PT25M",
  "totalTime": null,
  "servingSize": 0,
  "createdAt": "2013-12-20T16:36:17+00:00",
  "updatedAt": "2016-01-28T08:57:53+00:00",
  "link": "https://hellofresh.com/recipes/52b47201453bc08f318b4567",
  "imageLink": "https://d3hvwccx09j84u.cloudfront.net/0,0/image/52b47201453bc08f318b4567.jpg",
  "cardLink": null,
  "videoLink": null,
  "nutrition": [],
  "ingredients": [],
  "allergens": [],
  "utensils": [],
  "tags": [],
  "cuisines": [],
  "wines": [],
  "marketplaceItems": [],
  "author": null,
  "label": null,
  "yieldType": null,
  "yields": [],
  "steps": [],
  "averageRating": 3,
  "ratingsCount": 9,
  "favoritesCount": 113,
  "active": true,
  "highlighted": false,
  "isDinnerToLunch": false,
  "isExcludedFromIndex": false,
  "isPremium": false,
  "websiteUrl": "https://www.hellofresh.de/recipes/caesar-salat-mit-bacon-und-avocado-52b47201453bc08f318b4567",
  "clonedFrom": null,
  "canonical": null,
  "canonicalLink": null
}
