{
  "country": "DE",
  "id": "52b4734e453bc0a2318b4567",
  "name": "Würziger Thailändischer Reis",
  "seoName": null,
  "category": null,
  "slug": "wurziger-thailandischer-reis",
  "headline": "mit Putenbrust, grünen Bohnen und Karotten verfeinert mit Kokosmilch",
  "description": "",
  "descriptionHTML": "",
  "descriptionMarkdown": "",
  "seoDescription": null,
  "comment": null,
  "difficulty": 1,
  "prepTime": "PT30M",
  "totalTime": null,
  "servingSize": 0,
  "createdAt": "2013-12-20T16:41:50+00:00",
  "updatedAt": "2016-06-04T16:28:18+00:00",
  "link": "https://hellofresh.com/recipes/52b4734e453bc0a2318b4567",
  "imageLink": "https://d3hvwccx09j84u.cloudfront.net/0,0/image/52b4734e453bc0a2318b4567.jpg",
  "cardLink": null,
  "videoLink": null,
  "nutrition": [],
  "ingredients": [],
  "allergens": [],
  "utensils": [],
  "tags": [],
  "cuisines": [],
  "wines": [],
  "marketplaceItems": [],
  "author": null,
  "label": null,
  "yieldType": null,
  "yields": [],
  "steps": [],
  "averageRating": 3.5,
  "ratingsCount": 13,
  "favoritesCount": 147,
  "active": true,
  "highlighted": false,
  "isDinnerToLunch": false,
  "isExcludedFromIndex": false,
  "isPremium": false,
  "websiteUrl": "https://www.hellofresh.de/recipes/wurziger-thailandischer-reis-52b4734e453bc0a2318b4567",
  "clonedFrom": null,
  "canonical": null,
  "canonicalLink": null
}
