{
  "country": "DE",
  "id": "52b44f3b453bc0882e8b4567",
  "name": "Feine Käse-Tortellini",
  "seoName": null,
  "category": null,
  "slug": "feine-kase-tortellini",
  "headline": "mit buntem Ofengemüse und Pecorino",
  "description": "",
  "descriptionHTML": "",
  "descriptionMarkdown": "",
  "seoDescription": null,
  "comment": null,
  "difficulty": 1,
  "prepTime": "PT25M",
  "totalTime": null,
  "servingSize": 0,
  "createdAt": "2013-12-20T14:07:55+00:00",
  "updatedAt": "2017-02-23T17:49:40+00:00",
  "link": "https://hellofresh.com/recipes/52b44f3b453bc0882e8b4567",
  "imageLink": "https://d3hvwccx09j84u.cloudfront.net/0,0/image/52b44f3b453bc0882e8b4567.jpg",
  "cardLink": null,
  "videoLink": null,
  "nutrition": [],
  "ingredients": [],
  "allergens": [],
  "utensils": [],
  "tags": [],
  "cuisines": [],
  "wines": [],
  "marketplaceItems": [],
  "author": null,
  "label": null,
  "yieldType": null,
  "yields": [],
  "steps": [],
  "averageRating": 3.6,
  "ratingsCount": 41,
  "favoritesCount": 206,
  "active": true,
  "highlighted": false,
  "isDinnerToLunch": false,
  "isExcludedFromIndex": false,
  "isPremium": false,
  "websiteUrl": "https://www.hellofresh.de/recipes/feine-kase-tortellini-52b44f3b453bc0882e8b4567",
  "clonedFrom": null,
  "canonical": null,
  "canonicalLink": null
}
