{
  "country": "DE",
  "id": "52b44fe6453bc0862e8b4567",
  "name": "Karotten-Ingwer-Süppchen",
  "seoName": null,
  "category": null,
  "slug": "karotten-ingwer-suppchen",
  "headline": "verfeinert mit Kürbiskernen, Crème fraîche und Schnittlauchbutter-Steinofenbaguette ",
  "description": "",
  "descriptionHTML": "",
  "descriptionMarkdown": "",
  "seoDescription": null,
  "comment": null,
  "difficulty": 2,
  "prepTime": "PT30M",
  "totalTime": null,
  "servingSize": 0,
  "createdAt": "2013-12-20T14:10:46+00:00",
  "updatedAt": "2016-07-27T18:18:32+00:00",
  "link": "https://hellofresh.com/recipes/52b44fe6453bc0862e8b4567",
  "imageLink": "https://d3hvwccx09j84u.cloudfront.net/0,0/image/52b44fe6453bc0862e8b4567.jpg",
  "cardLink": null,
  "videoLink": null,
  "nutrition": [],
  "ingredients": [],
  "allergens": [],
  "utensils": [],
  "tags": [],
  "cuisines": [],
  "wines": [],
  "marketplaceItems": [],
  "author": null,
  "label": null,
  "yieldType": null,
  "yields": [],
  "steps": [],
  "averageRating": 3.8,
  "ratingsCount": 6,
  "favoritesCount": 40,
  "active": true,
  "highlighted": false,
  "isDinnerToLunch": false,
  "isExcludedFromIndex": false,
  "isPremium": false,
  "websiteUrl": "https://www.hellofresh.de/recipes/karotten-ingwer-suppchen-52b44fe6453bc0862e8b4567",
  "clonedFrom": null,
  "canonical": null,
  "canonicalLink": null
}
