{
  "country": "DE",
  "id": "52b451bc453bc08b2e8b4567",
  "name": "Blumenkohl-Speck-Quiche",
  "seoName": null,
  "category": null,
  "slug": "blumenkohl-speck-quiche",
  "headline": "mit Muskat und Emmentaler dazu Feldsalat",
  "description": "",
  "descriptionHTML": "",
  "descriptionMarkdown": "",
  "seoDescription": null,
  "comment": null,
  "difficulty": 2,
  "prepTime": "PT35M",
  "totalTime": null,
  "servingSize": 0,
  "createdAt": "2013-12-20T14:18:36+00:00",
  "updatedAt": "2016-07-20T22:11:17+00:00",
  "link": "https://hellofresh.com/recipes/52b451bc453bc08b2e8b4567",
  "imageLink": "https://d3hvwccx09j84u.cloudfront.net/0,0/image/52b451bc453bc08b2e8b4567.jpg",
  "cardLink": null,
  "videoLink": null,
  "nutrition": [],
  "ingredients": [],
  "allergens": [],
  "utensils": [],
  "tags": [],
  "cuisines": [],
  "wines": [],
  "marketplaceItems": [],
  "author": null,
  "label": null,
  "yieldType": null,
  "yields": [],
  "steps": [],
  "averageRating": 3.4,
  "ratingsCount": 14,
  "favoritesCount": 80,
  "active": true,
  "highlighted": false,
  "isDinnerToLunch": false,
  "isExcludedFromIndex": false,
  "isPremium": false,
  "websiteUrl": "https://www.hellofresh.de/recipes/blumenkohl-speck-quiche-52b451bc453bc08b2e8b4567",
  "clonedFrom": null,
  "canonical": null,
  "canonicalLink": null
}
