{
  "country": "DE",
  "id": "52b4631c453bc0d9308b4567",
  "name": "Pastinaken-Basmatireis-Pilaf",
  "seoName": null,
  "category": null,
  "slug": "pastinaken-basmatireis-pilaf",
  "headline": "mit Pistazien-Kräuter-Joghurt",
  "description": "",
  "descriptionHTML": "",
  "descriptionMarkdown": "",
  "seoDescription": null,
  "comment": null,
  "difficulty": 1,
  "prepTime": "PT35M",
  "totalTime": null,
  "servingSize": 0,
  "createdAt": "2013-12-20T15:32:44+00:00",
  "updatedAt": "2015-12-21T21:12:55+00:00",
  "link": "https://hellofresh.com/recipes/52b4631c453bc0d9308b4567",
  "imageLink": "https://d3hvwccx09j84u.cloudfront.net/0,0/image/52b4631c453bc0d9308b4567.jpg",
  "cardLink": null,
  "videoLink": null,
  "nutrition": [],
  "ingredients": [],
  "allergens": [],
  "utensils": [],
  "tags": [],
  "cuisines": [],
  "wines": [],
  "marketplaceItems": [],
  "author": null,
  "label": null,
  "yieldType": null,
  "yields": [],
  "steps": [],
  "averageRating": 1,
  "ratingsCount": 1,
  "favoritesCount": 9,
  "active": true,
  "highlighted": false,
  "isDinnerToLunch": false,
  "isExcludedFromIndex": false,
  "isPremium": false,
  "websiteUrl": "https://www.hellofresh.de/recipes/pastinaken-basmatireis-pilaf-52b4631c453bc0d9308b4567",
  "clonedFrom": null,
  "canonical": null,
  "canonicalLink": null
}
