{
  "country": "DE",
  "id": "52b47839453bc016328b4567",
  "name": "Terriyaki-Ofen-Tofu auf Jasminreis",
  "seoName": null,
  "category": null,
  "slug": "terriyaki-ofen-tofu-auf-jasminreis",
  "headline": "mit Spinat und braunen Champignons",
  "description": "",
  "descriptionHTML": "",
  "descriptionMarkdown": "",
  "seoDescription": null,
  "comment": null,
  "difficulty": 1,
  "prepTime": "PT30M",
  "totalTime": null,
  "servingSize": 0,
  "createdAt": "2013-12-20T17:02:49+00:00",
  "updatedAt": "2016-04-06T04:45:36+00:00",
  "link": "https://hellofresh.com/recipes/52b47839453bc016328b4567",
  "imageLink": "https://d3hvwccx09j84u.cloudfront.net/0,0/image/52b47839453bc016328b4567.jpg",
  "cardLink": null,
  "videoLink": null,
  "nutrition": [],
  "ingredients": [],
  "allergens": [],
  "utensils": [],
  "tags": [],
  "cuisines": [],
  "wines": [],
  "marketplaceItems": [],
  "author": null,
  "label": null,
  "yieldType": null,
  "yields": [],
  "steps": [],
  "averageRating": 4,
  "ratingsCount": 1,
  "favoritesCount": 22,
  "active": true,
  "highlighted": false,
  "isDinnerToLunch": false,
  "isExcludedFromIndex": false,
  "isPremium": false,
  "websiteUrl": "https://www.hellofresh.de/recipes/terriyaki-ofen-tofu-auf-jasminreis-52b47839453bc016328b4567",
  "clonedFrom": null,
  "canonical": null,
  "canonicalLink": null
}
