{
  "country": "DE",
  "id": "52b47ad6453bc05d328b4567",
  "name": "Bunter Perlgraupensalat",
  "seoName": null,
  "category": null,
  "slug": "bunter-perlgraupensalat",
  "headline": "mit Süßkartoffeln und Feta in einer feinen Vinaigrette",
  "description": "",
  "descriptionHTML": "",
  "descriptionMarkdown": "",
  "seoDescription": null,
  "comment": null,
  "difficulty": 1,
  "prepTime": "PT40M",
  "totalTime": null,
  "servingSize": 0,
  "createdAt": "2013-12-20T17:13:58+00:00",
  "updatedAt": "2015-10-03T23:11:23+00:00",
  "link": "https://hellofresh.com/recipes/52b47ad6453bc05d328b4567",
  "imageLink": "https://d3hvwccx09j84u.cloudfront.net/0,0/image/52b47ad6453bc05d328b4567.jpg",
  "cardLink": null,
  "videoLink": null,
  "nutrition": [],
  "ingredients": [],
  "allergens": [],
  "utensils": [],
  "tags": [],
  "cuisines": [],
  "wines": [],
  "marketplaceItems": [],
  "author": null,
  "label": null,
  "yieldType": null,
  "yields": [],
  "steps": [],
  "averageRating": 3,
  "ratingsCount": 1,
  "favoritesCount": 8,
  "active": true,
  "highlighted": false,
  "isDinnerToLunch": false,
  "isExcludedFromIndex": false,
  "isPremium": false,
  "websiteUrl": "https://www.hellofresh.de/recipes/bunter-perlgraupensalat-52b47ad6453bc05d328b4567",
  "clonedFrom": null,
  "canonical": null,
  "canonicalLink": null
}
