{
  "country": "DE",
  "id": "52b45558453bc0d82f8b4567",
  "name": "Würziges Beef Stroganoff",
  "seoName": null,
  "category": null,
  "slug": "wurziges-beef-stroganoff",
  "headline": "mit Champignons auf Kräuter-Tagliatelle",
  "description": "",
  "descriptionHTML": "",
  "descriptionMarkdown": "",
  "seoDescription": null,
  "comment": null,
  "difficulty": 3,
  "prepTime": "PT30M",
  "totalTime": null,
  "servingSize": 0,
  "createdAt": "2013-12-20T14:34:00+00:00",
  "updatedAt": "2016-07-20T22:11:21+00:00",
  "link": "https://hellofresh.com/recipes/52b45558453bc0d82f8b4567",
  "imageLink": "https://d3hvwccx09j84u.cloudfront.net/0,0/image/52b45558453bc0d82f8b4567.jpg",
  "cardLink": null,
  "videoLink": null,
  "nutrition": [],
  "ingredients": [],
  "allergens": [],
  "utensils": [],
  "tags": [],
  "cuisines": [],
  "wines": [],
  "marketplaceItems": [],
  "author": null,
  "label": null,
  "yieldType": null,
  "yields": [],
  "steps": [],
  "averageRating": 3.8,
  "ratingsCount": 38,
  "favoritesCount": 253,
  "active": true,
  "highlighted": false,
  "isDinnerToLunch": false,
  "isExcludedFromIndex": false,
  "isPremium": false,
  "websiteUrl": "https://www.hellofresh.de/recipes/wurziges-beef-stroganoff-52b45558453bc0d82f8b4567",
  "clonedFrom": null,
  "canonical": null,
  "canonicalLink": null
}
