{
  "country": "DE",
  "id": "52b45097453bc0872e8b4567",
  "name": "Lauwarmer Orzo-Salat",
  "seoName": null,
  "category": null,
  "slug": "lauwarmer-orzo-salat",
  "headline": "mit Paprika, Zucchini, Feta und gerösteten Pinienkernen",
  "description": "",
  "descriptionHTML": "",
  "descriptionMarkdown": "",
  "seoDescription": null,
  "comment": null,
  "difficulty": 1,
  "prepTime": "PT30M",
  "totalTime": null,
  "servingSize": 0,
  "createdAt": "2013-12-20T14:13:43+00:00",
  "updatedAt": "2016-07-17T07:29:12+00:00",
  "link": "https://hellofresh.com/recipes/52b45097453bc0872e8b4567",
  "imageLink": "https://d3hvwccx09j84u.cloudfront.net/0,0/image/52b45097453bc0872e8b4567.jpg",
  "cardLink": null,
  "videoLink": null,
  "nutrition": [],
  "ingredients": [],
  "allergens": [],
  "utensils": [],
  "tags": [],
  "cuisines": [],
  "wines": [],
  "marketplaceItems": [],
  "author": null,
  "label": null,
  "yieldType": null,
  "yields": [],
  "steps": [],
  "averageRating": 3.5,
  "ratingsCount": 25,
  "favoritesCount": 126,
  "active": true,
  "highlighted": false,
  "isDinnerToLunch": false,
  "isExcludedFromIndex": false,
  "isPremium": false,
  "websiteUrl": "https://www.hellofresh.de/recipes/lauwarmer-orzo-salat-52b45097453bc0872e8b4567",
  "clonedFrom": null,
  "canonical": null,
  "canonicalLink": null
}
