{
  "country": "DE",
  "id": "52b475e0453bc005328b4567",
  "name": "Schweinekotelett mit feiner Käse-Haube",
  "seoName": null,
  "category": null,
  "slug": "schweinekotelett-mit-feiner-kase-haube",
  "headline": "dazu Kartoffeln und spritziger Tomatensalat",
  "description": "",
  "descriptionHTML": "",
  "descriptionMarkdown": "",
  "seoDescription": null,
  "comment": null,
  "difficulty": 2,
  "prepTime": "PT40M",
  "totalTime": null,
  "servingSize": 0,
  "createdAt": "2013-12-20T16:52:48+00:00",
  "updatedAt": "2016-01-28T08:58:00+00:00",
  "link": "https://hellofresh.com/recipes/52b475e0453bc005328b4567",
  "imageLink": "https://d3hvwccx09j84u.cloudfront.net/0,0/image/52b475e0453bc005328b4567.jpg",
  "cardLink": null,
  "videoLink": null,
  "nutrition": [],
  "ingredients": [],
  "allergens": [],
  "utensils": [],
  "tags": [],
  "cuisines": [],
  "wines": [],
  "marketplaceItems": [],
  "author": null,
  "label": null,
  "yieldType": null,
  "yields": [],
  "steps": [],
  "averageRating": 3,
  "ratingsCount": 5,
  "favoritesCount": 85,
  "active": true,
  "highlighted": false,
  "isDinnerToLunch": false,
  "isExcludedFromIndex": false,
  "isPremium": false,
  "websiteUrl": "https://www.hellofresh.de/recipes/schweinekotelett-mit-feiner-kase-haube-52b475e0453bc005328b4567",
  "clonedFrom": null,
  "canonical": null,
  "canonicalLink": null
}
