{
  "country": "DE",
  "id": "52b47d87453bc08d328b4567",
  "name": "Pizza Bianco mit Rosmarin und Thymian",
  "seoName": null,
  "category": null,
  "slug": "pizza-bianco-mit-rosmarin-und-thymian",
  "headline": "verfeinert mit Mozzarella",
  "description": "",
  "descriptionHTML": "",
  "descriptionMarkdown": "",
  "seoDescription": null,
  "comment": null,
  "difficulty": 1,
  "prepTime": "PT35M",
  "totalTime": null,
  "servingSize": 0,
  "createdAt": "2013-12-20T17:25:27+00:00",
  "updatedAt": "2015-08-27T14:18:59+00:00",
  "link": "https://hellofresh.com/recipes/52b47d87453bc08d328b4567",
  "imageLink": "https://d3hvwccx09j84u.cloudfront.net/0,0/image/52b47d87453bc08d328b4567.jpg",
  "cardLink": null,
  "videoLink": null,
  "nutrition": [],
  "ingredients": [],
  "allergens": [],
  "utensils": [],
  "tags": [],
  "cuisines": [],
  "wines": [],
  "marketplaceItems": [],
  "author": null,
  "label": null,
  "yieldType": null,
  "yields": [],
  "steps": [],
  "averageRating": null,
  "ratingsCount": null,
  "favoritesCount": 1,
  "active": true,
  "highlighted": false,
  "isDinnerToLunch": false,
  "isExcludedFromIndex": false,
  "isPremium": false,
  "websiteUrl": "https://www.hellofresh.de/recipes/pizza-bianco-mit-rosmarin-und-thymian-52b47d87453bc08d328b4567",
  "clonedFrom": null,
  "canonical": null,
  "canonicalLink": null
}
