{
  "country": "DE",
  "id": "52b46766453bc0d8308b4567",
  "name": "Würzige Brokkoli-Paneer Pfanne",
  "seoName": null,
  "category": null,
  "slug": "wurzige-brokkoli-paneer-pfanne",
  "headline": "verfeinert mit Kokosmilch dazu Naanbrot",
  "description": "",
  "descriptionHTML": "",
  "descriptionMarkdown": "",
  "seoDescription": null,
  "comment": null,
  "difficulty": 1,
  "prepTime": "PT30M",
  "totalTime": null,
  "servingSize": 0,
  "createdAt": "2013-12-20T15:51:02+00:00",
  "updatedAt": "2016-02-19T11:02:59+00:00",
  "link": "https://hellofresh.com/recipes/52b46766453bc0d8308b4567",
  "imageLink": "https://d3hvwccx09j84u.cloudfront.net/0,0/image/52b46766453bc0d8308b4567.jpg",
  "cardLink": null,
  "videoLink": null,
  "nutrition": [],
  "ingredients": [],
  "allergens": [],
  "utensils": [],
  "tags": [],
  "cuisines": [],
  "wines": [],
  "marketplaceItems": [],
  "author": null,
  "label": null,
  "yieldType": null,
  "yields": [],
  "steps": [],
  "averageRating": null,
  "ratingsCount": null,
  "favoritesCount": 3,
  "active": true,
  "highlighted": false,
  "isDinnerToLunch": false,
  "isExcludedFromIndex": false,
  "isPremium": false,
  "websiteUrl": "https://www.hellofresh.de/recipes/wurzige-brokkoli-paneer-pfanne-52b46766453bc0d8308b4567",
  "clonedFrom": null,
  "canonical": null,
  "canonicalLink": null
}
