{
  "country": "DE",
  "id": "52b44aef453bc0502e8b4567",
  "name": "Thailändischer Massaman Curry",
  "seoName": null,
  "category": null,
  "slug": "thailandischer-massaman-curry",
  "headline": "mit Auberginen, Champignons und Cashewkernen auf Basmatireis",
  "description": "",
  "descriptionHTML": "",
  "descriptionMarkdown": "",
  "seoDescription": null,
  "comment": null,
  "difficulty": 2,
  "prepTime": "PT35M",
  "totalTime": null,
  "servingSize": 0,
  "createdAt": "2013-12-20T13:49:35+00:00",
  "updatedAt": "2015-05-29T18:58:43+00:00",
  "link": "https://hellofresh.com/recipes/52b44aef453bc0502e8b4567",
  "imageLink": "https://d3hvwccx09j84u.cloudfront.net/0,0/image/52b44aef453bc0502e8b4567.jpg",
  "cardLink": null,
  "videoLink": null,
  "nutrition": [],
  "ingredients": [],
  "allergens": [],
  "utensils": [],
  "tags": [],
  "cuisines": [],
  "wines": [],
  "marketplaceItems": [],
  "author": null,
  "label": null,
  "yieldType": null,
  "yields": [],
  "steps": [],
  "averageRating": 3.3,
  "ratingsCount": 4,
  "favoritesCount": 22,
  "active": true,
  "highlighted": false,
  "isDinnerToLunch": false,
  "isExcludedFromIndex": false,
  "isPremium": false,
  "websiteUrl": "https://www.hellofresh.de/recipes/thailandischer-massaman-curry-52b44aef453bc0502e8b4567",
  "clonedFrom": null,
  "canonical": null,
  "canonicalLink": null
}
