{
  "country": "DE",
  "id": "52b45aa7453bc0f12f8b4567",
  "name": "Knusprige Chili-Koriander- Kartoffelpuffer",
  "seoName": null,
  "category": null,
  "slug": "knusprige-chili-koriander-kartoffelpuffer",
  "headline": "mit Rucolasalat und selbstgemachten Mangosalsa",
  "description": "",
  "descriptionHTML": "",
  "descriptionMarkdown": "",
  "seoDescription": null,
  "comment": null,
  "difficulty": 2,
  "prepTime": "PT30M",
  "totalTime": null,
  "servingSize": 0,
  "createdAt": "2013-12-20T14:56:39+00:00",
  "updatedAt": "2016-02-17T18:47:13+00:00",
  "link": "https://hellofresh.com/recipes/52b45aa7453bc0f12f8b4567",
  "imageLink": "https://d3hvwccx09j84u.cloudfront.net/0,0/image/52b45aa7453bc0f12f8b4567.jpg",
  "cardLink": null,
  "videoLink": null,
  "nutrition": [],
  "ingredients": [],
  "allergens": [],
  "utensils": [],
  "tags": [],
  "cuisines": [],
  "wines": [],
  "marketplaceItems": [],
  "author": null,
  "label": null,
  "yieldType": null,
  "yields": [],
  "steps": [],
  "averageRating": 2,
  "ratingsCount": 1,
  "favoritesCount": 19,
  "active": true,
  "highlighted": false,
  "isDinnerToLunch": false,
  "isExcludedFromIndex": false,
  "isPremium": false,
  "websiteUrl": "https://www.hellofresh.de/recipes/knusprige-chili-koriander-kartoffelpuffer-52b45aa7453bc0f12f8b4567",
  "clonedFrom": null,
  "canonical": null,
  "canonicalLink": null
}
