{
  "country": "DE",
  "id": "52b44bcf453bc0592e8b4567",
  "name": "Falafel in Pita Taschen",
  "seoName": null,
  "category": null,
  "slug": "falafel-in-pita-taschen",
  "headline": "mit Kartoffel-Wedges und Joghurtsoße",
  "description": "",
  "descriptionHTML": "",
  "descriptionMarkdown": "",
  "seoDescription": null,
  "comment": null,
  "difficulty": 3,
  "prepTime": "PT30M",
  "totalTime": null,
  "servingSize": 0,
  "createdAt": "2013-12-20T13:53:19+00:00",
  "updatedAt": "2016-06-05T19:55:10+00:00",
  "link": "https://hellofresh.com/recipes/52b44bcf453bc0592e8b4567",
  "imageLink": "https://d3hvwccx09j84u.cloudfront.net/0,0/image/52b44bcf453bc0592e8b4567.jpg",
  "cardLink": null,
  "videoLink": null,
  "nutrition": [],
  "ingredients": [],
  "allergens": [],
  "utensils": [],
  "tags": [],
  "cuisines": [],
  "wines": [],
  "marketplaceItems": [],
  "author": null,
  "label": null,
  "yieldType": null,
  "yields": [],
  "steps": [],
  "averageRating": 3.8,
  "ratingsCount": 10,
  "favoritesCount": 73,
  "active": true,
  "highlighted": false,
  "isDinnerToLunch": false,
  "isExcludedFromIndex": false,
  "isPremium": false,
  "websiteUrl": "https://www.hellofresh.de/recipes/falafel-in-pita-taschen-52b44bcf453bc0592e8b4567",
  "clonedFrom": null,
  "canonical": null,
  "canonicalLink": null
}
