{
  "country": "DE",
  "id": "52d7c5db453bc0c1438b4567",
  "name": "Mexikanisch gewürzter Polenta-Auflauf",
  "seoName": null,
  "category": null,
  "slug": "mexikanisch-gewurzter-polenta-auflauf",
  "headline": "mit Gouda, Zuckermais, Paprika und Zucchini, garniert mit Koriander",
  "description": "",
  "descriptionHTML": "",
  "descriptionMarkdown": "",
  "seoDescription": null,
  "comment": null,
  "difficulty": 3,
  "prepTime": "PT35M",
  "totalTime": null,
  "servingSize": 0,
  "createdAt": "2014-01-16T11:43:23+00:00",
  "updatedAt": "2017-02-23T17:49:51+00:00",
  "link": "https://hellofresh.com/recipes/52d7c5db453bc0c1438b4567",
  "imageLink": "https://d3hvwccx09j84u.cloudfront.net/0,0/image/52d7c5db453bc0c1438b4567.jpg",
  "cardLink": null,
  "videoLink": null,
  "nutrition": [],
  "ingredients": [],
  "allergens": [],
  "utensils": [],
  "tags": [],
  "cuisines": [],
  "wines": [],
  "marketplaceItems": [],
  "author": null,
  "label": null,
  "yieldType": null,
  "yields": [],
  "steps": [],
  "averageRating": 3,
  "ratingsCount": 9,
  "favoritesCount": 87,
  "active": true,
  "highlighted": false,
  "isDinnerToLunch": false,
  "isExcludedFromIndex": false,
  "isPremium": false,
  "websiteUrl": "https://www.hellofresh.de/recipes/mexikanisch-gewurzter-polenta-auflauf-52d7c5db453bc0c1438b4567",
  "clonedFrom": null,
  "canonical": "52d7c5db453bc0c1438b4567",
  "canonicalLink": "https://www.hellofresh.de/recipes/mexikanisch-gewurzter-polenta-auflauf-52d7c5db453bc0c1438b4567"
}
