{
  "country": "DE",
  "id": "52d7c92b453bc0ff438b4567",
  "name": "Würzige Brokkoli-Reisbandnudel-Pfanne",
  "seoName": null,
  "category": null,
  "slug": "wurzige-brokkoli-reisbandnudel-pfanne",
  "headline": "mit geröstetem Sesam und Frühlingszwiebeln",
  "description": "",
  "descriptionHTML": "",
  "descriptionMarkdown": "",
  "seoDescription": null,
  "comment": null,
  "difficulty": 1,
  "prepTime": "PT20M",
  "totalTime": null,
  "servingSize": 0,
  "createdAt": "2014-01-16T11:57:31+00:00",
  "updatedAt": "2016-04-10T07:34:51+00:00",
  "link": "https://hellofresh.com/recipes/52d7c92b453bc0ff438b4567",
  "imageLink": "https://d3hvwccx09j84u.cloudfront.net/0,0/image/52d7c92b453bc0ff438b4567.jpg",
  "cardLink": null,
  "videoLink": null,
  "nutrition": [],
  "ingredients": [],
  "allergens": [],
  "utensils": [],
  "tags": [],
  "cuisines": [],
  "wines": [],
  "marketplaceItems": [],
  "author": null,
  "label": null,
  "yieldType": null,
  "yields": [],
  "steps": [],
  "averageRating": 2.3,
  "ratingsCount": 3,
  "favoritesCount": 38,
  "active": true,
  "highlighted": false,
  "isDinnerToLunch": false,
  "isExcludedFromIndex": false,
  "isPremium": false,
  "websiteUrl": "https://www.hellofresh.de/recipes/wurzige-brokkoli-reisbandnudel-pfanne-52d7c92b453bc0ff438b4567",
  "clonedFrom": null,
  "canonical": null,
  "canonicalLink": null
}
