{
  "country": "DE",
  "id": "52d7c850453bc007448b4567",
  "name": "Cremiges Spinat-Kartoffel-Curry",
  "seoName": null,
  "category": null,
  "slug": "cremiges-spinat-kartoffel-curry",
  "headline": "serviert mit Naanbrot, garniert mit frischer Minze",
  "description": "",
  "descriptionHTML": "",
  "descriptionMarkdown": "",
  "seoDescription": null,
  "comment": null,
  "difficulty": 1,
  "prepTime": "PT30M",
  "totalTime": null,
  "servingSize": 0,
  "createdAt": "2014-01-16T11:53:52+00:00",
  "updatedAt": "2016-05-28T05:48:00+00:00",
  "link": "https://hellofresh.com/recipes/52d7c850453bc007448b4567",
  "imageLink": "https://d3hvwccx09j84u.cloudfront.net/0,0/image/52d7c850453bc007448b4567.jpg",
  "cardLink": null,
  "videoLink": null,
  "nutrition": [],
  "ingredients": [],
  "allergens": [],
  "utensils": [],
  "tags": [],
  "cuisines": [],
  "wines": [],
  "marketplaceItems": [],
  "author": null,
  "label": null,
  "yieldType": null,
  "yields": [],
  "steps": [],
  "averageRating": 3.4,
  "ratingsCount": 5,
  "favoritesCount": 52,
  "active": true,
  "highlighted": false,
  "isDinnerToLunch": false,
  "isExcludedFromIndex": false,
  "isPremium": false,
  "websiteUrl": "https://www.hellofresh.de/recipes/cremiges-spinat-kartoffel-curry-52d7c850453bc007448b4567",
  "clonedFrom": null,
  "canonical": null,
  "canonicalLink": null
}
