{
  "country": "DE",
  "id": "52d7bb36453bc0d9428b4567",
  "name": "Delikate Schweinelachssteaks an Apfelscheiben",
  "seoName": null,
  "category": null,
  "slug": "delikate-schweinelachssteaks-an-apfelscheiben",
  "headline": "serviert mit Basmatireis und buntem Feldsalat",
  "description": "",
  "descriptionHTML": "",
  "descriptionMarkdown": "",
  "seoDescription": null,
  "comment": null,
  "difficulty": 1,
  "prepTime": "PT30M",
  "totalTime": null,
  "servingSize": 0,
  "createdAt": "2014-01-16T10:57:58+00:00",
  "updatedAt": "2016-04-12T19:02:32+00:00",
  "link": "https://hellofresh.com/recipes/52d7bb36453bc0d9428b4567",
  "imageLink": "https://d3hvwccx09j84u.cloudfront.net/0,0/image/52d7bb36453bc0d9428b4567.jpg",
  "cardLink": null,
  "videoLink": null,
  "nutrition": [],
  "ingredients": [],
  "allergens": [],
  "utensils": [],
  "tags": [],
  "cuisines": [],
  "wines": [],
  "marketplaceItems": [],
  "author": null,
  "label": null,
  "yieldType": null,
  "yields": [],
  "steps": [],
  "averageRating": 3.4,
  "ratingsCount": 27,
  "favoritesCount": 100,
  "active": true,
  "highlighted": false,
  "isDinnerToLunch": false,
  "isExcludedFromIndex": false,
  "isPremium": false,
  "websiteUrl": "https://www.hellofresh.de/recipes/delikate-schweinelachssteaks-an-apfelscheiben-52d7bb36453bc0d9428b4567",
  "clonedFrom": null,
  "canonical": null,
  "canonicalLink": null
}
