{
  "country": "DE",
  "id": "52d7b770453bc0c9428b4567",
  "name": "In Panko-Mehl panierte Putenbrust",
  "seoName": null,
  "category": null,
  "slug": "in-panko-mehl-panierte-putenbrust",
  "headline": "mit Frischkäsefüllung dazu Kartoffeln und Brokkoli, garniert mit Petersilie",
  "description": "",
  "descriptionHTML": "",
  "descriptionMarkdown": "",
  "seoDescription": null,
  "comment": null,
  "difficulty": 1,
  "prepTime": "PT35M",
  "totalTime": null,
  "servingSize": 0,
  "createdAt": "2014-01-16T10:41:52+00:00",
  "updatedAt": "2016-07-17T07:29:31+00:00",
  "link": "https://hellofresh.com/recipes/52d7b770453bc0c9428b4567",
  "imageLink": "https://d3hvwccx09j84u.cloudfront.net/0,0/image/52d7b770453bc0c9428b4567.jpg",
  "cardLink": null,
  "videoLink": null,
  "nutrition": [],
  "ingredients": [],
  "allergens": [],
  "utensils": [],
  "tags": [],
  "cuisines": [],
  "wines": [],
  "marketplaceItems": [],
  "author": null,
  "label": null,
  "yieldType": null,
  "yields": [],
  "steps": [],
  "averageRating": 3.8,
  "ratingsCount": 35,
  "favoritesCount": 114,
  "active": true,
  "highlighted": false,
  "isDinnerToLunch": false,
  "isExcludedFromIndex": false,
  "isPremium": false,
  "websiteUrl": "https://www.hellofresh.de/recipes/in-panko-mehl-panierte-putenbrust-52d7b770453bc0c9428b4567",
  "clonedFrom": null,
  "canonical": null,
  "canonicalLink": null
}
