{
  "country": "DE",
  "id": "52d7c755453bc0fb438b4567",
  "name": "Couscous-Salat „Tricolor“",
  "seoName": null,
  "category": null,
  "slug": "couscous-salat-tricolor",
  "headline": "mit Mozzarella, getrockneten Tomaten, Avocado und selbstgemachtem Pesto",
  "description": "",
  "descriptionHTML": "",
  "descriptionMarkdown": "",
  "seoDescription": null,
  "comment": null,
  "difficulty": 2,
  "prepTime": "PT30M",
  "totalTime": null,
  "servingSize": 0,
  "createdAt": "2014-01-16T11:49:41+00:00",
  "updatedAt": "2016-01-27T09:29:19+00:00",
  "link": "https://hellofresh.com/recipes/52d7c755453bc0fb438b4567",
  "imageLink": "https://d3hvwccx09j84u.cloudfront.net/0,0/image/52d7c755453bc0fb438b4567.jpg",
  "cardLink": null,
  "videoLink": null,
  "nutrition": [],
  "ingredients": [],
  "allergens": [],
  "utensils": [],
  "tags": [],
  "cuisines": [],
  "wines": [],
  "marketplaceItems": [],
  "author": null,
  "label": null,
  "yieldType": null,
  "yields": [],
  "steps": [],
  "averageRating": 3.7,
  "ratingsCount": 10,
  "favoritesCount": 59,
  "active": true,
  "highlighted": false,
  "isDinnerToLunch": false,
  "isExcludedFromIndex": false,
  "isPremium": false,
  "websiteUrl": "https://www.hellofresh.de/recipes/couscous-salat-tricolor-52d7c755453bc0fb438b4567",
  "clonedFrom": null,
  "canonical": null,
  "canonicalLink": null
}
