{
  "country": "DE",
  "id": "52d7c6eb453bc0ce438b4567",
  "name": "Italienische „Polpetti“ Nudelsuppe",
  "seoName": null,
  "category": null,
  "slug": "italienische-polpetti-nudelsuppe",
  "headline": "mit Salsiccia, Conchiglioni Pasta und Ciabatta",
  "description": "",
  "descriptionHTML": "",
  "descriptionMarkdown": "",
  "seoDescription": null,
  "comment": null,
  "difficulty": 2,
  "prepTime": "PT30M",
  "totalTime": null,
  "servingSize": 0,
  "createdAt": "2014-01-16T11:47:55+00:00",
  "updatedAt": "2016-04-12T19:02:28+00:00",
  "link": "https://hellofresh.com/recipes/52d7c6eb453bc0ce438b4567",
  "imageLink": "https://d3hvwccx09j84u.cloudfront.net/0,0/image/52d7c6eb453bc0ce438b4567.jpg",
  "cardLink": null,
  "videoLink": null,
  "nutrition": [],
  "ingredients": [],
  "allergens": [],
  "utensils": [],
  "tags": [],
  "cuisines": [],
  "wines": [],
  "marketplaceItems": [],
  "author": null,
  "label": null,
  "yieldType": null,
  "yields": [],
  "steps": [],
  "averageRating": 3,
  "ratingsCount": 7,
  "favoritesCount": 58,
  "active": true,
  "highlighted": false,
  "isDinnerToLunch": false,
  "isExcludedFromIndex": false,
  "isPremium": false,
  "websiteUrl": "https://www.hellofresh.de/recipes/italienische-polpetti-nudelsuppe-52d7c6eb453bc0ce438b4567",
  "clonedFrom": null,
  "canonical": null,
  "canonicalLink": null
}
