{
  "country": "DE",
  "id": "52d7c452453bc0aa438b4567",
  "name": "Kross gebratene Käsespätzle",
  "seoName": null,
  "category": null,
  "slug": "kross-gebratene-kasespatzle",
  "headline": "verfeinert mit Emmentaler, grünen Bohnen und Porree",
  "description": "",
  "descriptionHTML": "",
  "descriptionMarkdown": "",
  "seoDescription": null,
  "comment": null,
  "difficulty": 1,
  "prepTime": "PT25M",
  "totalTime": null,
  "servingSize": 0,
  "createdAt": "2014-01-16T11:36:50+00:00",
  "updatedAt": "2016-07-23T13:53:08+00:00",
  "link": "https://hellofresh.com/recipes/52d7c452453bc0aa438b4567",
  "imageLink": "https://d3hvwccx09j84u.cloudfront.net/0,0/image/52d7c452453bc0aa438b4567.jpg",
  "cardLink": null,
  "videoLink": null,
  "nutrition": [],
  "ingredients": [],
  "allergens": [],
  "utensils": [],
  "tags": [],
  "cuisines": [],
  "wines": [],
  "marketplaceItems": [],
  "author": null,
  "label": null,
  "yieldType": null,
  "yields": [],
  "steps": [],
  "averageRating": 3.5,
  "ratingsCount": 27,
  "favoritesCount": 173,
  "active": true,
  "highlighted": false,
  "isDinnerToLunch": false,
  "isExcludedFromIndex": false,
  "isPremium": false,
  "websiteUrl": "https://www.hellofresh.de/recipes/kross-gebratene-kasespatzle-52d7c452453bc0aa438b4567",
  "clonedFrom": null,
  "canonical": null,
  "canonicalLink": null
}
