{
  "country": "DE",
  "id": "52dcedac453bc0ec858b4567",
  "name": "Cremiger Hähnchenbrust-Eintopf",
  "seoName": null,
  "category": null,
  "slug": "cremiger-hahnchenbrust-eintopf",
  "headline": "mit Drillingen, Zucchini und Porree",
  "description": "",
  "descriptionHTML": "",
  "descriptionMarkdown": "",
  "seoDescription": null,
  "comment": null,
  "difficulty": 1,
  "prepTime": "PT30M",
  "totalTime": null,
  "servingSize": 0,
  "createdAt": "2014-01-20T09:34:36+00:00",
  "updatedAt": "2016-01-31T17:28:47+00:00",
  "link": "https://hellofresh.com/recipes/52dcedac453bc0ec858b4567",
  "imageLink": null,
  "cardLink": null,
  "videoLink": null,
  "nutrition": [],
  "ingredients": [],
  "allergens": [],
  "utensils": [],
  "tags": [],
  "cuisines": [],
  "wines": [],
  "marketplaceItems": [],
  "author": null,
  "label": null,
  "yieldType": null,
  "yields": [],
  "steps": [],
  "averageRating": 3,
  "ratingsCount": 3,
  "favoritesCount": 63,
  "active": false,
  "highlighted": false,
  "isDinnerToLunch": false,
  "isExcludedFromIndex": false,
  "isPremium": false,
  "websiteUrl": "https://www.hellofresh.de/recipes/cremiger-hahnchenbrust-eintopf-52dcedac453bc0ec858b4567",
  "clonedFrom": null,
  "canonical": null,
  "canonicalLink": null
}
