{
  "country": "DE",
  "id": "52e9c1bb453bc0af2f8b4568",
  "name": "Roast Veggie Salad",
  "seoName": null,
  "category": null,
  "slug": "roast-veggie-salad",
  "headline": "This dazzling and delicious salad will add a splash of colour to your dinner table.",
  "description": "",
  "descriptionHTML": "",
  "descriptionMarkdown": "",
  "seoDescription": null,
  "comment": null,
  "difficulty": 0,
  "prepTime": "",
  "totalTime": null,
  "servingSize": 0,
  "createdAt": "2014-01-30T03:06:35+00:00",
  "updatedAt": "2016-07-13T13:37:52+00:00",
  "link": "https://hellofresh.com/recipes/52e9c1bb453bc0af2f8b4568",
  "imageLink": null,
  "cardLink": null,
  "videoLink": null,
  "nutrition": [],
  "ingredients": [],
  "allergens": [],
  "utensils": [],
  "tags": [],
  "cuisines": [],
  "wines": [],
  "marketplaceItems": [],
  "author": null,
  "label": null,
  "yieldType": null,
  "yields": [],
  "steps": [],
  "averageRating": null,
  "ratingsCount": null,
  "favoritesCount": 2,
  "active": false,
  "highlighted": false,
  "isDinnerToLunch": false,
  "isExcludedFromIndex": false,
  "isPremium": false,
  "websiteUrl": "https://www.hellofresh.de/recipes/roast-veggie-salad-52e9c1bb453bc0af2f8b4568",
  "clonedFrom": null,
  "canonical": null,
  "canonicalLink": null
}
