{
  "country": "DE",
  "id": "52e9045e453bc0db0d8b4567",
  "name": "Japanische „Yakitroi“ Hähnchenspieße",
  "seoName": null,
  "category": null,
  "slug": "japanische-yakitroi-hahnchenspiesze",
  "headline": "„süß-sauer“ auf Mie-Nudeln und grüne Paprika",
  "description": "",
  "descriptionHTML": "",
  "descriptionMarkdown": "",
  "seoDescription": null,
  "comment": null,
  "difficulty": 1,
  "prepTime": "PT30M",
  "totalTime": null,
  "servingSize": 0,
  "createdAt": "2014-01-29T13:38:38+00:00",
  "updatedAt": "2016-08-12T16:01:44+00:00",
  "link": "https://hellofresh.com/recipes/52e9045e453bc0db0d8b4567",
  "imageLink": "https://d3hvwccx09j84u.cloudfront.net/0,0/image/52e9045e453bc0db0d8b4567.jpg",
  "cardLink": "https://ddw4dkk7s1lkt.cloudfront.net/card/52e9045e453bc0db0d8b4567.pdf",
  "videoLink": null,
  "nutrition": [
    {
      "type": "57b42a48b7e8697d4b30530d",
      "name": "Energie (kJ)",
      "amount": 0,
      "unit": "kJ"
    },
    {
      "type": "57b42a48b7e8697d4b305304",
      "name": "Energie (kcal)",
      "amount": 0,
      "unit": "kcal"
    },
    {
      "type": "57b42a48b7e8697d4b305307",
      "name": "Fett",
      "amount": 0,
      "unit": "g"
    },
    {
      "type": "57b42a48b7e8697d4b305308",
      "name": "davon gesättigte Fettsäuren",
      "amount": 0,
      "unit": "g"
    },
    {
      "type": "57b42a48b7e8697d4b305305",
      "name": "Kohlenhydrate",
      "amount": 0,
      "unit": "g"
    },
    {
      "type": "57b42a48b7e8697d4b305306",
      "name": "davon Zucker",
      "amount": 0,
      "unit": "g"
    },
    {
      "type": "57b42a48b7e8697d4b30530a",
      "name": "Ballaststoffe",
      "amount": 0,
      "unit": "g"
    },
    {
      "type": "57b42a48b7e8697d4b305309",
      "name": "Eiweiß",
      "amount": 0,
      "unit": "g"
    },
    {
      "type": "57b42a48b7e8697d4b30530c",
      "name": "Cholesterol",
      "amount": 0,
      "unit": "mg"
    },
    {
      "type": "57b42a48b7e8697d4b30530b",
      "name": "Salz",
      "amount": 0,
      "unit": "g"
    }
  ],
  "ingredients": [],
  "allergens": [],
  "utensils": [],
  "tags": [],
  "cuisines": [],
  "wines": [],
  "marketplaceItems": [],
  "author": null,
  "label": null,
  "yieldType": "servings",
  "yields": [],
  "steps": [],
  "averageRating": 2.8,
  "ratingsCount": 10,
  "favoritesCount": 88,
  "active": true,
  "highlighted": false,
  "isDinnerToLunch": false,
  "isExcludedFromIndex": false,
  "isPremium": false,
  "websiteUrl": "https://www.hellofresh.de/recipes/japanische-yakitroi-hahnchenspiesze-52e9045e453bc0db0d8b4567",
  "clonedFrom": null,
  "canonical": null,
  "canonicalLink": null
}
