{
  "country": "DE",
  "id": "52ea6922453bc073398b4567",
  "name": "Rosarot gebratene Entenbrust",
  "seoName": null,
  "category": null,
  "slug": "rosarot-gebratene-entenbrust",
  "headline": "auf cremigem Kartoffelpüree und Grünkohl gespickt mit Speck",
  "description": "",
  "descriptionHTML": "",
  "descriptionMarkdown": "",
  "seoDescription": null,
  "comment": null,
  "difficulty": 3,
  "prepTime": "PT30M",
  "totalTime": null,
  "servingSize": 0,
  "createdAt": "2014-01-30T15:00:50+00:00",
  "updatedAt": "2016-04-25T20:09:01+00:00",
  "link": "https://hellofresh.com/recipes/52ea6922453bc073398b4567",
  "imageLink": "https://d3hvwccx09j84u.cloudfront.net/0,0/image/52ea6922453bc073398b4567.jpg",
  "cardLink": null,
  "videoLink": null,
  "nutrition": [],
  "ingredients": [],
  "allergens": [],
  "utensils": [],
  "tags": [],
  "cuisines": [],
  "wines": [],
  "marketplaceItems": [],
  "author": null,
  "label": null,
  "yieldType": null,
  "yields": [],
  "steps": [],
  "averageRating": 3.6,
  "ratingsCount": 40,
  "favoritesCount": 144,
  "active": true,
  "highlighted": false,
  "isDinnerToLunch": false,
  "isExcludedFromIndex": false,
  "isPremium": false,
  "websiteUrl": "https://www.hellofresh.de/recipes/rosarot-gebratene-entenbrust-52ea6922453bc073398b4567",
  "clonedFrom": null,
  "canonical": null,
  "canonicalLink": null
}
