{
  "country": "DE",
  "id": "52ea6e7a453bc0fd398b4567",
  "name": "Blumenkohl aus dem Ofen",
  "seoName": null,
  "category": null,
  "slug": "blumenkohl-aus-dem-ofen",
  "headline": "auf feinem Kartoffelpüree serviert mit grünen Bohnen",
  "description": "",
  "descriptionHTML": "",
  "descriptionMarkdown": "",
  "seoDescription": null,
  "comment": null,
  "difficulty": 3,
  "prepTime": "PT40M",
  "totalTime": null,
  "servingSize": 0,
  "createdAt": "2014-01-30T15:23:38+00:00",
  "updatedAt": "2016-08-18T10:07:22+00:00",
  "link": "https://hellofresh.com/recipes/52ea6e7a453bc0fd398b4567",
  "imageLink": "https://d3hvwccx09j84u.cloudfront.net/0,0/image/52ea6e7a453bc0fd398b4567.jpg",
  "cardLink": null,
  "videoLink": null,
  "nutrition": [],
  "ingredients": [],
  "allergens": [],
  "utensils": [],
  "tags": [],
  "cuisines": [],
  "wines": [],
  "marketplaceItems": [],
  "author": null,
  "label": null,
  "yieldType": null,
  "yields": [],
  "steps": [],
  "averageRating": 3.4,
  "ratingsCount": 5,
  "favoritesCount": 34,
  "active": true,
  "highlighted": false,
  "isDinnerToLunch": false,
  "isExcludedFromIndex": false,
  "isPremium": false,
  "websiteUrl": "https://www.hellofresh.de/recipes/blumenkohl-aus-dem-ofen-52ea6e7a453bc0fd398b4567",
  "clonedFrom": null,
  "canonical": null,
  "canonicalLink": null
}
