{
  "country": "DE",
  "id": "52ea6b4f453bc0b7398b4567",
  "name": "Tomatiges Zucchini-Ofen-Risotto",
  "seoName": null,
  "category": null,
  "slug": "tomatiges-zucchini-ofen-risotto",
  "headline": "mit Pecorino und frischem Basilikum",
  "description": "",
  "descriptionHTML": "",
  "descriptionMarkdown": "",
  "seoDescription": null,
  "comment": null,
  "difficulty": 1,
  "prepTime": "PT35M",
  "totalTime": null,
  "servingSize": 0,
  "createdAt": "2014-01-30T15:10:07+00:00",
  "updatedAt": "2016-07-17T07:30:32+00:00",
  "link": "https://hellofresh.com/recipes/52ea6b4f453bc0b7398b4567",
  "imageLink": "https://d3hvwccx09j84u.cloudfront.net/0,0/image/52ea6b4f453bc0b7398b4567.jpg",
  "cardLink": null,
  "videoLink": null,
  "nutrition": [],
  "ingredients": [],
  "allergens": [],
  "utensils": [],
  "tags": [],
  "cuisines": [],
  "wines": [],
  "marketplaceItems": [],
  "author": null,
  "label": null,
  "yieldType": null,
  "yields": [],
  "steps": [],
  "averageRating": 3.6,
  "ratingsCount": 20,
  "favoritesCount": 164,
  "active": true,
  "highlighted": false,
  "isDinnerToLunch": false,
  "isExcludedFromIndex": false,
  "isPremium": false,
  "websiteUrl": "https://www.hellofresh.de/recipes/tomatiges-zucchini-ofen-risotto-52ea6b4f453bc0b7398b4567",
  "clonedFrom": null,
  "canonical": null,
  "canonicalLink": null
}
