{
  "country": "DE",
  "id": "52ea6bff453bc0c3398b4567",
  "name": "Gebackene Süßkartoffel mit Thunfisch- Emmentaler-Füllung",
  "seoName": null,
  "category": null,
  "slug": "gebackene-suszkartoffel-mit-thunfisch-emmentaler-fullung",
  "headline": "dazu Sauerrahm-Zitronen-Soße und grünen Salat",
  "description": "",
  "descriptionHTML": "",
  "descriptionMarkdown": "",
  "seoDescription": null,
  "comment": null,
  "difficulty": 1,
  "prepTime": "PT40M",
  "totalTime": null,
  "servingSize": 0,
  "createdAt": "2014-01-30T15:13:03+00:00",
  "updatedAt": "2016-05-17T19:43:39+00:00",
  "link": "https://hellofresh.com/recipes/52ea6bff453bc0c3398b4567",
  "imageLink": "https://d3hvwccx09j84u.cloudfront.net/0,0/image/52ea6bff453bc0c3398b4567.jpg",
  "cardLink": null,
  "videoLink": null,
  "nutrition": [],
  "ingredients": [],
  "allergens": [],
  "utensils": [],
  "tags": [],
  "cuisines": [],
  "wines": [],
  "marketplaceItems": [],
  "author": null,
  "label": null,
  "yieldType": null,
  "yields": [],
  "steps": [],
  "averageRating": 3.5,
  "ratingsCount": 15,
  "favoritesCount": 94,
  "active": true,
  "highlighted": false,
  "isDinnerToLunch": false,
  "isExcludedFromIndex": false,
  "isPremium": false,
  "websiteUrl": "https://www.hellofresh.de/recipes/gebackene-suszkartoffel-mit-thunfisch-emmentaler-fullung-52ea6bff453bc0c3398b4567",
  "clonedFrom": null,
  "canonical": null,
  "canonicalLink": null
}
