{
  "country": "DE",
  "id": "52ea6cbc453bc0aa398b4567",
  "name": "Braun gebratener Chili-Grillkäse",
  "seoName": null,
  "category": null,
  "slug": "braun-gebratener-chili-grillkase",
  "headline": "auf buntem Bulgur mit Paprika, Kirschtomaten und Mandelblättchen",
  "description": "",
  "descriptionHTML": "",
  "descriptionMarkdown": "",
  "seoDescription": null,
  "comment": null,
  "difficulty": 2,
  "prepTime": "PT30M",
  "totalTime": null,
  "servingSize": 0,
  "createdAt": "2014-01-30T15:16:12+00:00",
  "updatedAt": "2016-07-13T13:37:58+00:00",
  "link": "https://hellofresh.com/recipes/52ea6cbc453bc0aa398b4567",
  "imageLink": "https://d3hvwccx09j84u.cloudfront.net/0,0/image/52ea6cbc453bc0aa398b4567.jpg",
  "cardLink": null,
  "videoLink": null,
  "nutrition": [],
  "ingredients": [],
  "allergens": [],
  "utensils": [],
  "tags": [],
  "cuisines": [],
  "wines": [],
  "marketplaceItems": [],
  "author": null,
  "label": null,
  "yieldType": null,
  "yields": [],
  "steps": [],
  "averageRating": 3.4,
  "ratingsCount": 7,
  "favoritesCount": 35,
  "active": true,
  "highlighted": false,
  "isDinnerToLunch": false,
  "isExcludedFromIndex": false,
  "isPremium": false,
  "websiteUrl": "https://www.hellofresh.de/recipes/braun-gebratener-chili-grillkase-52ea6cbc453bc0aa398b4567",
  "clonedFrom": null,
  "canonical": null,
  "canonicalLink": null
}
