{
  "country": "DE",
  "id": "52ea6f3c453bc06d3a8b4567",
  "name": "Griechischer „Moussaka“ Gemüseauflauf",
  "seoName": null,
  "category": null,
  "slug": "griechischer-moussaka-gemuseauflauf",
  "headline": "mit Aubergine, roten Linsen und Paprika",
  "description": "",
  "descriptionHTML": "",
  "descriptionMarkdown": "",
  "seoDescription": null,
  "comment": null,
  "difficulty": 3,
  "prepTime": "PT40M",
  "totalTime": null,
  "servingSize": 0,
  "createdAt": "2014-01-30T15:26:52+00:00",
  "updatedAt": "2016-07-13T13:38:04+00:00",
  "link": "https://hellofresh.com/recipes/52ea6f3c453bc06d3a8b4567",
  "imageLink": "https://d3hvwccx09j84u.cloudfront.net/0,0/image/52ea6f3c453bc06d3a8b4567.jpg",
  "cardLink": null,
  "videoLink": null,
  "nutrition": [],
  "ingredients": [],
  "allergens": [],
  "utensils": [],
  "tags": [],
  "cuisines": [],
  "wines": [],
  "marketplaceItems": [],
  "author": null,
  "label": null,
  "yieldType": null,
  "yields": [],
  "steps": [],
  "averageRating": 4,
  "ratingsCount": 1,
  "favoritesCount": 31,
  "active": true,
  "highlighted": false,
  "isDinnerToLunch": false,
  "isExcludedFromIndex": false,
  "isPremium": false,
  "websiteUrl": "https://www.hellofresh.de/recipes/griechischer-moussaka-gemuseauflauf-52ea6f3c453bc06d3a8b4567",
  "clonedFrom": null,
  "canonical": null,
  "canonicalLink": null
}
