{
  "country": "DE",
  "id": "52ea6a0c453bc082398b4567",
  "name": "Mexikanische Schweinefilet „Fajitas“",
  "seoName": null,
  "category": null,
  "slug": "mexikanische-schweinefilet-fajitas",
  "headline": "mit Paprika, selbstgemachter Guacamole, Tomatensalsa und Joghurtsoße",
  "description": "",
  "descriptionHTML": "",
  "descriptionMarkdown": null,
  "seoDescription": null,
  "comment": null,
  "difficulty": 2,
  "prepTime": "PT35M",
  "totalTime": null,
  "servingSize": 0,
  "createdAt": "2014-01-30T15:04:44+00:00",
  "updatedAt": "2017-02-23T17:49:55+00:00",
  "link": "https://hellofresh.com/recipes/52ea6a0c453bc082398b4567",
  "imageLink": "https://d3hvwccx09j84u.cloudfront.net/0,0/image/52ea6a0c453bc082398b4567.jpg",
  "cardLink": null,
  "videoLink": null,
  "nutrition": [
    {
      "type": "57b42a48b7e8697d4b305304",
      "name": "Energie (kcal)",
      "amount": 0,
      "unit": "kcal"
    },
    {
      "type": "57b42a48b7e8697d4b305307",
      "name": "Fett",
      "amount": 0,
      "unit": "g"
    },
    {
      "type": "57b42a48b7e8697d4b305308",
      "name": "davon gesättigte Fettsäuren",
      "amount": 0,
      "unit": "g"
    },
    {
      "type": "57b42a48b7e8697d4b305305",
      "name": "Kohlenhydrate",
      "amount": 0,
      "unit": "g"
    },
    {
      "type": "57b42a48b7e8697d4b305306",
      "name": "davon Zucker",
      "amount": 0,
      "unit": "g"
    },
    {
      "type": "57b42a48b7e8697d4b30530a",
      "name": "Ballaststoffe",
      "amount": 0,
      "unit": "g"
    },
    {
      "type": "57b42a48b7e8697d4b305309",
      "name": "Eiweiß",
      "amount": 0,
      "unit": "g"
    },
    {
      "type": "57b42a48b7e8697d4b30530b",
      "name": "Salz",
      "amount": 0,
      "unit": "g"
    }
  ],
  "ingredients": [
    {
      "country": "DE",
      "id": "554b6b664dab71160d8b4569",
      "type": "schweinefilet",
      "name": "Schweinefilet",
      "slug": "schweinefilet",
      "description": null,
      "internalName": null,
      "shipped": true,
      "imageLink": "https://d3hvwccx09j84u.cloudfront.net/200,200/image/554b6b664dab71160d8b4569.png",
      "usage": 128,
      "hasDuplicatedName": null,
      "allergens": [],
      "family": {
        "id": "58877cf3ed71a76e9c03fc12",
        "type": "pork",
        "name": "Schweinefleisch",
        "slug": "schweinefleisch",
        "description": null,
        "priority": 0,
        "iconLink": "https://d3hvwccx09j84u.cloudfront.net/200,200/ingredient-families/58877cf3ed71a76e9c03fc12-bdd443ff.png",
        "usageByCountry": {
          "AT": 486,
          "AU": 290,
          "BE": 179,
          "CA": 134,
          "CH": 113,
          "DE": 455,
          "ER": 54,
          "FR": 58,
          "GB": 613,
          "LU": 212,
          "NL": 191,
          "NZ": 97,
          "ML": 289,
          "US": 624
        },
        "createdAt": "2017-01-24T16:12:35+00:00",
        "updatedAt": "2017-01-24T16:12:35+00:00"
      }
    },
    {
      "country": "DE",
      "id": "554b2abcf8b25eef3e8b4573",
      "type": "rote zwiebel",
      "name": "rote Zwiebel",
      "slug": "rote-zwiebel",
      "description": null,
      "internalName": null,
      "shipped": true,
      "imageLink": "https://d3hvwccx09j84u.cloudfront.net/200,200/image/554b2abcf8b25eef3e8b4573.png",
      "usage": 629,
      "hasDuplicatedName": null,
      "allergens": [],
      "family": {
        "id": "58877cf3ed71a76e9c03fbee",
        "type": "onion",
        "name": "Zwiebel",
        "slug": "zwiebel",
        "description": null,
        "priority": 0,
        "iconLink": "https://d3hvwccx09j84u.cloudfront.net/200,200/ingredient-families/58877cf3ed71a76e9c03fbee-34de32d5.png",
        "usageByCountry": {
          "AT": 1698,
          "AU": 1175,
          "BE": 1213,
          "CA": 672,
          "CH": 321,
          "DE": 1582,
          "ER": 152,
          "FR": 334,
          "GB": 1502,
          "LU": 1592,
          "NL": 1429,
          "NZ": 274,
          "ML": 188,
          "US": 2363
        },
        "createdAt": "2017-01-24T16:12:35+00:00",
        "updatedAt": "2017-01-24T16:12:35+00:00"
      }
    },
    {
      "country": "DE",
      "id": "554b1adef8b25ef93e8b456a",
      "type": "rote-chili",
      "name": "roter Chili",
      "slug": "rote-chili",
      "description": null,
      "internalName": "roter Chili",
      "shipped": true,
      "imageLink": "https://d3hvwccx09j84u.cloudfront.net/200,200/image/554b1adef8b25ef93e8b456a.png",
      "usage": 325,
      "hasDuplicatedName": null,
      "allergens": [],
      "family": {
        "id": "58877cf3ed71a76e9c03fb6d",
        "type": "chili",
        "name": "Chili",
        "slug": "chili",
        "description": null,
        "priority": 0,
        "iconLink": "https://d3hvwccx09j84u.cloudfront.net/200,200/ingredient-families/58877cf3ed71a76e9c03fb6d-270fd94b.png",
        "usageByCountry": {
          "AT": 348,
          "AU": 223,
          "BE": 0,
          "CA": 48,
          "CH": 61,
          "DE": 326,
          "ER": 0,
          "FR": 0,
          "GB": 75,
          "LU": 0,
          "NL": 0,
          "NZ": 55,
          "ML": 0,
          "US": 0
        },
        "createdAt": "2017-01-24T16:12:35+00:00",
        "updatedAt": "2017-01-24T16:12:35+00:00"
      }
    },
    {
      "country": "DE",
      "id": "55e847c379a23c4b7e8b4567",
      "type": "rote-paprika",
      "name": "rote Paprika",
      "slug": "paprika-rot",
      "description": null,
      "internalName": null,
      "shipped": true,
      "imageLink": "https://d3hvwccx09j84u.cloudfront.net/200,200/ingredients/55e847c379a23c4b7e8b4567-25c291a3.png",
      "usage": 86,
      "hasDuplicatedName": null,
      "allergens": [],
      "family": {
        "id": "58877cf3ed71a76e9c03fc06",
        "type": "pepper-vegetable",
        "name": "Pfeffer (Gemüse)",
        "slug": "pfeffer-gemuse",
        "description": null,
        "priority": 0,
        "iconLink": "https://d3hvwccx09j84u.cloudfront.net/200,200/ingredient-families/58877cf3ed71a76e9c03fc06-d58f09de.png",
        "usageByCountry": {
          "AT": 216,
          "AU": 285,
          "BE": 95,
          "CA": 188,
          "CH": 92,
          "DE": 215,
          "ER": 51,
          "FR": 30,
          "GB": 307,
          "LU": 126,
          "NL": 108,
          "NZ": 62,
          "ML": 428,
          "US": 579
        },
        "createdAt": "2017-01-24T16:12:35+00:00",
        "updatedAt": "2017-01-24T16:12:35+00:00"
      }
    },
    {
      "country": "DE",
      "id": "554b2621fd2cb99c598b4576",
      "type": "tomaten",
      "name": "Tomate",
      "slug": "tomaten",
      "description": null,
      "internalName": "Tomate",
      "shipped": true,
      "imageLink": "https://d3hvwccx09j84u.cloudfront.net/200,200/image/554b2621fd2cb99c598b4576.png",
      "usage": 577,
      "hasDuplicatedName": null,
      "allergens": [],
      "family": {
        "id": "58877cf3ed71a76e9c03fc46",
        "type": "tomatoes",
        "name": "Tomaten",
        "slug": "tomaten",
        "description": null,
        "priority": 0,
        "iconLink": "https://d3hvwccx09j84u.cloudfront.net/200,200/ingredient-families/58877cf3ed71a76e9c03fc46-7984cb37.png",
        "usageByCountry": {
          "AT": 1523,
          "AU": 656,
          "BE": 863,
          "CA": 281,
          "CH": 285,
          "DE": 1452,
          "ER": 55,
          "FR": 247,
          "GB": 788,
          "LU": 1102,
          "NL": 1019,
          "NZ": 162,
          "ML": 380,
          "US": 1233
        },
        "createdAt": "2017-01-24T16:12:35+00:00",
        "updatedAt": "2017-01-24T16:12:35+00:00"
      }
    },
    {
      "country": "DE",
      "id": "555357a3f8b25e89038b456a",
      "type": "limette",
      "name": "Limette",
      "slug": "limette",
      "description": null,
      "internalName": null,
      "shipped": true,
      "imageLink": "https://d3hvwccx09j84u.cloudfront.net/200,200/image/555357a3f8b25e89038b456a.png",
      "usage": 350,
      "hasDuplicatedName": null,
      "allergens": [],
      "family": {
        "id": "58877cf3ed71a76e9c03fbc8",
        "type": "lime",
        "name": "Limette",
        "slug": "limette",
        "description": null,
        "priority": 0,
        "iconLink": "https://d3hvwccx09j84u.cloudfront.net/200,200/ingredient-families/58877cf3ed71a76e9c03fbc8-7cbce945.png",
        "usageByCountry": {
          "AT": 383,
          "AU": 227,
          "BE": 132,
          "CA": 137,
          "CH": 82,
          "DE": 351,
          "ER": 61,
          "FR": 68,
          "GB": 407,
          "LU": 224,
          "NL": 155,
          "NZ": 63,
          "ML": 87,
          "US": 604
        },
        "createdAt": "2017-01-24T16:12:35+00:00",
        "updatedAt": "2017-01-24T16:12:35+00:00"
      }
    },
    {
      "country": "DE",
      "id": "5566ebf34dab71e6078b456b",
      "type": "salatherz",
      "name": "Salatherz",
      "slug": "salatherz",
      "description": null,
      "internalName": null,
      "shipped": true,
      "imageLink": "https://d3hvwccx09j84u.cloudfront.net/200,200/image/5566ebf34dab71e6078b456b.png",
      "usage": 256,
      "hasDuplicatedName": null,
      "allergens": [],
      "family": {
        "id": "58877cf3ed71a76e9c03fc22",
        "type": "salad",
        "name": "Salat",
        "slug": "salat",
        "description": null,
        "priority": 0,
        "iconLink": "https://d3hvwccx09j84u.cloudfront.net/200,200/ingredient-families/58877cf3ed71a76e9c03fc22-d5b9cc88.png",
        "usageByCountry": {
          "AT": 933,
          "AU": 445,
          "BE": 460,
          "CA": 159,
          "CH": 198,
          "DE": 850,
          "ER": 5,
          "FR": 99,
          "GB": 392,
          "LU": 472,
          "NL": 542,
          "NZ": 127,
          "ML": 0,
          "US": 393
        },
        "createdAt": "2017-01-24T16:12:35+00:00",
        "updatedAt": "2017-01-24T16:12:35+00:00"
      }
    },
    {
      "country": "DE",
      "id": "554b73b14dab71160d8b456a",
      "type": "avocado",
      "name": "Avocado",
      "slug": "avocado",
      "description": null,
      "internalName": null,
      "shipped": true,
      "imageLink": "https://d3hvwccx09j84u.cloudfront.net/200,200/ingredients/554b73b14dab71160d8b456a-0d84328a.png",
      "usage": 181,
      "hasDuplicatedName": null,
      "allergens": [],
      "family": {
        "id": "58877cf3ed71a76e9c03fb3c",
        "type": "avocado",
        "name": "Avocado",
        "slug": "avocado",
        "description": null,
        "priority": 0,
        "iconLink": "https://d3hvwccx09j84u.cloudfront.net/200,200/ingredient-families/58877cf3ed71a76e9c03fb3c-5ad65fb5.png",
        "usageByCountry": {
          "AT": 193,
          "AU": 80,
          "BE": 73,
          "CA": 51,
          "CH": 45,
          "DE": 181,
          "ER": 0,
          "FR": 6,
          "GB": 58,
          "LU": 92,
          "NL": 81,
          "NZ": 21,
          "ML": 14,
          "US": 152
        },
        "createdAt": "2017-01-24T16:12:35+00:00",
        "updatedAt": "2017-01-24T16:12:35+00:00"
      }
    },
    {
      "country": "DE",
      "id": "55685e4cf8b25e68408b456a",
      "type": "kreuzkümmel, gemahlen",
      "name": "Kreuzkümmel, gemahlen",
      "slug": "kreuzkummel-gemahlen",
      "description": null,
      "internalName": null,
      "shipped": true,
      "imageLink": "https://d3hvwccx09j84u.cloudfront.net/200,200/image/55685e4cf8b25e68408b456a.png",
      "usage": 21,
      "hasDuplicatedName": null,
      "allergens": [
        {
          "id": "57962a07b7e8697d4b3052f3",
          "type": "maycontaintracesofallergens",
          "name": "kann Spuren von Allergenen enthalten",
          "slug": "kann-spuren-von-allergenen-enthalten",
          "description": null,
          "tracesOf": false,
          "triggersTracesOf": true,
          "iconLink": null,
          "usage": 1649
        }
      ],
      "family": {
        "id": "58877cf3ed71a76e9c03fb89",
        "type": "cumin",
        "name": "Kreuzkümmel",
        "slug": "kreuzkummel",
        "description": null,
        "priority": 0,
        "iconLink": "https://d3hvwccx09j84u.cloudfront.net/200,200/ingredient-families/58877cf3ed71a76e9c03fb89-bc3144f6.png",
        "usageByCountry": {
          "AT": 97,
          "AU": 47,
          "BE": 91,
          "CA": 18,
          "CH": 18,
          "DE": 90,
          "ER": 4,
          "FR": 19,
          "GB": 89,
          "LU": 131,
          "NL": 120,
          "NZ": 0,
          "ML": 69,
          "US": 128
        },
        "createdAt": "2017-01-24T16:12:35+00:00",
        "updatedAt": "2017-01-24T16:12:35+00:00"
      }
    },
    {
      "country": "DE",
      "id": "55e84882fd2cb98f5b8b4567",
      "type": "wraps",
      "name": "Wraps",
      "slug": "wraps",
      "description": null,
      "internalName": null,
      "shipped": true,
      "imageLink": "https://d3hvwccx09j84u.cloudfront.net/200,200/ingredients/55e84882fd2cb98f5b8b4567-70602c46.png",
      "usage": 4,
      "hasDuplicatedName": null,
      "allergens": [
        {
          "id": "57962a07b7e8697d4b3052f5",
          "type": "gluten",
          "name": "Weizen",
          "slug": "weizen",
          "description": null,
          "tracesOf": false,
          "triggersTracesOf": false,
          "iconLink": "https://d3hvwccx09j84u.cloudfront.net/0,0/allergens/57962a07b7e8697d4b3052f5-e20d9ca4.png",
          "usage": 1406
        }
      ],
      "family": {
        "id": "58877cf3ed71a76e9c03fb54",
        "type": "bread",
        "name": "Brot",
        "slug": "brot",
        "description": null,
        "priority": 0,
        "iconLink": "https://d3hvwccx09j84u.cloudfront.net/200,200/ingredient-families/58877cf3ed71a76e9c03fb54-1e82dfa9.png",
        "usageByCountry": {
          "AT": 713,
          "AU": 371,
          "BE": 426,
          "CA": 175,
          "CH": 131,
          "DE": 651,
          "ER": 50,
          "FR": 118,
          "GB": 330,
          "LU": 588,
          "NL": 514,
          "NZ": 111,
          "ML": 181,
          "US": 755
        },
        "createdAt": "2017-01-24T16:12:35+00:00",
        "updatedAt": "2017-01-24T16:12:35+00:00"
      }
    },
    {
      "country": "DE",
      "id": "55535a9af8b25e78738b4568",
      "type": "joghurt",
      "name": "Joghurt",
      "slug": "joghurt",
      "description": null,
      "internalName": null,
      "shipped": true,
      "imageLink": "https://d3hvwccx09j84u.cloudfront.net/200,200/image/55535a9af8b25e78738b4568.png",
      "usage": 234,
      "hasDuplicatedName": null,
      "allergens": [
        {
          "id": "57962a07b7e8697d4b3052fa",
          "type": "milk",
          "name": "Milch",
          "slug": "laktose",
          "description": null,
          "tracesOf": false,
          "triggersTracesOf": false,
          "iconLink": "https://d3hvwccx09j84u.cloudfront.net/0,0/allergens/57962a07b7e8697d4b3052fa-be127d3f.png",
          "usage": 1018
        }
      ],
      "family": {
        "id": "58877cf3ed71a76e9c03fc57",
        "type": "yoghurt",
        "name": "Jo­ghurt",
        "slug": "joghurt",
        "description": null,
        "priority": 0,
        "iconLink": "https://d3hvwccx09j84u.cloudfront.net/200,200/ingredient-families/58877cf3ed71a76e9c03fc57-825533d1.png",
        "usageByCountry": {
          "AT": 464,
          "AU": 272,
          "BE": 368,
          "CA": 43,
          "CH": 101,
          "DE": 434,
          "ER": 0,
          "FR": 31,
          "GB": 207,
          "LU": 341,
          "NL": 408,
          "NZ": 78,
          "ML": 8,
          "US": 48
        },
        "createdAt": "2017-01-24T16:12:35+00:00",
        "updatedAt": "2017-01-24T16:12:35+00:00"
      }
    },
    {
      "country": "DE",
      "id": "554b22cb4dab71c8058b4570",
      "type": "olivenol",
      "name": "Olivenöl*",
      "slug": "olivenol",
      "description": null,
      "internalName": null,
      "shipped": false,
      "imageLink": "https://d3hvwccx09j84u.cloudfront.net/200,200/image/554b22cb4dab71c8058b4570.png",
      "usage": 1250,
      "hasDuplicatedName": null,
      "allergens": [],
      "family": {
        "id": "58877cf3ed71a76e9c03fbe8",
        "type": "oil",
        "name": "Öl",
        "slug": "ol",
        "description": null,
        "priority": 0,
        "iconLink": "https://d3hvwccx09j84u.cloudfront.net/200,200/ingredient-families/58877cf3ed71a76e9c03fbe8-34c502d3.png",
        "usageByCountry": {
          "AT": 3004,
          "AU": 136,
          "BE": 433,
          "CA": 940,
          "CH": 624,
          "DE": 2780,
          "ER": 171,
          "FR": 109,
          "GB": 4,
          "LU": 555,
          "NL": 503,
          "NZ": 0,
          "ML": 32,
          "US": 978
        },
        "createdAt": "2017-01-24T16:12:35+00:00",
        "updatedAt": "2017-01-24T16:12:35+00:00"
      }
    },
    {
      "country": "DE",
      "id": "554b1c284dab71a9058b456b",
      "type": "salz",
      "name": "Salz*",
      "slug": "salz",
      "description": null,
      "internalName": null,
      "shipped": false,
      "imageLink": "https://d3hvwccx09j84u.cloudfront.net/200,200/image/554b1c284dab71a9058b456b.png",
      "usage": 3019,
      "hasDuplicatedName": null,
      "allergens": [],
      "family": {
        "id": "58877cf3ed71a76e9c03fc25",
        "type": "salt",
        "name": "Salz",
        "slug": "salz",
        "description": null,
        "priority": 0,
        "iconLink": "https://d3hvwccx09j84u.cloudfront.net/200,200/ingredient-families/58877cf3ed71a76e9c03fc25-abd39ad0.png",
        "usageByCountry": {
          "AT": 3264,
          "AU": 471,
          "BE": 51,
          "CA": 261,
          "CH": 645,
          "DE": 3024,
          "ER": 178,
          "FR": 2,
          "GB": 122,
          "LU": 31,
          "NL": 66,
          "NZ": 241,
          "ML": 65,
          "US": 2638
        },
        "createdAt": "2017-01-24T16:12:35+00:00",
        "updatedAt": "2017-01-24T16:12:35+00:00"
      }
    },
    {
      "country": "DE",
      "id": "55b0a135fd2cb9121e8b4567",
      "type": "pfeffer",
      "name": "Pfeffer*",
      "slug": "pfeffer",
      "description": null,
      "internalName": "Pfeffer [home]",
      "shipped": false,
      "imageLink": "https://d3hvwccx09j84u.cloudfront.net/200,200/image/55b0a135fd2cb9121e8b4567.png",
      "usage": 2774,
      "hasDuplicatedName": null,
      "allergens": [],
      "family": {
        "id": "58877cf3ed71a76e9c03fc05",
        "type": "pepper-spice",
        "name": "Pfeffer (Gewürz)",
        "slug": "pfeffer-gewurz",
        "description": null,
        "priority": 0,
        "iconLink": "https://d3hvwccx09j84u.cloudfront.net/200,200/ingredient-families/58877cf3ed71a76e9c03fc05-00a37cd9.png",
        "usageByCountry": {
          "AT": 3237,
          "AU": 122,
          "BE": 12,
          "CA": 142,
          "CH": 628,
          "DE": 3006,
          "ER": 181,
          "FR": 4,
          "GB": 158,
          "LU": 18,
          "NL": 17,
          "NZ": 7,
          "ML": 71,
          "US": 2674
        },
        "createdAt": "2017-01-24T16:12:35+00:00",
        "updatedAt": "2017-01-24T16:12:35+00:00"
      }
    }
  ],
  "allergens": [
    {
      "id": "57962a07b7e8697d4b3052f5",
      "type": "gluten",
      "name": "Weizen",
      "slug": "weizen",
      "description": null,
      "tracesOf": false,
      "triggersTracesOf": false,
      "iconLink": "https://d3hvwccx09j84u.cloudfront.net/0,0/allergens/57962a07b7e8697d4b3052f5-e20d9ca4.png",
      "usage": 1406
    },
    {
      "id": "57962a07b7e8697d4b3052fa",
      "type": "milk",
      "name": "Milch",
      "slug": "laktose",
      "description": null,
      "tracesOf": false,
      "triggersTracesOf": false,
      "iconLink": "https://d3hvwccx09j84u.cloudfront.net/0,0/allergens/57962a07b7e8697d4b3052fa-be127d3f.png",
      "usage": 1018
    },
    {
      "id": "57962a07b7e8697d4b3052f3",
      "type": "maycontaintracesofallergens",
      "name": "kann Spuren von Allergenen enthalten",
      "slug": "kann-spuren-von-allergenen-enthalten",
      "description": null,
      "tracesOf": false,
      "triggersTracesOf": true,
      "iconLink": null,
      "usage": 1649
    }
  ],
  "utensils": [
    {
      "id": "57e2674fb7e8697d4b305370",
      "type": "knife",
      "name": "Messer"
    },
    {
      "id": "57e2674fb7e8697d4b305382",
      "type": "strainer",
      "name": "Sieb"
    },
    {
      "id": "57e2674fb7e8697d4b305376",
      "type": "papertowel",
      "name": "Küchenpapier"
    },
    {
      "id": "57e2674fb7e8697d4b305369",
      "type": "bowl",
      "name": "Schüssel"
    },
    {
      "id": "57e2674fb7e8697d4b305374",
      "type": "stove",
      "name": "Ofen"
    },
    {
      "id": "57e2674fb7e8697d4b305375",
      "type": "pan",
      "name": "Pfanne"
    },
    {
      "id": "57e2674fb7e8697d4b30537b",
      "type": "plate",
      "name": "Teller"
    }
  ],
  "tags": [],
  "cuisines": [],
  "wines": [],
  "marketplaceItems": [],
  "author": null,
  "label": null,
  "yieldType": "servings",
  "yields": [
    {
      "yields": 2,
      "ingredients": [
        {
          "id": "554b6b664dab71160d8b4569",
          "amount": 250,
          "unit": "g"
        },
        {
          "id": "554b2abcf8b25eef3e8b4573",
          "amount": 1,
          "unit": "Stück"
        },
        {
          "id": "554b1adef8b25ef93e8b456a",
          "amount": 0.5,
          "unit": "Stück"
        },
        {
          "id": "55e847c379a23c4b7e8b4567",
          "amount": 1,
          "unit": "Stück"
        },
        {
          "id": "554b2621fd2cb99c598b4576",
          "amount": 1,
          "unit": "Stück"
        },
        {
          "id": "555357a3f8b25e89038b456a",
          "amount": 1,
          "unit": "Stück"
        },
        {
          "id": "5566ebf34dab71e6078b456b",
          "amount": 1,
          "unit": "Stück"
        },
        {
          "id": "554b73b14dab71160d8b456a",
          "amount": 1,
          "unit": "Stück"
        },
        {
          "id": "55685e4cf8b25e68408b456a",
          "amount": 2,
          "unit": "g"
        },
        {
          "id": "55e84882fd2cb98f5b8b4567",
          "amount": 4,
          "unit": "Stück"
        },
        {
          "id": "55535a9af8b25e78738b4568",
          "amount": 150,
          "unit": "g"
        },
        {
          "id": "554b22cb4dab71c8058b4570",
          "amount": null,
          "unit": "Einheit"
        },
        {
          "id": "554b1c284dab71a9058b456b",
          "amount": null,
          "unit": "Einheit"
        },
        {
          "id": "55b0a135fd2cb9121e8b4567",
          "amount": null,
          "unit": "Einheit"
        }
      ]
    }
  ],
  "steps": [
    {
      "index": 1,
      "instructionsMarkdown": "Schweinefilet aus dem Kühlschrank nehmen, damit es Zimmertemperatur annehmen kann. Zwiebel abziehen, dann ein Viertel fein hacken, den Rest in feine Streifen schneiden. Chili waschen, halbieren, Kerne entfernen und klein schneiden. Paprika waschen, halbieren, Kerngehäuse entfernen und in feine Streifen schneiden. Tomate waschen, halbieren, Strunk entfernen und fein würfeln. Limette heiß abwaschen und Schale fein abreiben. Dann eine Hälfte entsaften, die andere Hälfte in feine Spalten schneiden. Blätter vom Salatherz lösen, waschen, in einem Sieb abtropfen lassen und etwas zerkleinern.",
      "instructionsHTML": "<p>Schweinefilet aus dem Kühlschrank nehmen, damit es Zimmertemperatur annehmen kann. Zwiebel abziehen, dann ein Viertel fein hacken, den Rest in feine Streifen schneiden. Chili waschen, halbieren, Kerne entfernen und klein schneiden. Paprika waschen, halbieren, Kerngehäuse entfernen und in feine Streifen schneiden. Tomate waschen, halbieren, Strunk entfernen und fein würfeln. Limette heiß abwaschen und Schale fein abreiben. Dann eine Hälfte entsaften, die andere Hälfte in feine Spalten schneiden. Blätter vom Salatherz lösen, waschen, in einem Sieb abtropfen lassen und etwas zerkleinern.</p>",
      "instructions": "Schweinefilet aus dem Kühlschrank nehmen, damit es Zimmertemperatur annehmen kann. Zwiebel abziehen, dann ein Viertel fein hacken, den Rest in feine Streifen schneiden. Chili waschen, halbieren, Kerne entfernen und klein schneiden. Paprika waschen, halbieren, Kerngehäuse entfernen und in feine Streifen schneiden. Tomate waschen, halbieren, Strunk entfernen und fein würfeln. Limette heiß abwaschen und Schale fein abreiben. Dann eine Hälfte entsaften, die andere Hälfte in feine Spalten schneiden. Blätter vom Salatherz lösen, waschen, in einem Sieb abtropfen lassen und etwas zerkleinern.",
      "timers": [],
      "images": [],
      "videos": [],
      "ingredients": [
        "554b6b664dab71160d8b4569",
        "554b2abcf8b25eef3e8b4573",
        "554b1adef8b25ef93e8b456a",
        "55e847c379a23c4b7e8b4567",
        "555357a3f8b25e89038b456a",
        "5566ebf34dab71e6078b456b"
      ],
      "utensils": [
        "57e2674fb7e8697d4b305370",
        "57e2674fb7e8697d4b305382"
      ]
    },
    {
      "index": 2,
      "instructionsMarkdown": "Schweinefilet kalt abspülen, mit Küchenpapier trocken tupfen und in feine Streifen schneiden.",
      "instructionsHTML": "<p>Schweinefilet kalt abspülen, mit Küchenpapier trocken tupfen und in feine Streifen schneiden.</p>",
      "instructions": "Schweinefilet kalt abspülen, mit Küchenpapier trocken tupfen und in feine Streifen schneiden.",
      "timers": [],
      "images": [],
      "videos": [],
      "ingredients": [
        "554b6b664dab71160d8b4569"
      ],
      "utensils": [
        "57e2674fb7e8697d4b305376",
        "57e2674fb7e8697d4b305370"
      ]
    },
    {
      "index": 3,
      "instructionsMarkdown": "Für die Guacamole: Schale und Kern der Avocado entfernen, Fruchtfleisch in einer kleinen Schüssel mit einer Gabel zerdrücken, ½ EL Limettensaft und ½ TL Limettenabrieb unterrühren. Für die Tomatensalsa in einer zweiten kleinen Schüssel Tomaten-, Zwiebelwürfel und nach gewünschter Schärfe ein wenig Chili mit ½ EL Olivenöl, etwas Salz und Pfeffer vermischen. Beides bis zum Anrichten ziehen lassen.",
      "instructionsHTML": "<p>Für die Guacamole: Schale und Kern der Avocado entfernen, Fruchtfleisch in einer kleinen Schüssel mit einer Gabel zerdrücken, ½ EL Limettensaft und ½ TL Limettenabrieb unterrühren. Für die Tomatensalsa in einer zweiten kleinen Schüssel Tomaten-, Zwiebelwürfel und nach gewünschter Schärfe ein wenig Chili mit ½ EL Olivenöl, etwas Salz und Pfeffer vermischen. Beides bis zum Anrichten ziehen lassen.</p>",
      "instructions": "Für die Guacamole: Schale und Kern der Avocado entfernen, Fruchtfleisch in einer kleinen Schüssel mit einer Gabel zerdrücken, ½ EL Limettensaft und ½ TL Limettenabrieb unterrühren. Für die Tomatensalsa in einer zweiten kleinen Schüssel Tomaten-, Zwiebelwürfel und nach gewünschter Schärfe ein wenig Chili mit ½ EL Olivenöl, etwas Salz und Pfeffer vermischen. Beides bis zum Anrichten ziehen lassen.",
      "timers": [],
      "images": [],
      "videos": [],
      "ingredients": [
        "554b2abcf8b25eef3e8b4573",
        "554b1adef8b25ef93e8b456a",
        "554b2621fd2cb99c598b4576",
        "555357a3f8b25e89038b456a",
        "554b73b14dab71160d8b456a",
        "554b22cb4dab71c8058b4570",
        "554b1c284dab71a9058b456b",
        "55b0a135fd2cb9121e8b4567"
      ],
      "utensils": [
        "57e2674fb7e8697d4b305369"
      ]
    },
    {
      "index": 4,
      "instructionsMarkdown": "Backofen auf 180° C Ober-/Unterhitze (160° C Umluft) vorheizen.",
      "instructionsHTML": "<p>Backofen auf 180° C Ober-/Unterhitze (160° C Umluft) vorheizen.</p>",
      "instructions": "Backofen auf 180° C Ober-/Unterhitze (160° C Umluft) vorheizen.",
      "timers": [],
      "images": [],
      "videos": [],
      "ingredients": [],
      "utensils": [
        "57e2674fb7e8697d4b305374"
      ]
    },
    {
      "index": 5,
      "instructionsMarkdown": "In einer großen beschichteten Pfanne ½ EL Olivenöl erwärmen, darin Zwiebel- und Paprikastreifen mit etwas Salz 4–5 Min. weich schmoren. Anschließend aus der Pfanne nehmen und kurz beiseite stellen.",
      "instructionsHTML": "<p>In einer großen beschichteten Pfanne ½ EL Olivenöl erwärmen, darin Zwiebel- und Paprikastreifen mit etwas Salz 4–5 Min. weich schmoren. Anschließend aus der Pfanne nehmen und kurz beiseite stellen.</p>",
      "instructions": "In einer großen beschichteten Pfanne ½ EL Olivenöl erwärmen, darin Zwiebel- und Paprikastreifen mit etwas Salz 4–5 Min. weich schmoren. Anschließend aus der Pfanne nehmen und kurz beiseite stellen.",
      "timers": [],
      "images": [],
      "videos": [],
      "ingredients": [
        "554b2abcf8b25eef3e8b4573",
        "55e847c379a23c4b7e8b4567",
        "554b22cb4dab71c8058b4570"
      ],
      "utensils": [
        "57e2674fb7e8697d4b305375"
      ]
    },
    {
      "index": 6,
      "instructionsMarkdown": "In der Pfanne erneut 1 TL Olivenöl erwärmen. Schweinefiletstreifen darin nach und nach ca. 3 Min. braun anbraten. Dann Paprika und Zwiebeln wieder dazugeben und mit Kumin, 2 EL Wasser, 1 TL Limettensaft ca. 4 Min. weitergaren. Nach Geschmack mit ein wenig Salz und Pfeffer würzen.",
      "instructionsHTML": "<p>In der Pfanne erneut 1 TL Olivenöl erwärmen. Schweinefiletstreifen darin nach und nach ca. 3 Min. braun anbraten. Dann Paprika und Zwiebeln wieder dazugeben und mit Kumin, 2 EL Wasser, 1 TL Limettensaft ca. 4 Min. weitergaren. Nach Geschmack mit ein wenig Salz und Pfeffer würzen.</p>",
      "instructions": "In der Pfanne erneut 1 TL Olivenöl erwärmen. Schweinefiletstreifen darin nach und nach ca. 3 Min. braun anbraten. Dann Paprika und Zwiebeln wieder dazugeben und mit Kumin, 2 EL Wasser, 1 TL Limettensaft ca. 4 Min. weitergaren. Nach Geschmack mit ein wenig Salz und Pfeffer würzen.",
      "timers": [],
      "images": [],
      "videos": [],
      "ingredients": [
        "554b6b664dab71160d8b4569",
        "554b2abcf8b25eef3e8b4573",
        "55e847c379a23c4b7e8b4567",
        "555357a3f8b25e89038b456a",
        "55685e4cf8b25e68408b456a",
        "554b22cb4dab71c8058b4570",
        "554b1c284dab71a9058b456b",
        "55b0a135fd2cb9121e8b4567"
      ],
      "utensils": [
        "57e2674fb7e8697d4b305375"
      ]
    },
    {
      "index": 7,
      "instructionsMarkdown": "In der Zwischenzeit Weizen-Wraps ca. 5 Min. nach Packungsangaben im Ofen aufwärmen.",
      "instructionsHTML": "<p>In der Zwischenzeit Weizen-Wraps ca. 5 Min. nach Packungsangaben im Ofen aufwärmen.</p>",
      "instructions": "In der Zwischenzeit Weizen-Wraps ca. 5 Min. nach Packungsangaben im Ofen aufwärmen.",
      "timers": [],
      "images": [],
      "videos": [],
      "ingredients": [
        "55e84882fd2cb98f5b8b4567"
      ],
      "utensils": [
        "57e2674fb7e8697d4b305374"
      ]
    },
    {
      "index": 8,
      "instructionsMarkdown": "Weizen-Wraps flach auf Teller legen, in der Mitte mit ein wenig Guacamole bestreichen. Tomatensalsa, Gemüse und Schweinefiletstreifen darauf verteilen, einen Klecks Joghurt daraufgeben und mit etwas Salat belegen. Dann die Wraps aufrollen und mit einer Limettenspalte genießen!",
      "instructionsHTML": "<p>Weizen-Wraps flach auf Teller legen, in der Mitte mit ein wenig Guacamole bestreichen. Tomatensalsa, Gemüse und Schweinefiletstreifen darauf verteilen, einen Klecks Joghurt daraufgeben und mit etwas Salat belegen. Dann die Wraps aufrollen und mit einer Limettenspalte genießen!</p>",
      "instructions": "Weizen-Wraps flach auf Teller legen, in der Mitte mit ein wenig Guacamole bestreichen. Tomatensalsa, Gemüse und Schweinefiletstreifen darauf verteilen, einen Klecks Joghurt daraufgeben und mit etwas Salat belegen. Dann die Wraps aufrollen und mit einer Limettenspalte genießen!",
      "timers": [],
      "images": [],
      "videos": [],
      "ingredients": [],
      "utensils": [
        "57e2674fb7e8697d4b30537b"
      ]
    }
  ],
  "averageRating": 3.6,
  "ratingsCount": 39,
  "favoritesCount": 172,
  "active": true,
  "highlighted": false,
  "isDinnerToLunch": false,
  "isExcludedFromIndex": false,
  "isPremium": false,
  "websiteUrl": "https://www.hellofresh.de/recipes/mexikanische-schweinefilet-fajitas-52ea6a0c453bc082398b4567",
  "clonedFrom": null,
  "canonical": null,
  "canonicalLink": null
}
