{
  "country": "DE",
  "id": "52f1cb50453bc062ba8b4567",
  "name": "Spaghetti Vongole",
  "seoName": null,
  "category": null,
  "slug": "spaghetti-vongole",
  "headline": "",
  "description": "A beautiful recipe made even better with Australia’s own iconic Cloudy Bay Clams!",
  "descriptionHTML": "<p>A beautiful recipe made even better with Australia’s own iconic Cloudy Bay Clams!</p>",
  "descriptionMarkdown": "A beautiful recipe made even better with Australia’s own iconic Cloudy Bay Clams!",
  "seoDescription": null,
  "comment": null,
  "difficulty": 1,
  "prepTime": "PT25M",
  "totalTime": null,
  "servingSize": 0,
  "createdAt": "2014-02-05T05:25:36+00:00",
  "updatedAt": "2014-02-14T11:25:20+00:00",
  "link": "https://hellofresh.com/recipes/52f1cb50453bc062ba8b4567",
  "imageLink": "https://d3hvwccx09j84u.cloudfront.net/0,0/image/52f1cb50453bc062ba8b4567.jpg",
  "cardLink": null,
  "videoLink": null,
  "nutrition": [],
  "ingredients": [],
  "allergens": [],
  "utensils": [],
  "tags": [],
  "cuisines": [],
  "wines": [],
  "marketplaceItems": [],
  "author": null,
  "label": null,
  "yieldType": null,
  "yields": [],
  "steps": [],
  "averageRating": null,
  "ratingsCount": null,
  "favoritesCount": null,
  "active": false,
  "highlighted": false,
  "isDinnerToLunch": false,
  "isExcludedFromIndex": false,
  "isPremium": false,
  "websiteUrl": "https://www.hellofresh.de/recipes/spaghetti-vongole-52f1cb50453bc062ba8b4567",
  "clonedFrom": null,
  "canonical": null,
  "canonicalLink": null
}
