{
  "country": "DE",
  "id": "52f36594453bc041f38b4567",
  "name": "Feines Kartoffel-Poree-Süppchen",
  "seoName": null,
  "category": null,
  "slug": "feines-kartoffel-poree-suppchen",
  "headline": "serviert mit Parmesan-Senf-Baguette",
  "description": "",
  "descriptionHTML": "",
  "descriptionMarkdown": "",
  "seoDescription": null,
  "comment": null,
  "difficulty": 0,
  "prepTime": "PT35M",
  "totalTime": null,
  "servingSize": 0,
  "createdAt": "2014-02-06T10:36:04+00:00",
  "updatedAt": "2016-07-13T13:38:06+00:00",
  "link": "https://hellofresh.com/recipes/52f36594453bc041f38b4567",
  "imageLink": "https://d3hvwccx09j84u.cloudfront.net/0,0/image/52f36594453bc041f38b4567.jpg",
  "cardLink": null,
  "videoLink": null,
  "nutrition": [],
  "ingredients": [],
  "allergens": [],
  "utensils": [],
  "tags": [],
  "cuisines": [],
  "wines": [],
  "marketplaceItems": [],
  "author": null,
  "label": null,
  "yieldType": null,
  "yields": [],
  "steps": [],
  "averageRating": 3.2,
  "ratingsCount": 38,
  "favoritesCount": 131,
  "active": true,
  "highlighted": false,
  "isDinnerToLunch": false,
  "isExcludedFromIndex": false,
  "isPremium": false,
  "websiteUrl": "https://www.hellofresh.de/recipes/feines-kartoffel-poree-suppchen-52f36594453bc041f38b4567",
  "clonedFrom": null,
  "canonical": null,
  "canonicalLink": null
}
