{
  "country": "DE",
  "id": "52f3686b453bc0b2f38b4567",
  "name": "Brokkoli-Speck-Pastete",
  "seoName": null,
  "category": null,
  "slug": "brokkoli-speck-pastete",
  "headline": "mit Crème fraîche und Blätterteig dazu grünen Salat",
  "description": "",
  "descriptionHTML": "",
  "descriptionMarkdown": "",
  "seoDescription": null,
  "comment": null,
  "difficulty": 3,
  "prepTime": "PT40M",
  "totalTime": null,
  "servingSize": 0,
  "createdAt": "2014-02-06T10:48:11+00:00",
  "updatedAt": "2017-02-23T17:50:56+00:00",
  "link": "https://hellofresh.com/recipes/52f3686b453bc0b2f38b4567",
  "imageLink": "https://d3hvwccx09j84u.cloudfront.net/0,0/image/52f3686b453bc0b2f38b4567.jpg",
  "cardLink": null,
  "videoLink": null,
  "nutrition": [],
  "ingredients": [],
  "allergens": [],
  "utensils": [],
  "tags": [],
  "cuisines": [],
  "wines": [],
  "marketplaceItems": [],
  "author": null,
  "label": null,
  "yieldType": null,
  "yields": [],
  "steps": [],
  "averageRating": 3.1,
  "ratingsCount": 270,
  "favoritesCount": 123,
  "active": true,
  "highlighted": false,
  "isDinnerToLunch": false,
  "isExcludedFromIndex": false,
  "isPremium": false,
  "websiteUrl": "https://www.hellofresh.de/recipes/brokkoli-speck-pastete-52f3686b453bc0b2f38b4567",
  "clonedFrom": null,
  "canonical": null,
  "canonicalLink": null
}
