{
  "country": "DE",
  "id": "52f36ad5453bc009f48b4567",
  "name": "Krosse Quinoa-Rosinen-Pinienkerne- Plätzchen",
  "seoName": null,
  "category": null,
  "slug": "krosse-quinoa-rosinen-pinienkerne-platzchen",
  "headline": "mit selbstgemachtem Humus und grünen Salat",
  "description": "",
  "descriptionHTML": "",
  "descriptionMarkdown": "",
  "seoDescription": null,
  "comment": null,
  "difficulty": 3,
  "prepTime": "PT40M",
  "totalTime": null,
  "servingSize": 0,
  "createdAt": "2014-02-06T10:58:29+00:00",
  "updatedAt": "2015-12-11T17:19:51+00:00",
  "link": "https://hellofresh.com/recipes/52f36ad5453bc009f48b4567",
  "imageLink": "https://d3hvwccx09j84u.cloudfront.net/0,0/image/52f36ad5453bc009f48b4567.jpg",
  "cardLink": null,
  "videoLink": null,
  "nutrition": [],
  "ingredients": [],
  "allergens": [],
  "utensils": [],
  "tags": [],
  "cuisines": [],
  "wines": [],
  "marketplaceItems": [],
  "author": null,
  "label": null,
  "yieldType": null,
  "yields": [],
  "steps": [],
  "averageRating": 3.5,
  "ratingsCount": 2,
  "favoritesCount": 25,
  "active": true,
  "highlighted": false,
  "isDinnerToLunch": false,
  "isExcludedFromIndex": false,
  "isPremium": false,
  "websiteUrl": "https://www.hellofresh.de/recipes/krosse-quinoa-rosinen-pinienkerne-platzchen-52f36ad5453bc009f48b4567",
  "clonedFrom": null,
  "canonical": null,
  "canonicalLink": null
}
