{
  "country": "DE",
  "id": "52f36359453bc0e5f28b4567",
  "name": "Cremiges „Korma“ Curry",
  "seoName": null,
  "category": null,
  "slug": "cremiges-korma-curry",
  "headline": "verfeinert mit grünen Bohnen und gemahlenen Mandeln auf Basmatireis",
  "description": "",
  "descriptionHTML": "",
  "descriptionMarkdown": "",
  "seoDescription": null,
  "comment": null,
  "difficulty": 1,
  "prepTime": "PT30M",
  "totalTime": null,
  "servingSize": 0,
  "createdAt": "2014-02-06T10:26:33+00:00",
  "updatedAt": "2016-05-24T11:02:30+00:00",
  "link": "https://hellofresh.com/recipes/52f36359453bc0e5f28b4567",
  "imageLink": "https://d3hvwccx09j84u.cloudfront.net/0,0/image/52f36359453bc0e5f28b4567.jpg",
  "cardLink": null,
  "videoLink": null,
  "nutrition": [],
  "ingredients": [],
  "allergens": [],
  "utensils": [],
  "tags": [],
  "cuisines": [],
  "wines": [],
  "marketplaceItems": [],
  "author": null,
  "label": null,
  "yieldType": null,
  "yields": [],
  "steps": [],
  "averageRating": 3.5,
  "ratingsCount": 31,
  "favoritesCount": 155,
  "active": true,
  "highlighted": false,
  "isDinnerToLunch": false,
  "isExcludedFromIndex": false,
  "isPremium": false,
  "websiteUrl": "https://www.hellofresh.de/recipes/cremiges-korma-curry-52f36359453bc0e5f28b4567",
  "clonedFrom": null,
  "canonical": null,
  "canonicalLink": null
}
