{
  "country": "DE",
  "id": "52f3646a453bc001f38b4567",
  "name": "Italienische Steak-Röllchen",
  "seoName": null,
  "category": null,
  "slug": "italienische-steak-rollchen",
  "headline": "gefüllt mit Mozzarella und getrockneten Tomaten auf Penne-Pasta",
  "description": "",
  "descriptionHTML": "",
  "descriptionMarkdown": "",
  "seoDescription": null,
  "comment": null,
  "difficulty": 3,
  "prepTime": "PT35M",
  "totalTime": null,
  "servingSize": 0,
  "createdAt": "2014-02-06T10:31:06+00:00",
  "updatedAt": "2017-02-23T17:50:53+00:00",
  "link": "https://hellofresh.com/recipes/52f3646a453bc001f38b4567",
  "imageLink": "https://d3hvwccx09j84u.cloudfront.net/0,0/image/52f3646a453bc001f38b4567.jpg",
  "cardLink": null,
  "videoLink": null,
  "nutrition": [],
  "ingredients": [],
  "allergens": [],
  "utensils": [],
  "tags": [],
  "cuisines": [],
  "wines": [],
  "marketplaceItems": [],
  "author": null,
  "label": null,
  "yieldType": null,
  "yields": [],
  "steps": [],
  "averageRating": 3.7,
  "ratingsCount": 29,
  "favoritesCount": 150,
  "active": true,
  "highlighted": false,
  "isDinnerToLunch": false,
  "isExcludedFromIndex": false,
  "isPremium": false,
  "websiteUrl": "https://www.hellofresh.de/recipes/italienische-steak-rollchen-52f3646a453bc001f38b4567",
  "clonedFrom": null,
  "canonical": null,
  "canonicalLink": null
}
