{
  "country": "DE",
  "id": "52f36a28453bc0ebf38b4567",
  "name": "Knuspriger Zucchini-Rigatoni-Pasta-Auflauf",
  "seoName": null,
  "category": null,
  "slug": "knuspriger-zucchini-rigatoni-pasta-auflauf",
  "headline": "in feiner Crème fraîche-Pesto-Soße",
  "description": "",
  "descriptionHTML": "",
  "descriptionMarkdown": "",
  "seoDescription": null,
  "comment": null,
  "difficulty": 1,
  "prepTime": "PT40M",
  "totalTime": null,
  "servingSize": 0,
  "createdAt": "2014-02-06T10:55:36+00:00",
  "updatedAt": "2016-06-17T10:27:33+00:00",
  "link": "https://hellofresh.com/recipes/52f36a28453bc0ebf38b4567",
  "imageLink": "https://d3hvwccx09j84u.cloudfront.net/0,0/image/52f36a28453bc0ebf38b4567.jpg",
  "cardLink": null,
  "videoLink": null,
  "nutrition": [],
  "ingredients": [],
  "allergens": [],
  "utensils": [],
  "tags": [],
  "cuisines": [],
  "wines": [],
  "marketplaceItems": [],
  "author": null,
  "label": null,
  "yieldType": null,
  "yields": [],
  "steps": [],
  "averageRating": 3.8,
  "ratingsCount": 11,
  "favoritesCount": 42,
  "active": true,
  "highlighted": false,
  "isDinnerToLunch": false,
  "isExcludedFromIndex": false,
  "isPremium": false,
  "websiteUrl": "https://www.hellofresh.de/recipes/knuspriger-zucchini-rigatoni-pasta-auflauf-52f36a28453bc0ebf38b4567",
  "clonedFrom": null,
  "canonical": null,
  "canonicalLink": null
}
