{
  "country": "DE",
  "id": "52f36657453bc04cf38b4568",
  "name": "Mediterrane Pita-Pizzen",
  "seoName": null,
  "category": null,
  "slug": "mediterrane-pita-pizzen",
  "headline": "verfeinert mit Feta, Rucola, Tomaten und Joghurt-Gurkensoße",
  "description": "",
  "descriptionHTML": "",
  "descriptionMarkdown": "",
  "seoDescription": null,
  "comment": null,
  "difficulty": 1,
  "prepTime": "PT25M",
  "totalTime": null,
  "servingSize": 0,
  "createdAt": "2014-02-06T10:39:19+00:00",
  "updatedAt": "2016-08-13T17:06:43+00:00",
  "link": "https://hellofresh.com/recipes/52f36657453bc04cf38b4568",
  "imageLink": "https://d3hvwccx09j84u.cloudfront.net/0,0/image/52f36657453bc04cf38b4568.jpg",
  "cardLink": null,
  "videoLink": null,
  "nutrition": [],
  "ingredients": [],
  "allergens": [],
  "utensils": [],
  "tags": [],
  "cuisines": [],
  "wines": [],
  "marketplaceItems": [],
  "author": null,
  "label": null,
  "yieldType": null,
  "yields": [],
  "steps": [],
  "averageRating": 3.6,
  "ratingsCount": 18,
  "favoritesCount": 125,
  "active": true,
  "highlighted": false,
  "isDinnerToLunch": false,
  "isExcludedFromIndex": false,
  "isPremium": false,
  "websiteUrl": "https://www.hellofresh.de/recipes/mediterrane-pita-pizzen-52f36657453bc04cf38b4568",
  "clonedFrom": null,
  "canonical": null,
  "canonicalLink": null
}
