{
  "country": "DE",
  "id": "52f36922453bc0cbf38b4567",
  "name": "Thailändisches „Gelbes Curry“",
  "seoName": null,
  "category": null,
  "slug": "thailandisches-gelbes-curry",
  "headline": "verfeinert mit Kokosmilch, grünen Bohnen, Champignons und Karotten, serviert auf Basmatireis",
  "description": "",
  "descriptionHTML": "",
  "descriptionMarkdown": "",
  "seoDescription": null,
  "comment": null,
  "difficulty": 1,
  "prepTime": "PT30M",
  "totalTime": null,
  "servingSize": 0,
  "createdAt": "2014-02-06T10:51:14+00:00",
  "updatedAt": "2016-07-31T15:11:00+00:00",
  "link": "https://hellofresh.com/recipes/52f36922453bc0cbf38b4567",
  "imageLink": "https://d3hvwccx09j84u.cloudfront.net/0,0/image/52f36922453bc0cbf38b4567.jpg",
  "cardLink": null,
  "videoLink": null,
  "nutrition": [],
  "ingredients": [],
  "allergens": [],
  "utensils": [],
  "tags": [],
  "cuisines": [],
  "wines": [],
  "marketplaceItems": [],
  "author": null,
  "label": null,
  "yieldType": null,
  "yields": [],
  "steps": [],
  "averageRating": 3.5,
  "ratingsCount": 231,
  "favoritesCount": 176,
  "active": true,
  "highlighted": false,
  "isDinnerToLunch": false,
  "isExcludedFromIndex": false,
  "isPremium": false,
  "websiteUrl": "https://www.hellofresh.de/recipes/thailandisches-gelbes-curry-52f36922453bc0cbf38b4567",
  "clonedFrom": null,
  "canonical": null,
  "canonicalLink": null
}
