{
  "country": "DE",
  "id": "52fca5e8453bc02b208b4567",
  "name": "Gnocchi in cremiger Zitronen- Mascarpone-Soße",
  "seoName": null,
  "category": null,
  "slug": "gnocchi-in-cremiger-zitronen-mascarpone-sosze",
  "headline": "mit geschmorten Kirschtomaten und frischem Basilikum",
  "description": "",
  "descriptionHTML": "",
  "descriptionMarkdown": "",
  "seoDescription": null,
  "comment": null,
  "difficulty": 1,
  "prepTime": "PT25M",
  "totalTime": null,
  "servingSize": 0,
  "createdAt": "2014-02-13T11:00:56+00:00",
  "updatedAt": "2017-02-23T17:51:00+00:00",
  "link": "https://hellofresh.com/recipes/52fca5e8453bc02b208b4567",
  "imageLink": "https://d3hvwccx09j84u.cloudfront.net/0,0/image/52fca5e8453bc02b208b4567.jpg",
  "cardLink": null,
  "videoLink": null,
  "nutrition": [],
  "ingredients": [],
  "allergens": [],
  "utensils": [],
  "tags": [],
  "cuisines": [],
  "wines": [],
  "marketplaceItems": [],
  "author": null,
  "label": null,
  "yieldType": null,
  "yields": [],
  "steps": [],
  "averageRating": 3.2,
  "ratingsCount": 399,
  "favoritesCount": 454,
  "active": true,
  "highlighted": false,
  "isDinnerToLunch": false,
  "isExcludedFromIndex": false,
  "isPremium": false,
  "websiteUrl": "https://www.hellofresh.de/recipes/gnocchi-in-cremiger-zitronen-mascarpone-sosze-52fca5e8453bc02b208b4567",
  "clonedFrom": null,
  "canonical": null,
  "canonicalLink": null
}
