{
  "country": "DE",
  "id": "52fca6c9453bc053208b4567",
  "name": "Pikanter Mexikanischer Reis-Eintopf",
  "seoName": null,
  "category": null,
  "slug": "pikanter-mexikanischer-reis-eintopf",
  "headline": "mit Paprika und Kidneybohnen, verfeinert mit Limetten-Sauerrahm",
  "description": "",
  "descriptionHTML": "",
  "descriptionMarkdown": "",
  "seoDescription": null,
  "comment": null,
  "difficulty": 1,
  "prepTime": "PT35M",
  "totalTime": null,
  "servingSize": 0,
  "createdAt": "2014-02-13T11:04:41+00:00",
  "updatedAt": "2016-04-12T19:02:11+00:00",
  "link": "https://hellofresh.com/recipes/52fca6c9453bc053208b4567",
  "imageLink": "https://d3hvwccx09j84u.cloudfront.net/0,0/image/52fca6c9453bc053208b4567.jpg",
  "cardLink": null,
  "videoLink": null,
  "nutrition": [],
  "ingredients": [],
  "allergens": [],
  "utensils": [],
  "tags": [],
  "cuisines": [],
  "wines": [],
  "marketplaceItems": [],
  "author": null,
  "label": null,
  "yieldType": null,
  "yields": [],
  "steps": [],
  "averageRating": 3.2,
  "ratingsCount": 13,
  "favoritesCount": 95,
  "active": true,
  "highlighted": false,
  "isDinnerToLunch": false,
  "isExcludedFromIndex": false,
  "isPremium": false,
  "websiteUrl": "https://www.hellofresh.de/recipes/pikanter-mexikanischer-reis-eintopf-52fca6c9453bc053208b4567",
  "clonedFrom": null,
  "canonical": null,
  "canonicalLink": null
}
