{
  "country": "DE",
  "id": "52fca76f453bc046208b4567",
  "name": "Herbe Chicorée-Bacon-Spaghetti in Schalotten-Sahnesoße",
  "seoName": null,
  "category": null,
  "slug": "herbe-chicoree-bacon-spaghetti-in-schalotten-sahnesosze",
  "headline": "verfeinert mit Chiliflocken und Petersilie",
  "description": "",
  "descriptionHTML": "",
  "descriptionMarkdown": "",
  "seoDescription": null,
  "comment": null,
  "difficulty": 1,
  "prepTime": "PT25M",
  "totalTime": null,
  "servingSize": 0,
  "createdAt": "2014-02-13T11:07:27+00:00",
  "updatedAt": "2017-02-23T17:51:07+00:00",
  "link": "https://hellofresh.com/recipes/52fca76f453bc046208b4567",
  "imageLink": "https://d3hvwccx09j84u.cloudfront.net/0,0/image/52fca76f453bc046208b4567.jpg",
  "cardLink": null,
  "videoLink": null,
  "nutrition": [],
  "ingredients": [],
  "allergens": [],
  "utensils": [],
  "tags": [],
  "cuisines": [],
  "wines": [],
  "marketplaceItems": [],
  "author": null,
  "label": null,
  "yieldType": null,
  "yields": [],
  "steps": [],
  "averageRating": 3.5,
  "ratingsCount": 8,
  "favoritesCount": 77,
  "active": true,
  "highlighted": false,
  "isDinnerToLunch": false,
  "isExcludedFromIndex": false,
  "isPremium": false,
  "websiteUrl": "https://www.hellofresh.de/recipes/herbe-chicoree-bacon-spaghetti-in-schalotten-sahnesosze-52fca76f453bc046208b4567",
  "clonedFrom": null,
  "canonical": null,
  "canonicalLink": null
}
