{
  "country": "DE",
  "id": "52fca461453bc0ff1f8b4567",
  "name": "Würziges Paprika-Puten-Gyros",
  "seoName": null,
  "category": null,
  "slug": "wurziges-paprika-puten-gyros",
  "headline": "auf Fladenbrot mit selbstgemachtem Tsatsiki",
  "description": "",
  "descriptionHTML": "",
  "descriptionMarkdown": "",
  "seoDescription": null,
  "comment": null,
  "difficulty": 1,
  "prepTime": "PT30M",
  "totalTime": null,
  "servingSize": 0,
  "createdAt": "2014-02-13T10:54:25+00:00",
  "updatedAt": "2017-02-23T17:51:00+00:00",
  "link": "https://hellofresh.com/recipes/52fca461453bc0ff1f8b4567",
  "imageLink": "https://d3hvwccx09j84u.cloudfront.net/0,0/image/52fca461453bc0ff1f8b4567.jpg",
  "cardLink": null,
  "videoLink": null,
  "nutrition": [],
  "ingredients": [],
  "allergens": [],
  "utensils": [],
  "tags": [],
  "cuisines": [],
  "wines": [],
  "marketplaceItems": [],
  "author": null,
  "label": null,
  "yieldType": null,
  "yields": [],
  "steps": [],
  "averageRating": 3.3,
  "ratingsCount": 23,
  "favoritesCount": 127,
  "active": true,
  "highlighted": false,
  "isDinnerToLunch": false,
  "isExcludedFromIndex": false,
  "isPremium": false,
  "websiteUrl": "https://www.hellofresh.de/recipes/wurziges-paprika-puten-gyros-52fca461453bc0ff1f8b4567",
  "clonedFrom": null,
  "canonical": null,
  "canonicalLink": null
}
