{
  "country": "DE",
  "id": "52fca53b453bc0f91f8b4567",
  "name": "Delikates Jäger-Schnitzel",
  "seoName": null,
  "category": null,
  "slug": "delikates-jager-schnitzel",
  "headline": "mit cremiger Champignonsoße dazu knusprige Ofen-Kartoffeln und gedünsteten Brokkoli",
  "description": "",
  "descriptionHTML": "",
  "descriptionMarkdown": "",
  "seoDescription": null,
  "comment": null,
  "difficulty": 2,
  "prepTime": "PT40M",
  "totalTime": null,
  "servingSize": 0,
  "createdAt": "2014-02-13T10:58:03+00:00",
  "updatedAt": "2016-07-17T07:31:22+00:00",
  "link": "https://hellofresh.com/recipes/52fca53b453bc0f91f8b4567",
  "imageLink": "https://d3hvwccx09j84u.cloudfront.net/0,0/image/52fca53b453bc0f91f8b4567.jpg",
  "cardLink": null,
  "videoLink": null,
  "nutrition": [],
  "ingredients": [],
  "allergens": [],
  "utensils": [],
  "tags": [],
  "cuisines": [],
  "wines": [],
  "marketplaceItems": [],
  "author": null,
  "label": null,
  "yieldType": null,
  "yields": [],
  "steps": [],
  "averageRating": 3.7,
  "ratingsCount": 17,
  "favoritesCount": 121,
  "active": true,
  "highlighted": false,
  "isDinnerToLunch": false,
  "isExcludedFromIndex": false,
  "isPremium": false,
  "websiteUrl": "https://www.hellofresh.de/recipes/delikates-jager-schnitzel-52fca53b453bc0f91f8b4567",
  "clonedFrom": null,
  "canonical": null,
  "canonicalLink": null
}
