{
  "country": "DE",
  "id": "52fca978453bc0cb208b4567",
  "name": "Chorizo-Vegan-Bratwurst mit feinem Süßkartoffel-Karottenstampf",
  "seoName": null,
  "category": null,
  "slug": "chorizo-vegan-bratwurst-mit-feinem-suszkartoffel-karottenstampf",
  "headline": "verfeinert mit Kumin und frischer Petersilie",
  "description": "",
  "descriptionHTML": "",
  "descriptionMarkdown": "",
  "seoDescription": null,
  "comment": null,
  "difficulty": 2,
  "prepTime": "PT30M",
  "totalTime": null,
  "servingSize": 0,
  "createdAt": "2014-02-13T11:16:08+00:00",
  "updatedAt": "2015-12-07T11:28:37+00:00",
  "link": "https://hellofresh.com/recipes/52fca978453bc0cb208b4567",
  "imageLink": "https://d3hvwccx09j84u.cloudfront.net/0,0/image/52fca978453bc0cb208b4567.jpg",
  "cardLink": null,
  "videoLink": null,
  "nutrition": [],
  "ingredients": [],
  "allergens": [],
  "utensils": [],
  "tags": [],
  "cuisines": [],
  "wines": [],
  "marketplaceItems": [],
  "author": null,
  "label": null,
  "yieldType": null,
  "yields": [],
  "steps": [],
  "averageRating": 4,
  "ratingsCount": 2,
  "favoritesCount": 19,
  "active": true,
  "highlighted": false,
  "isDinnerToLunch": false,
  "isExcludedFromIndex": false,
  "isPremium": false,
  "websiteUrl": "https://www.hellofresh.de/recipes/chorizo-vegan-bratwurst-mit-feinem-suszkartoffel-karottenstampf-52fca978453bc0cb208b4567",
  "clonedFrom": null,
  "canonical": null,
  "canonicalLink": null
}
