{
  "country": "DE",
  "id": "52fca8b8453bc0a4208b4567",
  "name": "Pikante Kichererbsen-Burger in Fladenbrot",
  "seoName": null,
  "category": null,
  "slug": "pikante-kichererbsen-burger-in-fladenbrot",
  "headline": "mit knusprigen Kartoffelwedges, Soya-Joghurtsoße und selbstgemachtem Paprika-Relish",
  "description": "",
  "descriptionHTML": "",
  "descriptionMarkdown": "",
  "seoDescription": null,
  "comment": null,
  "difficulty": 2,
  "prepTime": "PT40M",
  "totalTime": null,
  "servingSize": 0,
  "createdAt": "2014-02-13T11:12:56+00:00",
  "updatedAt": "2016-03-15T15:36:04+00:00",
  "link": "https://hellofresh.com/recipes/52fca8b8453bc0a4208b4567",
  "imageLink": "https://d3hvwccx09j84u.cloudfront.net/0,0/image/52fca8b8453bc0a4208b4567.jpg",
  "cardLink": null,
  "videoLink": null,
  "nutrition": [],
  "ingredients": [],
  "allergens": [],
  "utensils": [],
  "tags": [],
  "cuisines": [],
  "wines": [],
  "marketplaceItems": [],
  "author": null,
  "label": null,
  "yieldType": null,
  "yields": [],
  "steps": [],
  "averageRating": 3,
  "ratingsCount": 2,
  "favoritesCount": 24,
  "active": true,
  "highlighted": false,
  "isDinnerToLunch": false,
  "isExcludedFromIndex": false,
  "isPremium": false,
  "websiteUrl": "https://www.hellofresh.de/recipes/pikante-kichererbsen-burger-in-fladenbrot-52fca8b8453bc0a4208b4567",
  "clonedFrom": null,
  "canonical": null,
  "canonicalLink": null
}
