{
  "country": "DE",
  "id": "52fca81a453bc05b208b4567",
  "name": "Mediterraner Auberginen-Couscous-Salat",
  "seoName": null,
  "category": null,
  "slug": "mediterraner-auberginen-couscous-salat",
  "headline": "mit Feta, Minze und Rucola in feiner Zitronen- Vinaigrette",
  "description": "",
  "descriptionHTML": "",
  "descriptionMarkdown": "",
  "seoDescription": null,
  "comment": null,
  "difficulty": 2,
  "prepTime": "PT30M",
  "totalTime": null,
  "servingSize": 0,
  "createdAt": "2014-02-13T11:10:18+00:00",
  "updatedAt": "2016-07-13T13:38:29+00:00",
  "link": "https://hellofresh.com/recipes/52fca81a453bc05b208b4567",
  "imageLink": "https://d3hvwccx09j84u.cloudfront.net/0,0/image/52fca81a453bc05b208b4567.jpg",
  "cardLink": null,
  "videoLink": null,
  "nutrition": [],
  "ingredients": [],
  "allergens": [],
  "utensils": [],
  "tags": [],
  "cuisines": [],
  "wines": [],
  "marketplaceItems": [],
  "author": null,
  "label": null,
  "yieldType": null,
  "yields": [],
  "steps": [],
  "averageRating": 4,
  "ratingsCount": 4,
  "favoritesCount": 22,
  "active": true,
  "highlighted": false,
  "isDinnerToLunch": false,
  "isExcludedFromIndex": false,
  "isPremium": false,
  "websiteUrl": "https://www.hellofresh.de/recipes/mediterraner-auberginen-couscous-salat-52fca81a453bc05b208b4567",
  "clonedFrom": null,
  "canonical": null,
  "canonicalLink": null
}
