{
  "country": "DE",
  "id": "5305ddd5453bc0c8ed8b4567",
  "name": "Saftiges Rindersteak an Wirsing-Speck- Kartoffelstampf",
  "seoName": null,
  "category": null,
  "slug": "saftiges-rindersteak-an-wirsing-speck-kartoffelstampf",
  "headline": "verfeinert mit Frühlingszwiebeln",
  "description": "",
  "descriptionHTML": "",
  "descriptionMarkdown": "",
  "seoDescription": null,
  "comment": null,
  "difficulty": 1,
  "prepTime": "PT30M",
  "totalTime": null,
  "servingSize": 0,
  "createdAt": "2014-02-20T10:49:57+00:00",
  "updatedAt": "2016-04-12T19:02:07+00:00",
  "link": "https://hellofresh.com/recipes/5305ddd5453bc0c8ed8b4567",
  "imageLink": "https://d3hvwccx09j84u.cloudfront.net/0,0/image/5305ddd5453bc0c8ed8b4567.jpg",
  "cardLink": null,
  "videoLink": null,
  "nutrition": [],
  "ingredients": [],
  "allergens": [],
  "utensils": [],
  "tags": [],
  "cuisines": [],
  "wines": [],
  "marketplaceItems": [],
  "author": null,
  "label": null,
  "yieldType": null,
  "yields": [],
  "steps": [],
  "averageRating": 3.5,
  "ratingsCount": 29,
  "favoritesCount": 96,
  "active": true,
  "highlighted": false,
  "isDinnerToLunch": false,
  "isExcludedFromIndex": false,
  "isPremium": false,
  "websiteUrl": "https://www.hellofresh.de/recipes/saftiges-rindersteak-an-wirsing-speck-kartoffelstampf-5305ddd5453bc0c8ed8b4567",
  "clonedFrom": null,
  "canonical": null,
  "canonicalLink": null
}
