{
  "country": "DE",
  "id": "5305e4aa453bc064ee8b4567",
  "name": "Drei-Pilz-Stroganoff in feiner Crème fraîche-Soße",
  "seoName": null,
  "category": null,
  "slug": "drei-pilz-stroganoff-in-feiner-creme-fraiche-sosze",
  "headline": "an cremigen Kartoffelstampf, garniert mit Petersilie",
  "description": "",
  "descriptionHTML": "",
  "descriptionMarkdown": "",
  "seoDescription": null,
  "comment": null,
  "difficulty": 1,
  "prepTime": "PT30M",
  "totalTime": null,
  "servingSize": 0,
  "createdAt": "2014-02-20T11:19:06+00:00",
  "updatedAt": "2016-07-13T13:38:52+00:00",
  "link": "https://hellofresh.com/recipes/5305e4aa453bc064ee8b4567",
  "imageLink": "https://d3hvwccx09j84u.cloudfront.net/0,0/image/5305e4aa453bc064ee8b4567.jpg",
  "cardLink": null,
  "videoLink": null,
  "nutrition": [],
  "ingredients": [],
  "allergens": [],
  "utensils": [],
  "tags": [],
  "cuisines": [],
  "wines": [],
  "marketplaceItems": [],
  "author": null,
  "label": null,
  "yieldType": null,
  "yields": [],
  "steps": [],
  "averageRating": 3.7,
  "ratingsCount": 3,
  "favoritesCount": 21,
  "active": true,
  "highlighted": false,
  "isDinnerToLunch": false,
  "isExcludedFromIndex": false,
  "isPremium": false,
  "websiteUrl": "https://www.hellofresh.de/recipes/drei-pilz-stroganoff-in-feiner-creme-fraiche-sosze-5305e4aa453bc064ee8b4567",
  "clonedFrom": null,
  "canonical": null,
  "canonicalLink": null
}
