{
  "country": "DE",
  "id": "5305dc19453bc0c1ed8b4567",
  "name": "Za‘atar-gegrillte Hähnchenbrust",
  "seoName": null,
  "category": null,
  "slug": "zaatar-gegrillte-hahnchenbrust",
  "headline": "mit Zitronen-Joghurt-Soße und karamellisierten Karotten an Pistazien-Basmatireis",
  "description": "",
  "descriptionHTML": "",
  "descriptionMarkdown": "",
  "seoDescription": null,
  "comment": null,
  "difficulty": 2,
  "prepTime": "PT40M",
  "totalTime": null,
  "servingSize": 0,
  "createdAt": "2014-02-20T10:42:33+00:00",
  "updatedAt": "2016-07-20T22:10:26+00:00",
  "link": "https://hellofresh.com/recipes/5305dc19453bc0c1ed8b4567",
  "imageLink": "https://d3hvwccx09j84u.cloudfront.net/0,0/image/5305dc19453bc0c1ed8b4567.jpg",
  "cardLink": null,
  "videoLink": null,
  "nutrition": [],
  "ingredients": [],
  "allergens": [],
  "utensils": [],
  "tags": [],
  "cuisines": [],
  "wines": [],
  "marketplaceItems": [],
  "author": null,
  "label": null,
  "yieldType": null,
  "yields": [],
  "steps": [],
  "averageRating": 3.5,
  "ratingsCount": 1149,
  "favoritesCount": 472,
  "active": true,
  "highlighted": false,
  "isDinnerToLunch": false,
  "isExcludedFromIndex": false,
  "isPremium": false,
  "websiteUrl": "https://www.hellofresh.de/recipes/zaatar-gegrillte-hahnchenbrust-5305dc19453bc0c1ed8b4567",
  "clonedFrom": null,
  "canonical": "53f45945ff604dac328b456d",
  "canonicalLink": "https://www.hellofresh.de/recipes/zaatar-gegrillte-hahnchenbrust-53f45945ff604dac328b456d"
}
