{
  "country": "DE",
  "id": "5305df86453bc00dee8b4567",
  "name": "Würziger Makkaroni-Käse-Auflauf",
  "seoName": null,
  "category": null,
  "slug": "wurziger-makkaroni-kase-auflauf",
  "headline": "mit zweierlei Tomaten, garniert mit Schnittlauch",
  "description": "",
  "descriptionHTML": "",
  "descriptionMarkdown": null,
  "seoDescription": null,
  "comment": null,
  "difficulty": 2,
  "prepTime": "PT40M",
  "totalTime": null,
  "servingSize": 0,
  "createdAt": "2014-02-20T10:57:10+00:00",
  "updatedAt": "2016-07-17T07:31:56+00:00",
  "link": "https://hellofresh.com/recipes/5305df86453bc00dee8b4567",
  "imageLink": "https://d3hvwccx09j84u.cloudfront.net/0,0/image/5305df86453bc00dee8b4567.jpg",
  "cardLink": null,
  "videoLink": null,
  "nutrition": [
    {
      "type": "57b42a48b7e8697d4b305304",
      "name": "Energie (kcal)",
      "amount": 0,
      "unit": "kcal"
    },
    {
      "type": "57b42a48b7e8697d4b305307",
      "name": "Fett",
      "amount": 0,
      "unit": "g"
    },
    {
      "type": "57b42a48b7e8697d4b305308",
      "name": "davon gesättigte Fettsäuren",
      "amount": 0,
      "unit": "g"
    },
    {
      "type": "57b42a48b7e8697d4b305305",
      "name": "Kohlenhydrate",
      "amount": 0,
      "unit": "g"
    },
    {
      "type": "57b42a48b7e8697d4b305306",
      "name": "davon Zucker",
      "amount": 0,
      "unit": "g"
    },
    {
      "type": "57b42a48b7e8697d4b30530a",
      "name": "Ballaststoffe",
      "amount": 0,
      "unit": "g"
    },
    {
      "type": "57b42a48b7e8697d4b305309",
      "name": "Eiweiß",
      "amount": 0,
      "unit": "g"
    },
    {
      "type": "57b42a48b7e8697d4b30530b",
      "name": "Salz",
      "amount": 0,
      "unit": "g"
    }
  ],
  "ingredients": [
    {
      "country": "DE",
      "id": "55534596f8b25ea1038b4569",
      "type": "schnittlauch",
      "name": "Schnittlauch",
      "slug": "schnittlauch",
      "description": null,
      "internalName": null,
      "shipped": true,
      "imageLink": "https://d3hvwccx09j84u.cloudfront.net/200,200/image/55534596f8b25ea1038b4569.png",
      "usage": 358,
      "hasDuplicatedName": null,
      "allergens": [],
      "family": {
        "id": "58877cf3ed71a76e9c03fb74",
        "type": "chives",
        "name": "Schnittlauch",
        "slug": "schnittlauch",
        "description": null,
        "priority": 0,
        "iconLink": "https://d3hvwccx09j84u.cloudfront.net/200,200/ingredient-families/58877cf3ed71a76e9c03fb74-921bfcce.png",
        "usageByCountry": {
          "AT": 382,
          "AU": 32,
          "BE": 85,
          "CA": 38,
          "CH": 68,
          "DE": 358,
          "ER": 0,
          "FR": 30,
          "GB": 71,
          "LU": 117,
          "NL": 104,
          "NZ": 20,
          "ML": 0,
          "US": 80
        },
        "createdAt": "2017-01-24T16:12:35+00:00",
        "updatedAt": "2017-01-24T16:12:35+00:00"
      }
    },
    {
      "country": "DE",
      "id": "554b268ffd2cb983608b4568",
      "type": "knoblauch",
      "name": "Knoblauch",
      "slug": "knoblauch",
      "description": null,
      "internalName": null,
      "shipped": true,
      "imageLink": "https://d3hvwccx09j84u.cloudfront.net/200,200/image/554b268ffd2cb983608b4568.png",
      "usage": 479,
      "hasDuplicatedName": null,
      "allergens": [],
      "family": {
        "id": "58877cf3ed71a76e9c03fba4",
        "type": "garlic",
        "name": "Knoblauch",
        "slug": "knoblauch",
        "description": null,
        "priority": 0,
        "iconLink": "https://d3hvwccx09j84u.cloudfront.net/200,200/ingredient-families/58877cf3ed71a76e9c03fba4-20b617ed.png",
        "usageByCountry": {
          "AT": 1835,
          "AU": 1130,
          "BE": 998,
          "CA": 560,
          "CH": 362,
          "DE": 1709,
          "ER": 148,
          "FR": 320,
          "GB": 1260,
          "LU": 1326,
          "NL": 1183,
          "NZ": 324,
          "ML": 239,
          "US": 1433
        },
        "createdAt": "2017-01-24T16:12:35+00:00",
        "updatedAt": "2017-01-24T16:12:35+00:00"
      }
    },
    {
      "country": "DE",
      "id": "554b2a87f8b25ef53e8b4573",
      "type": "kirschtomaten",
      "name": "Kirschtomaten",
      "slug": "kirschtomaten",
      "description": null,
      "internalName": null,
      "shipped": true,
      "imageLink": "https://d3hvwccx09j84u.cloudfront.net/200,200/image/554b2a87f8b25ef53e8b4573.png",
      "usage": 324,
      "hasDuplicatedName": null,
      "allergens": [],
      "family": {
        "id": "58877cf3ed71a76e9c03fc46",
        "type": "tomatoes",
        "name": "Tomaten",
        "slug": "tomaten",
        "description": null,
        "priority": 0,
        "iconLink": "https://d3hvwccx09j84u.cloudfront.net/200,200/ingredient-families/58877cf3ed71a76e9c03fc46-7984cb37.png",
        "usageByCountry": {
          "AT": 1523,
          "AU": 656,
          "BE": 863,
          "CA": 281,
          "CH": 285,
          "DE": 1452,
          "ER": 55,
          "FR": 247,
          "GB": 788,
          "LU": 1102,
          "NL": 1019,
          "NZ": 162,
          "ML": 380,
          "US": 1233
        },
        "createdAt": "2017-01-24T16:12:35+00:00",
        "updatedAt": "2017-01-24T16:12:35+00:00"
      }
    },
    {
      "country": "DE",
      "id": "554b27104dab71a9058b456c",
      "type": "getrocknete tomaten",
      "name": "getrocknete Tomaten",
      "slug": "getrocknete-tomaten",
      "description": null,
      "internalName": null,
      "shipped": true,
      "imageLink": "https://d3hvwccx09j84u.cloudfront.net/200,200/image/554b27104dab71a9058b456c.png",
      "usage": 142,
      "hasDuplicatedName": null,
      "allergens": [],
      "family": {
        "id": "58877cf3ed71a76e9c03fc46",
        "type": "tomatoes",
        "name": "Tomaten",
        "slug": "tomaten",
        "description": null,
        "priority": 0,
        "iconLink": "https://d3hvwccx09j84u.cloudfront.net/200,200/ingredient-families/58877cf3ed71a76e9c03fc46-7984cb37.png",
        "usageByCountry": {
          "AT": 1523,
          "AU": 656,
          "BE": 863,
          "CA": 281,
          "CH": 285,
          "DE": 1452,
          "ER": 55,
          "FR": 247,
          "GB": 788,
          "LU": 1102,
          "NL": 1019,
          "NZ": 162,
          "ML": 380,
          "US": 1233
        },
        "createdAt": "2017-01-24T16:12:35+00:00",
        "updatedAt": "2017-01-24T16:12:35+00:00"
      }
    },
    {
      "country": "DE",
      "id": "554b21b64dab71a6058b4572",
      "type": "cheddar",
      "name": "geriebener Cheddar",
      "slug": "geriebener-cheddar",
      "description": null,
      "internalName": "geriebener Cheddar",
      "shipped": true,
      "imageLink": "https://d3hvwccx09j84u.cloudfront.net/200,200/image/554b21b64dab71a6058b4572.png",
      "usage": 110,
      "hasDuplicatedName": null,
      "allergens": [
        {
          "id": "57962a07b7e8697d4b3052fa",
          "type": "milk",
          "name": "Milch",
          "slug": "laktose",
          "description": null,
          "tracesOf": false,
          "triggersTracesOf": false,
          "iconLink": "https://d3hvwccx09j84u.cloudfront.net/0,0/allergens/57962a07b7e8697d4b3052fa-be127d3f.png",
          "usage": 1018
        }
      ],
      "family": {
        "id": "58877cf3ed71a76e9c03fb68",
        "type": "cheese",
        "name": "Greyerzer",
        "slug": "greyerzer",
        "description": null,
        "priority": 0,
        "iconLink": "https://d3hvwccx09j84u.cloudfront.net/200,200/ingredient-families/58877cf3ed71a76e9c03fb68-b56fbaaf.png",
        "usageByCountry": {
          "AT": 1889,
          "AU": 708,
          "BE": 959,
          "CA": 367,
          "CH": 331,
          "DE": 1778,
          "ER": 91,
          "FR": 267,
          "GB": 876,
          "LU": 1325,
          "NL": 1163,
          "NZ": 169,
          "ML": 648,
          "US": 1675
        },
        "createdAt": "2017-01-24T16:12:35+00:00",
        "updatedAt": "2017-01-24T16:12:35+00:00"
      }
    },
    {
      "country": "DE",
      "id": "55534647f8b25e8a038b4567",
      "type": "frischkäse",
      "name": "Frischkäse",
      "slug": "frischkase",
      "description": null,
      "internalName": null,
      "shipped": true,
      "imageLink": "https://d3hvwccx09j84u.cloudfront.net/200,200/image/55534647f8b25e8a038b4567.png",
      "usage": 75,
      "hasDuplicatedName": null,
      "allergens": [],
      "family": {
        "id": "58877cf3ed71a76e9c03fb68",
        "type": "cheese",
        "name": "Greyerzer",
        "slug": "greyerzer",
        "description": null,
        "priority": 0,
        "iconLink": "https://d3hvwccx09j84u.cloudfront.net/200,200/ingredient-families/58877cf3ed71a76e9c03fb68-b56fbaaf.png",
        "usageByCountry": {
          "AT": 1889,
          "AU": 708,
          "BE": 959,
          "CA": 367,
          "CH": 331,
          "DE": 1778,
          "ER": 91,
          "FR": 267,
          "GB": 876,
          "LU": 1325,
          "NL": 1163,
          "NZ": 169,
          "ML": 648,
          "US": 1675
        },
        "createdAt": "2017-01-24T16:12:35+00:00",
        "updatedAt": "2017-01-24T16:12:35+00:00"
      }
    },
    {
      "country": "DE",
      "id": "554b1c284dab71a9058b456b",
      "type": "salz",
      "name": "Salz*",
      "slug": "salz",
      "description": null,
      "internalName": null,
      "shipped": false,
      "imageLink": "https://d3hvwccx09j84u.cloudfront.net/200,200/image/554b1c284dab71a9058b456b.png",
      "usage": 3019,
      "hasDuplicatedName": null,
      "allergens": [],
      "family": {
        "id": "58877cf3ed71a76e9c03fc25",
        "type": "salt",
        "name": "Salz",
        "slug": "salz",
        "description": null,
        "priority": 0,
        "iconLink": "https://d3hvwccx09j84u.cloudfront.net/200,200/ingredient-families/58877cf3ed71a76e9c03fc25-abd39ad0.png",
        "usageByCountry": {
          "AT": 3264,
          "AU": 471,
          "BE": 51,
          "CA": 261,
          "CH": 645,
          "DE": 3024,
          "ER": 178,
          "FR": 2,
          "GB": 122,
          "LU": 31,
          "NL": 66,
          "NZ": 241,
          "ML": 65,
          "US": 2638
        },
        "createdAt": "2017-01-24T16:12:35+00:00",
        "updatedAt": "2017-01-24T16:12:35+00:00"
      }
    },
    {
      "country": "DE",
      "id": "5566ea88fd2cb9e57f8b4569",
      "type": "senf, körnig",
      "name": "körniger Senf",
      "slug": "senf-kornig",
      "description": null,
      "internalName": "Senf, körnig",
      "shipped": true,
      "imageLink": "https://d3hvwccx09j84u.cloudfront.net/200,200/image/5566ea88fd2cb9e57f8b4569.png",
      "usage": 53,
      "hasDuplicatedName": null,
      "allergens": [
        {
          "id": "57962a07b7e8697d4b3052fd",
          "type": "mustard",
          "name": "Senf",
          "slug": "senf",
          "description": null,
          "tracesOf": false,
          "triggersTracesOf": false,
          "iconLink": "https://d3hvwccx09j84u.cloudfront.net/0,0/allergens/57962a07b7e8697d4b3052fd-feb8e168.png",
          "usage": 158
        }
      ],
      "family": {
        "id": "58877cf3ed71a76e9c03fbdf",
        "type": "mustard",
        "name": "Senf",
        "slug": "senf",
        "description": null,
        "priority": 0,
        "iconLink": "https://d3hvwccx09j84u.cloudfront.net/200,200/ingredient-families/58877cf3ed71a76e9c03fbdf-bd28b3fe.png",
        "usageByCountry": {
          "AT": 411,
          "AU": 149,
          "BE": 262,
          "CA": 135,
          "CH": 75,
          "DE": 361,
          "ER": 7,
          "FR": 68,
          "GB": 159,
          "LU": 354,
          "NL": 295,
          "NZ": 42,
          "ML": 1,
          "US": 175
        },
        "createdAt": "2017-01-24T16:12:35+00:00",
        "updatedAt": "2017-01-24T16:12:35+00:00"
      }
    },
    {
      "country": "DE",
      "id": "55b0a135fd2cb9121e8b4567",
      "type": "pfeffer",
      "name": "Pfeffer*",
      "slug": "pfeffer",
      "description": null,
      "internalName": "Pfeffer [home]",
      "shipped": false,
      "imageLink": "https://d3hvwccx09j84u.cloudfront.net/200,200/image/55b0a135fd2cb9121e8b4567.png",
      "usage": 2774,
      "hasDuplicatedName": null,
      "allergens": [],
      "family": {
        "id": "58877cf3ed71a76e9c03fc05",
        "type": "pepper-spice",
        "name": "Pfeffer (Gewürz)",
        "slug": "pfeffer-gewurz",
        "description": null,
        "priority": 0,
        "iconLink": "https://d3hvwccx09j84u.cloudfront.net/200,200/ingredient-families/58877cf3ed71a76e9c03fc05-00a37cd9.png",
        "usageByCountry": {
          "AT": 3237,
          "AU": 122,
          "BE": 12,
          "CA": 142,
          "CH": 628,
          "DE": 3006,
          "ER": 181,
          "FR": 4,
          "GB": 158,
          "LU": 18,
          "NL": 17,
          "NZ": 7,
          "ML": 71,
          "US": 2674
        },
        "createdAt": "2017-01-24T16:12:35+00:00",
        "updatedAt": "2017-01-24T16:12:35+00:00"
      }
    },
    {
      "country": "DE",
      "id": "554b2288f8b25ef93e8b456c",
      "type": "butter",
      "name": "Butter*",
      "slug": "butter",
      "description": null,
      "internalName": "Butter [home]",
      "shipped": false,
      "imageLink": "https://d3hvwccx09j84u.cloudfront.net/200,200/ingredient/554b2288f8b25ef93e8b456c-10f3c76d.png",
      "usage": 720,
      "hasDuplicatedName": null,
      "allergens": [
        {
          "id": "57962a07b7e8697d4b3052fa",
          "type": "milk",
          "name": "Milch",
          "slug": "laktose",
          "description": null,
          "tracesOf": false,
          "triggersTracesOf": false,
          "iconLink": "https://d3hvwccx09j84u.cloudfront.net/0,0/allergens/57962a07b7e8697d4b3052fa-be127d3f.png",
          "usage": 1018
        }
      ],
      "family": {
        "id": "58877cf3ed71a76e9c03fb5b",
        "type": "butter",
        "name": "Butter",
        "slug": "butter",
        "description": null,
        "priority": 0,
        "iconLink": "https://d3hvwccx09j84u.cloudfront.net/200,200/ingredient-families/58877cf3ed71a76e9c03fb5b-10d0b09a.png",
        "usageByCountry": {
          "AT": 768,
          "AU": 384,
          "BE": 831,
          "CA": 177,
          "CH": 167,
          "DE": 735,
          "ER": 121,
          "FR": 206,
          "GB": 166,
          "LU": 1013,
          "NL": 1004,
          "NZ": 126,
          "ML": 289,
          "US": 1152
        },
        "createdAt": "2017-01-24T16:12:35+00:00",
        "updatedAt": "2017-01-24T16:12:35+00:00"
      }
    }
  ],
  "allergens": [
    {
      "id": "57962a07b7e8697d4b3052fa",
      "type": "milk",
      "name": "Milch",
      "slug": "laktose",
      "description": null,
      "tracesOf": false,
      "triggersTracesOf": false,
      "iconLink": "https://d3hvwccx09j84u.cloudfront.net/0,0/allergens/57962a07b7e8697d4b3052fa-be127d3f.png",
      "usage": 1018
    },
    {
      "id": "57962a07b7e8697d4b3052fd",
      "type": "mustard",
      "name": "Senf",
      "slug": "senf",
      "description": null,
      "tracesOf": false,
      "triggersTracesOf": false,
      "iconLink": "https://d3hvwccx09j84u.cloudfront.net/0,0/allergens/57962a07b7e8697d4b3052fd-feb8e168.png",
      "usage": 158
    }
  ],
  "utensils": [
    {
      "id": "57e2674fb7e8697d4b30537c",
      "type": "pot",
      "name": "Topf"
    },
    {
      "id": "57e2674fb7e8697d4b305382",
      "type": "strainer",
      "name": "Sieb"
    },
    {
      "id": "57e2674fb7e8697d4b305370",
      "type": "knife",
      "name": "Messer"
    },
    {
      "id": "57e2674fb7e8697d4b30536e",
      "type": "grater",
      "name": "Reibe"
    },
    {
      "id": "57e2674fb7e8697d4b305369",
      "type": "bowl",
      "name": "Schüssel"
    },
    {
      "id": "57e2674fb7e8697d4b305374",
      "type": "stove",
      "name": "Ofen"
    },
    {
      "id": "57e2674fb7e8697d4b305367",
      "type": "bakingdish",
      "name": "Auflaufform"
    },
    {
      "id": "57e2674fb7e8697d4b30537b",
      "type": "plate",
      "name": "Teller"
    }
  ],
  "tags": [],
  "cuisines": [],
  "wines": [],
  "marketplaceItems": [],
  "author": null,
  "label": null,
  "yieldType": "servings",
  "yields": [
    {
      "yields": 2,
      "ingredients": [
        {
          "id": "55534596f8b25ea1038b4569",
          "amount": 5,
          "unit": "g"
        },
        {
          "id": "554b268ffd2cb983608b4568",
          "amount": 0.125,
          "unit": "Stück"
        },
        {
          "id": "554b2a87f8b25ef53e8b4573",
          "amount": 200,
          "unit": "g"
        },
        {
          "id": "554b27104dab71a9058b456c",
          "amount": 200,
          "unit": "g"
        },
        {
          "id": "554b21b64dab71a6058b4572",
          "amount": 100,
          "unit": "g"
        },
        {
          "id": "55534647f8b25e8a038b4567",
          "amount": 0.5,
          "unit": "Packung"
        },
        {
          "id": "554b1c284dab71a9058b456b",
          "amount": null,
          "unit": "Einheit"
        },
        {
          "id": "5566ea88fd2cb9e57f8b4569",
          "amount": null,
          "unit": "Einheit"
        },
        {
          "id": "55b0a135fd2cb9121e8b4567",
          "amount": null,
          "unit": "Einheit"
        },
        {
          "id": "554b2288f8b25ef93e8b456c",
          "amount": null,
          "unit": "Einheit"
        }
      ]
    }
  ],
  "steps": [
    {
      "index": 1,
      "instructionsMarkdown": "In einem großen Topf reichlich Salzwasser zum Kochen bringen. Die Makkaroni darin bissfest garen und in ein Sieb abgießen. Zurück in den Topf geben.",
      "instructionsHTML": "<p>In einem großen Topf reichlich Salzwasser zum Kochen bringen. Die Makkaroni darin bissfest garen und in ein Sieb abgießen. Zurück in den Topf geben.</p>",
      "instructions": "In einem großen Topf reichlich Salzwasser zum Kochen bringen. Die Makkaroni darin bissfest garen und in ein Sieb abgießen. Zurück in den Topf geben.",
      "timers": [],
      "images": [],
      "videos": [],
      "ingredients": [],
      "utensils": [
        "57e2674fb7e8697d4b30537c",
        "57e2674fb7e8697d4b305382"
      ]
    },
    {
      "index": 2,
      "instructionsMarkdown": "Schnittlauch in feine Röllchen schneiden. Knoblauch abziehen und fein hacken. Kirschtomaten waschen und halbieren. Getrocknete Tomaten grob zerkleinern. Cheddar grob reiben.",
      "instructionsHTML": "<p>Schnittlauch in feine Röllchen schneiden. Knoblauch abziehen und fein hacken. Kirschtomaten waschen und halbieren. Getrocknete Tomaten grob zerkleinern. Cheddar grob reiben.</p>",
      "instructions": "Schnittlauch in feine Röllchen schneiden. Knoblauch abziehen und fein hacken. Kirschtomaten waschen und halbieren. Getrocknete Tomaten grob zerkleinern. Cheddar grob reiben.",
      "timers": [],
      "images": [],
      "videos": [],
      "ingredients": [
        "55534596f8b25ea1038b4569",
        "554b268ffd2cb983608b4568",
        "554b27104dab71a9058b456c",
        "554b21b64dab71a6058b4572"
      ],
      "utensils": [
        "57e2674fb7e8697d4b305370",
        "57e2674fb7e8697d4b30536e"
      ]
    },
    {
      "index": 3,
      "instructionsMarkdown": "In einer kleinen Schüssel Frischkäse mit 1 TL Senf und Großteil des Schnittlauchs vermischen, mit Salz und Pfeffer abschmecken.",
      "instructionsHTML": "<p>In einer kleinen Schüssel Frischkäse mit 1 TL Senf und Großteil des Schnittlauchs vermischen, mit Salz und Pfeffer abschmecken.</p>",
      "instructions": "In einer kleinen Schüssel Frischkäse mit 1 TL Senf und Großteil des Schnittlauchs vermischen, mit Salz und Pfeffer abschmecken.",
      "timers": [],
      "images": [],
      "videos": [],
      "ingredients": [
        "55534596f8b25ea1038b4569",
        "55534647f8b25e8a038b4567",
        "554b1c284dab71a9058b456b",
        "5566ea88fd2cb9e57f8b4569",
        "55b0a135fd2cb9121e8b4567"
      ],
      "utensils": [
        "57e2674fb7e8697d4b305369"
      ]
    },
    {
      "index": 4,
      "instructionsMarkdown": "Backofen auf 200° C (Grillfunktion) vorheizen. Frischkäse-Mischung, Kirschtomaten und getrocknete Tomaten zu den Makkaroni in den Topf geben und alles gut miteinander mischen.",
      "instructionsHTML": "<p>Backofen auf 200° C (Grillfunktion) vorheizen. Frischkäse-Mischung, Kirschtomaten und getrocknete Tomaten zu den Makkaroni in den Topf geben und alles gut miteinander mischen.</p>",
      "instructions": "Backofen auf 200° C (Grillfunktion) vorheizen. Frischkäse-Mischung, Kirschtomaten und getrocknete Tomaten zu den Makkaroni in den Topf geben und alles gut miteinander mischen.",
      "timers": [],
      "images": [],
      "videos": [],
      "ingredients": [],
      "utensils": [
        "57e2674fb7e8697d4b305374",
        "57e2674fb7e8697d4b30537c"
      ]
    },
    {
      "index": 5,
      "instructionsMarkdown": "Eine feuerfeste Auflaufform leicht einfetten und Makkaroni-Mischung gleichmäßig darin verteilen. Dann mit Cheddar bestreuen und 4–5 Min. auf dem höchsten Einschub im Ofen überbacken, bis der Käse bräunlich und zerlaufen ist.",
      "instructionsHTML": "<p>Eine feuerfeste Auflaufform leicht einfetten und Makkaroni-Mischung gleichmäßig darin verteilen. Dann mit Cheddar bestreuen und 4–5 Min. auf dem höchsten Einschub im Ofen überbacken, bis der Käse bräunlich und zerlaufen ist.</p>",
      "instructions": "Eine feuerfeste Auflaufform leicht einfetten und Makkaroni-Mischung gleichmäßig darin verteilen. Dann mit Cheddar bestreuen und 4–5 Min. auf dem höchsten Einschub im Ofen überbacken, bis der Käse bräunlich und zerlaufen ist.",
      "timers": [],
      "images": [],
      "videos": [],
      "ingredients": [
        "554b21b64dab71a6058b4572"
      ],
      "utensils": [
        "57e2674fb7e8697d4b305367",
        "57e2674fb7e8697d4b305374"
      ]
    },
    {
      "index": 6,
      "instructionsMarkdown": "Makkaroni-Käse-Auflauf auf Tellern verteilen, mit restlichem Schnittlauch bestreuen und genießen!",
      "instructionsHTML": "<p>Makkaroni-Käse-Auflauf auf Tellern verteilen, mit restlichem Schnittlauch bestreuen und genießen!</p>",
      "instructions": "Makkaroni-Käse-Auflauf auf Tellern verteilen, mit restlichem Schnittlauch bestreuen und genießen!",
      "timers": [],
      "images": [],
      "videos": [],
      "ingredients": [
        "55534596f8b25ea1038b4569"
      ],
      "utensils": [
        "57e2674fb7e8697d4b30537b"
      ]
    }
  ],
  "averageRating": 3.6,
  "ratingsCount": 10,
  "favoritesCount": 208,
  "active": true,
  "highlighted": false,
  "isDinnerToLunch": false,
  "isExcludedFromIndex": false,
  "isPremium": false,
  "websiteUrl": "https://www.hellofresh.de/recipes/wurziger-makkaroni-kase-auflauf-5305df86453bc00dee8b4567",
  "clonedFrom": null,
  "canonical": null,
  "canonicalLink": null
}
