{
  "country": "DE",
  "id": "5305de8d453bc0f4ed8b4567",
  "name": "Kross gebratene Schupfnudeln",
  "seoName": null,
  "category": null,
  "slug": "kross-gebratene-schupfnudeln",
  "headline": "mit Basilikum-Mandel-Pesto und Porree",
  "description": "",
  "descriptionHTML": "",
  "descriptionMarkdown": "",
  "seoDescription": null,
  "comment": null,
  "difficulty": 1,
  "prepTime": "PT25M",
  "totalTime": null,
  "servingSize": 0,
  "createdAt": "2014-02-20T10:53:01+00:00",
  "updatedAt": "2016-07-19T14:14:53+00:00",
  "link": "https://hellofresh.com/recipes/5305de8d453bc0f4ed8b4567",
  "imageLink": "https://d3hvwccx09j84u.cloudfront.net/0,0/image/5305de8d453bc0f4ed8b4567.jpg",
  "cardLink": null,
  "videoLink": null,
  "nutrition": [],
  "ingredients": [],
  "allergens": [],
  "utensils": [],
  "tags": [],
  "cuisines": [],
  "wines": [],
  "marketplaceItems": [],
  "author": null,
  "label": null,
  "yieldType": null,
  "yields": [],
  "steps": [],
  "averageRating": 3.7,
  "ratingsCount": 30,
  "favoritesCount": 119,
  "active": true,
  "highlighted": false,
  "isDinnerToLunch": false,
  "isExcludedFromIndex": false,
  "isPremium": false,
  "websiteUrl": "https://www.hellofresh.de/recipes/kross-gebratene-schupfnudeln-5305de8d453bc0f4ed8b4567",
  "clonedFrom": null,
  "canonical": "55d1a00579a23cef4a8b4567",
  "canonicalLink": "https://www.hellofresh.de/recipes/kross-gebratene-schupfnudeln-mit-kostlicher-schinkenspeck-spitzkohl-sosze-55d1a00579a23cef4a8b4567"
}
