{
  "country": "DE",
  "id": "5305e2a8453bc039ee8b4567",
  "name": "Orientalischer Gemüseeintopf",
  "seoName": null,
  "category": null,
  "slug": "orientalischer-gemuseeintopf",
  "headline": "serviert mit Basmatireis, Zitronen-Joghurtsoße und Dill",
  "description": "",
  "descriptionHTML": "",
  "descriptionMarkdown": "",
  "seoDescription": null,
  "comment": null,
  "difficulty": 2,
  "prepTime": "PT40M",
  "totalTime": null,
  "servingSize": 0,
  "createdAt": "2014-02-20T11:10:32+00:00",
  "updatedAt": "2016-07-13T13:38:49+00:00",
  "link": "https://hellofresh.com/recipes/5305e2a8453bc039ee8b4567",
  "imageLink": "https://d3hvwccx09j84u.cloudfront.net/0,0/image/5305e2a8453bc039ee8b4567.jpg",
  "cardLink": null,
  "videoLink": null,
  "nutrition": [],
  "ingredients": [],
  "allergens": [],
  "utensils": [],
  "tags": [],
  "cuisines": [],
  "wines": [],
  "marketplaceItems": [],
  "author": null,
  "label": null,
  "yieldType": null,
  "yields": [],
  "steps": [],
  "averageRating": 3.2,
  "ratingsCount": 162,
  "favoritesCount": 50,
  "active": true,
  "highlighted": false,
  "isDinnerToLunch": false,
  "isExcludedFromIndex": false,
  "isPremium": false,
  "websiteUrl": "https://www.hellofresh.de/recipes/orientalischer-gemuseeintopf-5305e2a8453bc039ee8b4567",
  "clonedFrom": null,
  "canonical": null,
  "canonicalLink": null
}
