{
  "country": "DE",
  "id": "5305e0f3453bc00dee8b4568",
  "name": "Bratwurst-Gemüse-Spieße aus dem Ofen",
  "seoName": null,
  "category": null,
  "slug": "bratwurst-gemuse-spiesze-aus-dem-ofen",
  "headline": "serviert mit Gewürzbutterbrötchen, grünem Salat und Kräuterquark",
  "description": "",
  "descriptionHTML": "",
  "descriptionMarkdown": "",
  "seoDescription": null,
  "comment": null,
  "difficulty": 2,
  "prepTime": "PT30M",
  "totalTime": null,
  "servingSize": 0,
  "createdAt": "2014-02-20T11:03:15+00:00",
  "updatedAt": "2016-02-28T09:13:50+00:00",
  "link": "https://hellofresh.com/recipes/5305e0f3453bc00dee8b4568",
  "imageLink": "https://d3hvwccx09j84u.cloudfront.net/0,0/image/5305e0f3453bc00dee8b4568.jpg",
  "cardLink": null,
  "videoLink": null,
  "nutrition": [],
  "ingredients": [],
  "allergens": [],
  "utensils": [],
  "tags": [],
  "cuisines": [],
  "wines": [],
  "marketplaceItems": [],
  "author": null,
  "label": null,
  "yieldType": null,
  "yields": [],
  "steps": [],
  "averageRating": 2.6,
  "ratingsCount": 8,
  "favoritesCount": 50,
  "active": true,
  "highlighted": false,
  "isDinnerToLunch": false,
  "isExcludedFromIndex": false,
  "isPremium": false,
  "websiteUrl": "https://www.hellofresh.de/recipes/bratwurst-gemuse-spiesze-aus-dem-ofen-5305e0f3453bc00dee8b4568",
  "clonedFrom": null,
  "canonical": null,
  "canonicalLink": null
}
