{
  "country": "DE",
  "id": "5305e585453bc071ee8b4567",
  "name": "Braun-gebratene Polenta",
  "seoName": null,
  "category": null,
  "slug": "braun-gebratene-polenta",
  "headline": "mit Chimichurri-Soße und gemischtem Antipasti-Gemüse",
  "description": "",
  "descriptionHTML": "",
  "descriptionMarkdown": "",
  "seoDescription": null,
  "comment": null,
  "difficulty": 3,
  "prepTime": "PT35M",
  "totalTime": null,
  "servingSize": 0,
  "createdAt": "2014-02-20T11:22:45+00:00",
  "updatedAt": "2016-07-13T13:38:55+00:00",
  "link": "https://hellofresh.com/recipes/5305e585453bc071ee8b4567",
  "imageLink": "https://d3hvwccx09j84u.cloudfront.net/0,0/image/5305e585453bc071ee8b4567.jpg",
  "cardLink": null,
  "videoLink": null,
  "nutrition": [],
  "ingredients": [],
  "allergens": [],
  "utensils": [],
  "tags": [],
  "cuisines": [],
  "wines": [],
  "marketplaceItems": [],
  "author": null,
  "label": null,
  "yieldType": null,
  "yields": [],
  "steps": [],
  "averageRating": 3,
  "ratingsCount": 1,
  "favoritesCount": 13,
  "active": true,
  "highlighted": false,
  "isDinnerToLunch": false,
  "isExcludedFromIndex": false,
  "isPremium": false,
  "websiteUrl": "https://www.hellofresh.de/recipes/braun-gebratene-polenta-5305e585453bc071ee8b4567",
  "clonedFrom": null,
  "canonical": null,
  "canonicalLink": null
}
