{
  "country": "DE",
  "id": "530f6bffff604da56c8b4567",
  "name": "Pikante Putenbrust-Reisnudel-Pfanne",
  "seoName": null,
  "category": null,
  "slug": "pikante-putenbrust-reisnudel-pfanne",
  "headline": "mit Paprika und Karotten, garniert mit Frühlingszwiebeln und geröstetem Sesam",
  "description": "",
  "descriptionHTML": "",
  "descriptionMarkdown": "",
  "seoDescription": null,
  "comment": null,
  "difficulty": 3,
  "prepTime": "PT35M",
  "totalTime": null,
  "servingSize": 0,
  "createdAt": "2014-02-27T16:46:55+00:00",
  "updatedAt": "2016-07-13T13:16:51+00:00",
  "link": "https://hellofresh.com/recipes/530f6bffff604da56c8b4567",
  "imageLink": "https://d3hvwccx09j84u.cloudfront.net/0,0/image/530f6bffff604da56c8b4567.jpg",
  "cardLink": null,
  "videoLink": null,
  "nutrition": [],
  "ingredients": [],
  "allergens": [],
  "utensils": [],
  "tags": [],
  "cuisines": [],
  "wines": [],
  "marketplaceItems": [],
  "author": null,
  "label": null,
  "yieldType": null,
  "yields": [],
  "steps": [],
  "averageRating": 3.2,
  "ratingsCount": 30,
  "favoritesCount": 116,
  "active": true,
  "highlighted": false,
  "isDinnerToLunch": false,
  "isExcludedFromIndex": false,
  "isPremium": false,
  "websiteUrl": "https://www.hellofresh.de/recipes/pikante-putenbrust-reisnudel-pfanne-530f6bffff604da56c8b4567",
  "clonedFrom": null,
  "canonical": null,
  "canonicalLink": null
}
