{
  "country": "DE",
  "id": "530f6d79ff604db16c8b456a",
  "name": "Feurige Penne „Arrabbiata“",
  "seoName": null,
  "category": null,
  "slug": "feurige-penne-arrabbiata",
  "headline": "mit Zucchini, zweierlei Käse und frischem Oregano",
  "description": "",
  "descriptionHTML": "",
  "descriptionMarkdown": "",
  "seoDescription": null,
  "comment": null,
  "difficulty": 1,
  "prepTime": "PT30M",
  "totalTime": null,
  "servingSize": 0,
  "createdAt": "2014-02-27T16:53:13+00:00",
  "updatedAt": "2016-06-04T16:28:58+00:00",
  "link": "https://hellofresh.com/recipes/530f6d79ff604db16c8b456a",
  "imageLink": "https://d3hvwccx09j84u.cloudfront.net/0,0/image/530f6d79ff604db16c8b456a.jpg",
  "cardLink": null,
  "videoLink": null,
  "nutrition": [],
  "ingredients": [],
  "allergens": [],
  "utensils": [],
  "tags": [],
  "cuisines": [],
  "wines": [],
  "marketplaceItems": [],
  "author": null,
  "label": null,
  "yieldType": null,
  "yields": [],
  "steps": [],
  "averageRating": 3.3,
  "ratingsCount": 39,
  "favoritesCount": 126,
  "active": true,
  "highlighted": false,
  "isDinnerToLunch": false,
  "isExcludedFromIndex": false,
  "isPremium": false,
  "websiteUrl": "https://www.hellofresh.de/recipes/feurige-penne-arrabbiata-530f6d79ff604db16c8b456a",
  "clonedFrom": null,
  "canonical": null,
  "canonicalLink": null
}
