{
  "country": "DE",
  "id": "530f6a5fff604dab6c8b456b",
  "name": "Delikate Schweinelachssteaks an krossen Rosmarin-Kartoffeln",
  "seoName": null,
  "category": null,
  "slug": "delikate-schweinelachssteaks-an-krossen-rosmarin-kartoffeln",
  "headline": "dazu Crème fraîche-Spinat verfeinert mit Muskat",
  "description": "",
  "descriptionHTML": "",
  "descriptionMarkdown": "",
  "seoDescription": null,
  "comment": null,
  "difficulty": 2,
  "prepTime": "PT40M",
  "totalTime": null,
  "servingSize": 0,
  "createdAt": "2014-02-27T16:39:59+00:00",
  "updatedAt": "2017-02-23T17:51:24+00:00",
  "link": "https://hellofresh.com/recipes/530f6a5fff604dab6c8b456b",
  "imageLink": "https://d3hvwccx09j84u.cloudfront.net/0,0/image/530f6a5fff604dab6c8b456b.jpg",
  "cardLink": null,
  "videoLink": null,
  "nutrition": [],
  "ingredients": [],
  "allergens": [],
  "utensils": [],
  "tags": [],
  "cuisines": [],
  "wines": [],
  "marketplaceItems": [],
  "author": null,
  "label": null,
  "yieldType": null,
  "yields": [],
  "steps": [],
  "averageRating": 3.6,
  "ratingsCount": 31,
  "favoritesCount": 123,
  "active": true,
  "highlighted": false,
  "isDinnerToLunch": false,
  "isExcludedFromIndex": false,
  "isPremium": false,
  "websiteUrl": "https://www.hellofresh.de/recipes/delikate-schweinelachssteaks-an-krossen-rosmarin-kartoffeln-530f6a5fff604dab6c8b456b",
  "clonedFrom": null,
  "canonical": null,
  "canonicalLink": null
}
