{
  "country": "DE",
  "id": "530f7007ff604da66c8b456c",
  "name": "Knusprige Räucherlachs-Pizza",
  "seoName": null,
  "category": null,
  "slug": "knusprige-raucherlachs-pizza",
  "headline": "mit Zitronen-Dill-Mascarpone und roten Zwiebeln",
  "description": "",
  "descriptionHTML": "",
  "descriptionMarkdown": "",
  "seoDescription": null,
  "comment": null,
  "difficulty": 1,
  "prepTime": "PT25M",
  "totalTime": null,
  "servingSize": 0,
  "createdAt": "2014-02-27T17:04:07+00:00",
  "updatedAt": "2016-08-01T12:56:13+00:00",
  "link": "https://hellofresh.com/recipes/530f7007ff604da66c8b456c",
  "imageLink": "https://d3hvwccx09j84u.cloudfront.net/0,0/image/530f7007ff604da66c8b456c.jpg",
  "cardLink": null,
  "videoLink": null,
  "nutrition": [],
  "ingredients": [],
  "allergens": [],
  "utensils": [],
  "tags": [],
  "cuisines": [],
  "wines": [],
  "marketplaceItems": [],
  "author": null,
  "label": null,
  "yieldType": null,
  "yields": [],
  "steps": [],
  "averageRating": 3.8,
  "ratingsCount": 16,
  "favoritesCount": 77,
  "active": true,
  "highlighted": false,
  "isDinnerToLunch": false,
  "isExcludedFromIndex": false,
  "isPremium": false,
  "websiteUrl": "https://www.hellofresh.de/recipes/knusprige-raucherlachs-pizza-530f7007ff604da66c8b456c",
  "clonedFrom": null,
  "canonical": null,
  "canonicalLink": null
}
