{
  "country": "DE",
  "id": "530f73a7ff604db76c8b456a",
  "name": "Bunter Bulgursalat mit Granatapfel und Feta",
  "seoName": null,
  "category": null,
  "slug": "bunter-bulgursalat-mit-granatapfel-und-feta",
  "headline": "verfeinert mit Petersilie, Minze und Mandelblättchen in einer feinen Zitronen-Vinaigrette",
  "description": "",
  "descriptionHTML": "",
  "descriptionMarkdown": "",
  "seoDescription": null,
  "comment": null,
  "difficulty": 2,
  "prepTime": "PT35M",
  "totalTime": null,
  "servingSize": 0,
  "createdAt": "2014-02-27T17:19:35+00:00",
  "updatedAt": "2016-08-13T17:06:51+00:00",
  "link": "https://hellofresh.com/recipes/530f73a7ff604db76c8b456a",
  "imageLink": "https://d3hvwccx09j84u.cloudfront.net/0,0/image/530f73a7ff604db76c8b456a.jpg",
  "cardLink": null,
  "videoLink": null,
  "nutrition": [],
  "ingredients": [],
  "allergens": [],
  "utensils": [],
  "tags": [],
  "cuisines": [],
  "wines": [],
  "marketplaceItems": [],
  "author": null,
  "label": null,
  "yieldType": null,
  "yields": [],
  "steps": [],
  "averageRating": 3.8,
  "ratingsCount": 11,
  "favoritesCount": 37,
  "active": true,
  "highlighted": false,
  "isDinnerToLunch": false,
  "isExcludedFromIndex": false,
  "isPremium": false,
  "websiteUrl": "https://www.hellofresh.de/recipes/bunter-bulgursalat-mit-granatapfel-und-feta-530f73a7ff604db76c8b456a",
  "clonedFrom": null,
  "canonical": null,
  "canonicalLink": null
}
