{
  "country": "DE",
  "id": "530f7554ff604da56c8b4568",
  "name": "Vietnamesische „Bun Cha“ Reisnudeln mit krossem Tofu",
  "seoName": null,
  "category": null,
  "slug": "vietnamesische-bun-cha-reisnudeln-mit-krossem-tofu",
  "headline": "serviert mit pikanter Soße und Karotten-Gurkensalat",
  "description": "",
  "descriptionHTML": "",
  "descriptionMarkdown": "",
  "seoDescription": null,
  "comment": null,
  "difficulty": 2,
  "prepTime": "PT35M",
  "totalTime": null,
  "servingSize": 0,
  "createdAt": "2014-02-27T17:26:44+00:00",
  "updatedAt": "2016-07-20T10:53:44+00:00",
  "link": "https://hellofresh.com/recipes/530f7554ff604da56c8b4568",
  "imageLink": "https://d3hvwccx09j84u.cloudfront.net/0,0/image/530f7554ff604da56c8b4568.jpg",
  "cardLink": null,
  "videoLink": null,
  "nutrition": [],
  "ingredients": [],
  "allergens": [],
  "utensils": [],
  "tags": [],
  "cuisines": [],
  "wines": [],
  "marketplaceItems": [],
  "author": null,
  "label": null,
  "yieldType": null,
  "yields": [],
  "steps": [],
  "averageRating": 4,
  "ratingsCount": 5,
  "favoritesCount": 23,
  "active": true,
  "highlighted": false,
  "isDinnerToLunch": false,
  "isExcludedFromIndex": false,
  "isPremium": false,
  "websiteUrl": "https://www.hellofresh.de/recipes/vietnamesische-bun-cha-reisnudeln-mit-krossem-tofu-530f7554ff604da56c8b4568",
  "clonedFrom": null,
  "canonical": null,
  "canonicalLink": null
}
