{
  "country": "DE",
  "id": "530f6f56ff604dac6c8b456c",
  "name": "Mexikanische „Burrito“ Gemüse-Wraps",
  "seoName": null,
  "category": null,
  "slug": "mexikanische-burrito-gemuse-wraps",
  "headline": "gefüllt mit Langkornreis, Tomaten und Avocado, verfeinert mit Joghurt und Gouda",
  "description": "",
  "descriptionHTML": "",
  "descriptionMarkdown": "",
  "seoDescription": null,
  "comment": null,
  "difficulty": 2,
  "prepTime": "PT30M",
  "totalTime": null,
  "servingSize": 0,
  "createdAt": "2014-02-27T17:01:10+00:00",
  "updatedAt": "2016-07-13T13:16:57+00:00",
  "link": "https://hellofresh.com/recipes/530f6f56ff604dac6c8b456c",
  "imageLink": "https://d3hvwccx09j84u.cloudfront.net/0,0/image/530f6f56ff604dac6c8b456c.jpg",
  "cardLink": null,
  "videoLink": null,
  "nutrition": [],
  "ingredients": [],
  "allergens": [],
  "utensils": [],
  "tags": [],
  "cuisines": [],
  "wines": [],
  "marketplaceItems": [],
  "author": null,
  "label": null,
  "yieldType": null,
  "yields": [],
  "steps": [],
  "averageRating": 3.1,
  "ratingsCount": 15,
  "favoritesCount": 105,
  "active": true,
  "highlighted": false,
  "isDinnerToLunch": false,
  "isExcludedFromIndex": false,
  "isPremium": false,
  "websiteUrl": "https://www.hellofresh.de/recipes/mexikanische-burrito-gemuse-wraps-530f6f56ff604dac6c8b456c",
  "clonedFrom": null,
  "canonical": null,
  "canonicalLink": null
}
