{
  "country": "DE",
  "id": "530f74a3ff604db46c8b456a",
  "name": "Herzhafte Ofenkartoffeln",
  "seoName": null,
  "category": null,
  "slug": "herzhafte-ofenkartoffeln",
  "headline": "mit pikanter Tomaten-Paprika-Champignon und Frischkäse-Füllung, dazu grünen Salat",
  "description": "",
  "descriptionHTML": "",
  "descriptionMarkdown": "",
  "seoDescription": null,
  "comment": null,
  "difficulty": 1,
  "prepTime": "PT40M",
  "totalTime": null,
  "servingSize": 0,
  "createdAt": "2014-02-27T17:23:47+00:00",
  "updatedAt": "2016-04-10T07:35:20+00:00",
  "link": "https://hellofresh.com/recipes/530f74a3ff604db46c8b456a",
  "imageLink": "https://d3hvwccx09j84u.cloudfront.net/0,0/image/530f74a3ff604db46c8b456a.jpg",
  "cardLink": null,
  "videoLink": null,
  "nutrition": [],
  "ingredients": [],
  "allergens": [],
  "utensils": [],
  "tags": [],
  "cuisines": [],
  "wines": [],
  "marketplaceItems": [],
  "author": null,
  "label": null,
  "yieldType": null,
  "yields": [],
  "steps": [],
  "averageRating": 3.8,
  "ratingsCount": 9,
  "favoritesCount": 47,
  "active": true,
  "highlighted": false,
  "isDinnerToLunch": false,
  "isExcludedFromIndex": false,
  "isPremium": false,
  "websiteUrl": "https://www.hellofresh.de/recipes/herzhafte-ofenkartoffeln-530f74a3ff604db46c8b456a",
  "clonedFrom": null,
  "canonical": null,
  "canonicalLink": null
}
