{
  "country": "DE",
  "id": "5318a20cff604db46c8b4570",
  "name": "Feuriges Jamaikanisches „Jerk Chicken“",
  "seoName": null,
  "category": null,
  "slug": "feuriges-jamaikanisches-jerk-chicken",
  "headline": "mit cremigem Kokosmilch-Basmatireis und  selbstgemachter Mangosalsa",
  "description": "",
  "descriptionHTML": "",
  "descriptionMarkdown": "",
  "seoDescription": null,
  "comment": null,
  "difficulty": 3,
  "prepTime": "PT40M",
  "totalTime": null,
  "servingSize": 0,
  "createdAt": "2014-03-06T16:27:56+00:00",
  "updatedAt": "2016-07-17T07:32:50+00:00",
  "link": "https://hellofresh.com/recipes/5318a20cff604db46c8b4570",
  "imageLink": "https://d3hvwccx09j84u.cloudfront.net/0,0/image/5318a20cff604db46c8b4570.jpg",
  "cardLink": null,
  "videoLink": null,
  "nutrition": [],
  "ingredients": [],
  "allergens": [],
  "utensils": [],
  "tags": [],
  "cuisines": [],
  "wines": [],
  "marketplaceItems": [],
  "author": null,
  "label": null,
  "yieldType": null,
  "yields": [],
  "steps": [],
  "averageRating": 3.8,
  "ratingsCount": 43,
  "favoritesCount": 178,
  "active": true,
  "highlighted": false,
  "isDinnerToLunch": false,
  "isExcludedFromIndex": false,
  "isPremium": false,
  "websiteUrl": "https://www.hellofresh.de/recipes/feuriges-jamaikanisches-jerk-chicken-5318a20cff604db46c8b4570",
  "clonedFrom": null,
  "canonical": null,
  "canonicalLink": null
}
