{
  "country": "DE",
  "id": "5318aa4bff604db26c8b456c",
  "name": "Delikate Blumenkohl-Cremesuppe",
  "seoName": null,
  "category": null,
  "slug": "delikate-blumenkohl-cremesuppe",
  "headline": "mit feiner Kumin-Note, serviert mit Käse-  Knoblauchbaguette",
  "description": "",
  "descriptionHTML": "",
  "descriptionMarkdown": "",
  "seoDescription": null,
  "comment": null,
  "difficulty": 2,
  "prepTime": "PT30M",
  "totalTime": null,
  "servingSize": 0,
  "createdAt": "2014-03-06T17:03:07+00:00",
  "updatedAt": "2016-07-13T13:39:15+00:00",
  "link": "https://hellofresh.com/recipes/5318aa4bff604db26c8b456c",
  "imageLink": "https://d3hvwccx09j84u.cloudfront.net/0,0/image/5318aa4bff604db26c8b456c.jpg",
  "cardLink": null,
  "videoLink": null,
  "nutrition": [],
  "ingredients": [],
  "allergens": [],
  "utensils": [],
  "tags": [],
  "cuisines": [],
  "wines": [],
  "marketplaceItems": [],
  "author": null,
  "label": null,
  "yieldType": null,
  "yields": [],
  "steps": [],
  "averageRating": 2.8,
  "ratingsCount": 13,
  "favoritesCount": 79,
  "active": true,
  "highlighted": false,
  "isDinnerToLunch": false,
  "isExcludedFromIndex": false,
  "isPremium": false,
  "websiteUrl": "https://www.hellofresh.de/recipes/delikate-blumenkohl-cremesuppe-5318aa4bff604db26c8b456c",
  "clonedFrom": null,
  "canonical": null,
  "canonicalLink": null
}
