{
  "country": "DE",
  "id": "5318aef9ff604db46c8b4571",
  "name": "Zucchini „Calzone“ mit zweierlei Käse",
  "seoName": null,
  "category": null,
  "slug": "zucchini-calzone-mit-zweierlei-kase",
  "headline": "verfeinert mit frischem Oregano und Chiliflocken",
  "description": "",
  "descriptionHTML": "",
  "descriptionMarkdown": "",
  "seoDescription": null,
  "comment": null,
  "difficulty": 3,
  "prepTime": "PT35M",
  "totalTime": null,
  "servingSize": 0,
  "createdAt": "2014-03-06T17:23:05+00:00",
  "updatedAt": "2016-08-12T16:03:31+00:00",
  "link": "https://hellofresh.com/recipes/5318aef9ff604db46c8b4571",
  "imageLink": "https://d3hvwccx09j84u.cloudfront.net/0,0/image/5318aef9ff604db46c8b4571.jpg",
  "cardLink": "https://ddw4dkk7s1lkt.cloudfront.net/card/5318aef9ff604db46c8b4571.pdf",
  "videoLink": null,
  "nutrition": [
    {
      "type": "57b42a48b7e8697d4b30530d",
      "name": "Energie (kJ)",
      "amount": 0,
      "unit": "kJ"
    },
    {
      "type": "57b42a48b7e8697d4b305304",
      "name": "Energie (kcal)",
      "amount": 0,
      "unit": "kcal"
    },
    {
      "type": "57b42a48b7e8697d4b305307",
      "name": "Fett",
      "amount": 0,
      "unit": "g"
    },
    {
      "type": "57b42a48b7e8697d4b305308",
      "name": "davon gesättigte Fettsäuren",
      "amount": 0,
      "unit": "g"
    },
    {
      "type": "57b42a48b7e8697d4b305305",
      "name": "Kohlenhydrate",
      "amount": 0,
      "unit": "g"
    },
    {
      "type": "57b42a48b7e8697d4b305306",
      "name": "davon Zucker",
      "amount": 0,
      "unit": "g"
    },
    {
      "type": "57b42a48b7e8697d4b30530a",
      "name": "Ballaststoffe",
      "amount": 0,
      "unit": "g"
    },
    {
      "type": "57b42a48b7e8697d4b305309",
      "name": "Eiweiß",
      "amount": 0,
      "unit": "g"
    },
    {
      "type": "57b42a48b7e8697d4b30530c",
      "name": "Cholesterol",
      "amount": 0,
      "unit": "mg"
    },
    {
      "type": "57b42a48b7e8697d4b30530b",
      "name": "Salz",
      "amount": 0,
      "unit": "g"
    }
  ],
  "ingredients": [],
  "allergens": [],
  "utensils": [],
  "tags": [],
  "cuisines": [],
  "wines": [],
  "marketplaceItems": [],
  "author": null,
  "label": null,
  "yieldType": "servings",
  "yields": [],
  "steps": [],
  "averageRating": 3.3,
  "ratingsCount": 4,
  "favoritesCount": 17,
  "active": true,
  "highlighted": false,
  "isDinnerToLunch": false,
  "isExcludedFromIndex": false,
  "isPremium": false,
  "websiteUrl": "https://www.hellofresh.de/recipes/zucchini-calzone-mit-zweierlei-kase-5318aef9ff604db46c8b4571",
  "clonedFrom": null,
  "canonical": null,
  "canonicalLink": null
}
