{
  "country": "DE",
  "id": "53184658ff604dad6c8b456a",
  "name": "Zarte Rindersteaks an Drillingen in würziger Kräuter-Joghurt-Soße",
  "seoName": null,
  "category": null,
  "slug": "zarte-rindersteaks-an-drillingen-in-wurziger-krauter-joghurt-sosze",
  "headline": "serviert mit feinem Kirschtomatenrelish",
  "description": "",
  "descriptionHTML": "",
  "descriptionMarkdown": "",
  "seoDescription": null,
  "comment": null,
  "difficulty": 1,
  "prepTime": "PT30M",
  "totalTime": null,
  "servingSize": 0,
  "createdAt": "2014-03-06T09:56:40+00:00",
  "updatedAt": "2016-05-24T14:34:08+00:00",
  "link": "https://hellofresh.com/recipes/53184658ff604dad6c8b456a",
  "imageLink": "https://d3hvwccx09j84u.cloudfront.net/0,0/image/53184658ff604dad6c8b456a.jpg",
  "cardLink": null,
  "videoLink": null,
  "nutrition": [],
  "ingredients": [],
  "allergens": [],
  "utensils": [],
  "tags": [],
  "cuisines": [],
  "wines": [],
  "marketplaceItems": [],
  "author": null,
  "label": null,
  "yieldType": null,
  "yields": [],
  "steps": [],
  "averageRating": 3.8,
  "ratingsCount": 25,
  "favoritesCount": 146,
  "active": true,
  "highlighted": false,
  "isDinnerToLunch": false,
  "isExcludedFromIndex": false,
  "isPremium": false,
  "websiteUrl": "https://www.hellofresh.de/recipes/zarte-rindersteaks-an-drillingen-in-wurziger-krauter-joghurt-sosze-53184658ff604dad6c8b456a",
  "clonedFrom": null,
  "canonical": null,
  "canonicalLink": null
}
