{
  "country": "DE",
  "id": "5318a7eeff604dad6c8b456b",
  "name": "Käse-Tortellini in Paprika-Karotten-  Sahnesoße",
  "seoName": null,
  "category": null,
  "slug": "kase-tortellini-in-paprika-karotten-sahnesosze",
  "headline": "verfeinert mit Parmesan und frischem Basilikum",
  "description": "",
  "descriptionHTML": "",
  "descriptionMarkdown": "",
  "seoDescription": null,
  "comment": null,
  "difficulty": 1,
  "prepTime": "PT25M",
  "totalTime": null,
  "servingSize": 0,
  "createdAt": "2014-03-06T16:53:02+00:00",
  "updatedAt": "2016-04-18T23:15:12+00:00",
  "link": "https://hellofresh.com/recipes/5318a7eeff604dad6c8b456b",
  "imageLink": "https://d3hvwccx09j84u.cloudfront.net/0,0/image/5318a7eeff604dad6c8b456b.jpg",
  "cardLink": null,
  "videoLink": null,
  "nutrition": [],
  "ingredients": [],
  "allergens": [],
  "utensils": [],
  "tags": [],
  "cuisines": [],
  "wines": [],
  "marketplaceItems": [],
  "author": null,
  "label": null,
  "yieldType": null,
  "yields": [],
  "steps": [],
  "averageRating": 3.8,
  "ratingsCount": 32,
  "favoritesCount": 141,
  "active": true,
  "highlighted": false,
  "isDinnerToLunch": false,
  "isExcludedFromIndex": false,
  "isPremium": false,
  "websiteUrl": "https://www.hellofresh.de/recipes/kase-tortellini-in-paprika-karotten-sahnesosze-5318a7eeff604dad6c8b456b",
  "clonedFrom": null,
  "canonical": null,
  "canonicalLink": null
}
