{
  "country": "DE",
  "id": "5318ad28ff604da86c8b456f",
  "name": "Thailändisches Panang-Gemüsecurry",
  "seoName": null,
  "category": null,
  "slug": "thailandisches-panang-gemusecurry",
  "headline": "verfeinert mit Kokosmilch, Basilikum und  gerösteten Erdnüssen",
  "description": "",
  "descriptionHTML": "",
  "descriptionMarkdown": "",
  "seoDescription": null,
  "comment": null,
  "difficulty": 1,
  "prepTime": "PT30M",
  "totalTime": null,
  "servingSize": 0,
  "createdAt": "2014-03-06T17:15:20+00:00",
  "updatedAt": "2016-08-13T17:07:05+00:00",
  "link": "https://hellofresh.com/recipes/5318ad28ff604da86c8b456f",
  "imageLink": "https://d3hvwccx09j84u.cloudfront.net/0,0/image/5318ad28ff604da86c8b456f.jpg",
  "cardLink": null,
  "videoLink": null,
  "nutrition": [],
  "ingredients": [],
  "allergens": [],
  "utensils": [],
  "tags": [],
  "cuisines": [],
  "wines": [],
  "marketplaceItems": [],
  "author": null,
  "label": null,
  "yieldType": null,
  "yields": [],
  "steps": [],
  "averageRating": 3.6,
  "ratingsCount": 8,
  "favoritesCount": 24,
  "active": true,
  "highlighted": false,
  "isDinnerToLunch": false,
  "isExcludedFromIndex": false,
  "isPremium": false,
  "websiteUrl": "https://www.hellofresh.de/recipes/thailandisches-panang-gemusecurry-5318ad28ff604da86c8b456f",
  "clonedFrom": null,
  "canonical": null,
  "canonicalLink": null
}
