{
  "country": "DE",
  "id": "5318ac78ff604db76c8b4571",
  "name": "Cremige Fettucini-Bacon-Pasta",
  "seoName": null,
  "category": null,
  "slug": "cremige-fettucini-bacon-pasta",
  "headline": "mit grünen Bohnen, gebratenen Salatherzen und Estragon",
  "description": "",
  "descriptionHTML": "",
  "descriptionMarkdown": "",
  "seoDescription": null,
  "comment": null,
  "difficulty": 2,
  "prepTime": "PT30M",
  "totalTime": null,
  "servingSize": 0,
  "createdAt": "2014-03-06T17:12:24+00:00",
  "updatedAt": "2016-07-17T07:33:12+00:00",
  "link": "https://hellofresh.com/recipes/5318ac78ff604db76c8b4571",
  "imageLink": "https://d3hvwccx09j84u.cloudfront.net/0,0/image/5318ac78ff604db76c8b4571.jpg",
  "cardLink": null,
  "videoLink": null,
  "nutrition": [],
  "ingredients": [],
  "allergens": [],
  "utensils": [],
  "tags": [],
  "cuisines": [],
  "wines": [],
  "marketplaceItems": [],
  "author": null,
  "label": null,
  "yieldType": null,
  "yields": [],
  "steps": [],
  "averageRating": 3.2,
  "ratingsCount": 10,
  "favoritesCount": 79,
  "active": true,
  "highlighted": false,
  "isDinnerToLunch": false,
  "isExcludedFromIndex": false,
  "isPremium": false,
  "websiteUrl": "https://www.hellofresh.de/recipes/cremige-fettucini-bacon-pasta-5318ac78ff604db76c8b4571",
  "clonedFrom": null,
  "canonical": null,
  "canonicalLink": null
}
