{
  "country": "DE",
  "id": "5318adecff604daf6c8b4570",
  "name": "Krosse Kidneybohnen-Bratlinge",
  "seoName": null,
  "category": null,
  "slug": "krosse-kidneybohnen-bratlinge",
  "headline": "in Pita-Taschen mit selbstgemachten Pommes  und Koriander-Zitronen-Joghurt-Soße",
  "description": "",
  "descriptionHTML": "",
  "descriptionMarkdown": "",
  "seoDescription": null,
  "comment": null,
  "difficulty": 2,
  "prepTime": "PT40M",
  "totalTime": null,
  "servingSize": 0,
  "createdAt": "2014-03-06T17:18:36+00:00",
  "updatedAt": "2016-01-10T23:32:02+00:00",
  "link": "https://hellofresh.com/recipes/5318adecff604daf6c8b4570",
  "imageLink": "https://d3hvwccx09j84u.cloudfront.net/0,0/image/5318adecff604daf6c8b4570.jpg",
  "cardLink": null,
  "videoLink": null,
  "nutrition": [],
  "ingredients": [],
  "allergens": [],
  "utensils": [],
  "tags": [],
  "cuisines": [],
  "wines": [],
  "marketplaceItems": [],
  "author": null,
  "label": null,
  "yieldType": null,
  "yields": [],
  "steps": [],
  "averageRating": 3.8,
  "ratingsCount": 6,
  "favoritesCount": 18,
  "active": true,
  "highlighted": false,
  "isDinnerToLunch": false,
  "isExcludedFromIndex": false,
  "isPremium": false,
  "websiteUrl": "https://www.hellofresh.de/recipes/krosse-kidneybohnen-bratlinge-5318adecff604daf6c8b4570",
  "clonedFrom": null,
  "canonical": null,
  "canonicalLink": null
}
