{
  "country": "DE",
  "id": "5321bb4bff604d48808b4568",
  "name": "„Crispy Halloumi“ auf buntem Couscous",
  "seoName": null,
  "category": null,
  "slug": "crispy-halloumi-auf-buntem-couscous",
  "headline": "mit Paprika, Zucchini und Tomaten in feiner Zitronen-Vinaigrette",
  "description": "",
  "descriptionHTML": "",
  "descriptionMarkdown": "",
  "seoDescription": null,
  "comment": null,
  "difficulty": 2,
  "prepTime": "PT30M",
  "totalTime": null,
  "servingSize": 0,
  "createdAt": "2014-03-13T14:06:03+00:00",
  "updatedAt": "2016-07-19T21:05:05+00:00",
  "link": "https://hellofresh.com/recipes/5321bb4bff604d48808b4568",
  "imageLink": "https://d3hvwccx09j84u.cloudfront.net/0,0/image/5321bb4bff604d48808b4568.jpg",
  "cardLink": null,
  "videoLink": null,
  "nutrition": [],
  "ingredients": [],
  "allergens": [],
  "utensils": [],
  "tags": [],
  "cuisines": [],
  "wines": [],
  "marketplaceItems": [],
  "author": null,
  "label": null,
  "yieldType": null,
  "yields": [],
  "steps": [],
  "averageRating": 3.4,
  "ratingsCount": 354,
  "favoritesCount": 134,
  "active": true,
  "highlighted": false,
  "isDinnerToLunch": false,
  "isExcludedFromIndex": false,
  "isPremium": false,
  "websiteUrl": "https://www.hellofresh.de/recipes/crispy-halloumi-auf-buntem-couscous-5321bb4bff604d48808b4568",
  "clonedFrom": null,
  "canonical": null,
  "canonicalLink": null
}
