{
  "country": "DE",
  "id": "5321bca1ff604d6c7a8b4567",
  "name": "Herzhaftes Linsenragout auf Vollkornspaghetti ",
  "seoName": null,
  "category": null,
  "slug": "herzhaftes-linsenragout-auf-vollkornspaghetti",
  "headline": "verfeinert mit Pecorino und frischem Basilikum ",
  "description": "",
  "descriptionHTML": "",
  "descriptionMarkdown": "",
  "seoDescription": null,
  "comment": null,
  "difficulty": 1,
  "prepTime": "PT40M",
  "totalTime": null,
  "servingSize": 0,
  "createdAt": "2014-03-13T14:11:45+00:00",
  "updatedAt": "2016-06-05T19:57:38+00:00",
  "link": "https://hellofresh.com/recipes/5321bca1ff604d6c7a8b4567",
  "imageLink": "https://d3hvwccx09j84u.cloudfront.net/0,0/image/5321bca1ff604d6c7a8b4567.jpg",
  "cardLink": null,
  "videoLink": null,
  "nutrition": [],
  "ingredients": [],
  "allergens": [],
  "utensils": [],
  "tags": [],
  "cuisines": [],
  "wines": [],
  "marketplaceItems": [],
  "author": null,
  "label": null,
  "yieldType": null,
  "yields": [],
  "steps": [],
  "averageRating": 3.7,
  "ratingsCount": 9,
  "favoritesCount": 21,
  "active": true,
  "highlighted": false,
  "isDinnerToLunch": false,
  "isExcludedFromIndex": false,
  "isPremium": false,
  "websiteUrl": "https://www.hellofresh.de/recipes/herzhaftes-linsenragout-auf-vollkornspaghetti-5321bca1ff604d6c7a8b4567",
  "clonedFrom": null,
  "canonical": null,
  "canonicalLink": null
}
