{
  "country": "DE",
  "id": "5321bc0bff604d607a8b4568",
  "name": "Indisch gewürzte Kartoffelpfanne „Aloo“",
  "seoName": null,
  "category": null,
  "slug": "indisch-gewurzte-kartoffelpfanne-aloo",
  "headline": "mit Brokkoli und Porree verfeinert mit Garam Masala und Curry-Limetten-Joghurt",
  "description": "",
  "descriptionHTML": "",
  "descriptionMarkdown": "",
  "seoDescription": null,
  "comment": null,
  "difficulty": 1,
  "prepTime": "PT35M",
  "totalTime": null,
  "servingSize": 0,
  "createdAt": "2014-03-13T14:09:15+00:00",
  "updatedAt": "2016-02-08T18:05:29+00:00",
  "link": "https://hellofresh.com/recipes/5321bc0bff604d607a8b4568",
  "imageLink": "https://d3hvwccx09j84u.cloudfront.net/0,0/image/5321bc0bff604d607a8b4568.jpg",
  "cardLink": null,
  "videoLink": null,
  "nutrition": [],
  "ingredients": [],
  "allergens": [],
  "utensils": [],
  "tags": [],
  "cuisines": [],
  "wines": [],
  "marketplaceItems": [],
  "author": null,
  "label": null,
  "yieldType": null,
  "yields": [],
  "steps": [],
  "averageRating": 3.4,
  "ratingsCount": 12,
  "favoritesCount": 22,
  "active": true,
  "highlighted": false,
  "isDinnerToLunch": false,
  "isExcludedFromIndex": false,
  "isPremium": false,
  "websiteUrl": "https://www.hellofresh.de/recipes/indisch-gewurzte-kartoffelpfanne-aloo-5321bc0bff604d607a8b4568",
  "clonedFrom": null,
  "canonical": null,
  "canonicalLink": null
}
