{
  "country": "DE",
  "id": "5321ba72ff604d487f8b4567",
  "name": "Braun gebratene Spätzle an delikater Champignon- Schwarzwälder-Schinken-Sahnesoße",
  "seoName": null,
  "category": null,
  "slug": "braun-gebratene-spatzle-an-delikater-champignon-schwarzwalder-schinken-sahnesosze",
  "headline": "gewürzt mit Muskat, garniert mit Petersilie",
  "description": "",
  "descriptionHTML": "",
  "descriptionMarkdown": "",
  "seoDescription": null,
  "comment": null,
  "difficulty": 1,
  "prepTime": "PT30M",
  "totalTime": null,
  "servingSize": 0,
  "createdAt": "2014-03-13T14:02:26+00:00",
  "updatedAt": "2016-07-17T07:33:48+00:00",
  "link": "https://hellofresh.com/recipes/5321ba72ff604d487f8b4567",
  "imageLink": "https://d3hvwccx09j84u.cloudfront.net/0,0/image/5321ba72ff604d487f8b4567.jpg",
  "cardLink": null,
  "videoLink": null,
  "nutrition": [],
  "ingredients": [],
  "allergens": [],
  "utensils": [],
  "tags": [],
  "cuisines": [],
  "wines": [],
  "marketplaceItems": [],
  "author": null,
  "label": null,
  "yieldType": null,
  "yields": [],
  "steps": [],
  "averageRating": 3.8,
  "ratingsCount": 9,
  "favoritesCount": 87,
  "active": true,
  "highlighted": false,
  "isDinnerToLunch": false,
  "isExcludedFromIndex": false,
  "isPremium": false,
  "websiteUrl": "https://www.hellofresh.de/recipes/braun-gebratene-spatzle-an-delikater-champignon-schwarzwalder-schinken-sahnesosze-5321ba72ff604d487f8b4567",
  "clonedFrom": null,
  "canonical": null,
  "canonicalLink": null
}
