{
  "country": "DE",
  "id": "5321b85bff604d2b828b4568",
  "name": "Cremiges Bärlauch-Risotto ",
  "seoName": null,
  "category": null,
  "slug": "cremiges-barlauch-risotto",
  "headline": "mit geschmorten Kirschtomaten, Mozzarella und Parmesan",
  "description": "",
  "descriptionHTML": "",
  "descriptionMarkdown": "",
  "seoDescription": null,
  "comment": null,
  "difficulty": 2,
  "prepTime": "PT35M",
  "totalTime": null,
  "servingSize": 0,
  "createdAt": "2014-03-13T13:53:31+00:00",
  "updatedAt": "2016-07-17T07:33:33+00:00",
  "link": "https://hellofresh.com/recipes/5321b85bff604d2b828b4568",
  "imageLink": "https://d3hvwccx09j84u.cloudfront.net/0,0/image/5321b85bff604d2b828b4568.jpg",
  "cardLink": null,
  "videoLink": null,
  "nutrition": [],
  "ingredients": [],
  "allergens": [],
  "utensils": [],
  "tags": [],
  "cuisines": [],
  "wines": [],
  "marketplaceItems": [],
  "author": null,
  "label": null,
  "yieldType": null,
  "yields": [],
  "steps": [],
  "averageRating": 3.9,
  "ratingsCount": 32,
  "favoritesCount": 137,
  "active": true,
  "highlighted": false,
  "isDinnerToLunch": false,
  "isExcludedFromIndex": false,
  "isPremium": false,
  "websiteUrl": "https://www.hellofresh.de/recipes/cremiges-barlauch-risotto-5321b85bff604d2b828b4568",
  "clonedFrom": null,
  "canonical": "5321b85bff604d2b828b4568",
  "canonicalLink": "https://www.hellofresh.de/recipes/cremiges-barlauch-risotto-5321b85bff604d2b828b4568"
}
