{
  "country": "DE",
  "id": "5321b9a2ff604d687a8b4568",
  "name": "Paprika Antipasti Fladenbrot-Pizza ",
  "seoName": null,
  "category": null,
  "slug": "paprika-antipasti-fladenbrot-pizza",
  "headline": "verfeinert mit Feta und Rucola, serviert mit Knoblauch-Joghurtsoße",
  "description": "",
  "descriptionHTML": "",
  "descriptionMarkdown": "",
  "seoDescription": null,
  "comment": null,
  "difficulty": 1,
  "prepTime": "PT25M",
  "totalTime": null,
  "servingSize": 0,
  "createdAt": "2014-03-13T13:58:58+00:00",
  "updatedAt": "2016-04-09T19:28:07+00:00",
  "link": "https://hellofresh.com/recipes/5321b9a2ff604d687a8b4568",
  "imageLink": "https://d3hvwccx09j84u.cloudfront.net/0,0/image/5321b9a2ff604d687a8b4568.jpg",
  "cardLink": null,
  "videoLink": null,
  "nutrition": [],
  "ingredients": [],
  "allergens": [],
  "utensils": [],
  "tags": [],
  "cuisines": [],
  "wines": [],
  "marketplaceItems": [],
  "author": null,
  "label": null,
  "yieldType": null,
  "yields": [],
  "steps": [],
  "averageRating": 3.4,
  "ratingsCount": 17,
  "favoritesCount": 54,
  "active": true,
  "highlighted": false,
  "isDinnerToLunch": false,
  "isExcludedFromIndex": false,
  "isPremium": false,
  "websiteUrl": "https://www.hellofresh.de/recipes/paprika-antipasti-fladenbrot-pizza-5321b9a2ff604d687a8b4568",
  "clonedFrom": null,
  "canonical": null,
  "canonicalLink": null
}
