{
  "country": "DE",
  "id": "5321b769ff604d47808b4568",
  "name": "Kross gebratene Schweineschnitzel ",
  "seoName": null,
  "category": null,
  "slug": "kross-gebratene-schweineschnitzel",
  "headline": "mit Gurkensalat in feinem Sauerrahm-Dressing an knusprigen Kartoffel-Wedges",
  "description": "",
  "descriptionHTML": "",
  "descriptionMarkdown": "",
  "seoDescription": null,
  "comment": null,
  "difficulty": 1,
  "prepTime": "PT40M",
  "totalTime": null,
  "servingSize": 0,
  "createdAt": "2014-03-13T13:49:29+00:00",
  "updatedAt": "2016-07-17T07:33:30+00:00",
  "link": "https://hellofresh.com/recipes/5321b769ff604d47808b4568",
  "imageLink": "https://d3hvwccx09j84u.cloudfront.net/0,0/image/5321b769ff604d47808b4568.jpg",
  "cardLink": null,
  "videoLink": null,
  "nutrition": [],
  "ingredients": [],
  "allergens": [],
  "utensils": [],
  "tags": [],
  "cuisines": [],
  "wines": [],
  "marketplaceItems": [],
  "author": null,
  "label": null,
  "yieldType": null,
  "yields": [],
  "steps": [],
  "averageRating": 4,
  "ratingsCount": 23,
  "favoritesCount": 129,
  "active": true,
  "highlighted": false,
  "isDinnerToLunch": false,
  "isExcludedFromIndex": false,
  "isPremium": false,
  "websiteUrl": "https://www.hellofresh.de/recipes/kross-gebratene-schweineschnitzel-5321b769ff604d47808b4568",
  "clonedFrom": null,
  "canonical": null,
  "canonicalLink": null
}
