{
  "country": "DE",
  "id": "5321b635ff604d697a8b4567",
  "name": "Würzige Puten-Quesadillas",
  "seoName": null,
  "category": null,
  "slug": "wurzige-puten-quesadillas",
  "headline": "verfeinert mit Cheddar-Käse, serviert mit selbstgemachter Tomatensalsa und Limetten-Joghurt",
  "description": "",
  "descriptionHTML": "",
  "descriptionMarkdown": "",
  "seoDescription": null,
  "comment": null,
  "difficulty": 2,
  "prepTime": "PT35M",
  "totalTime": null,
  "servingSize": 0,
  "createdAt": "2014-03-13T13:44:21+00:00",
  "updatedAt": "2016-01-29T10:44:08+00:00",
  "link": "https://hellofresh.com/recipes/5321b635ff604d697a8b4567",
  "imageLink": "https://d3hvwccx09j84u.cloudfront.net/0,0/image/5321b635ff604d697a8b4567.jpg",
  "cardLink": null,
  "videoLink": null,
  "nutrition": [],
  "ingredients": [],
  "allergens": [],
  "utensils": [],
  "tags": [],
  "cuisines": [],
  "wines": [],
  "marketplaceItems": [],
  "author": null,
  "label": null,
  "yieldType": null,
  "yields": [],
  "steps": [],
  "averageRating": 3.7,
  "ratingsCount": 19,
  "favoritesCount": 91,
  "active": true,
  "highlighted": false,
  "isDinnerToLunch": false,
  "isExcludedFromIndex": false,
  "isPremium": false,
  "websiteUrl": "https://www.hellofresh.de/recipes/wurzige-puten-quesadillas-5321b635ff604d697a8b4567",
  "clonedFrom": null,
  "canonical": null,
  "canonicalLink": null
}
