{
  "country": "DE",
  "id": "532ade3dff604d6a7a8b456c",
  "name": "Feiner Frühlings-Kräuterfrischkäse- Flammkuchen",
  "seoName": null,
  "category": null,
  "slug": "feiner-fruhlings-krauterfrischkase-flammkuchen",
  "headline": "an spritzigen Radieschen, Gurken und Brunnenkressesalat mit cremigem Joghurt-Dressing",
  "description": "",
  "descriptionHTML": "",
  "descriptionMarkdown": "",
  "seoDescription": null,
  "comment": null,
  "difficulty": 2,
  "prepTime": "PT30M",
  "totalTime": null,
  "servingSize": 0,
  "createdAt": "2014-03-20T12:25:33+00:00",
  "updatedAt": "2016-03-23T08:01:48+00:00",
  "link": "https://hellofresh.com/recipes/532ade3dff604d6a7a8b456c",
  "imageLink": "https://d3hvwccx09j84u.cloudfront.net/0,0/image/532ade3dff604d6a7a8b456c.jpg",
  "cardLink": null,
  "videoLink": null,
  "nutrition": [],
  "ingredients": [],
  "allergens": [],
  "utensils": [],
  "tags": [],
  "cuisines": [],
  "wines": [],
  "marketplaceItems": [],
  "author": null,
  "label": null,
  "yieldType": null,
  "yields": [],
  "steps": [],
  "averageRating": 3.8,
  "ratingsCount": 18,
  "favoritesCount": 87,
  "active": true,
  "highlighted": false,
  "isDinnerToLunch": false,
  "isExcludedFromIndex": false,
  "isPremium": false,
  "websiteUrl": "https://www.hellofresh.de/recipes/feiner-fruhlings-krauterfrischkase-flammkuchen-532ade3dff604d6a7a8b456c",
  "clonedFrom": null,
  "canonical": null,
  "canonicalLink": null
}
