{
  "country": "DE",
  "id": "532af568ff604d49808b4568",
  "name": "Pikanter „Korma“ Quinoa-Eintopf",
  "seoName": null,
  "category": null,
  "slug": "pikanter-korma-quinoa-eintopf",
  "headline": "mit Auberginen und Zucchini, verfeinert mit  Kokosmilch und Limettensaft",
  "description": "",
  "descriptionHTML": "",
  "descriptionMarkdown": "",
  "seoDescription": null,
  "comment": null,
  "difficulty": 1,
  "prepTime": "PT40M",
  "totalTime": null,
  "servingSize": 0,
  "createdAt": "2014-03-20T14:04:24+00:00",
  "updatedAt": "2016-07-13T13:39:45+00:00",
  "link": "https://hellofresh.com/recipes/532af568ff604d49808b4568",
  "imageLink": "https://d3hvwccx09j84u.cloudfront.net/0,0/image/532af568ff604d49808b4568.jpg",
  "cardLink": null,
  "videoLink": null,
  "nutrition": [],
  "ingredients": [],
  "allergens": [],
  "utensils": [],
  "tags": [],
  "cuisines": [],
  "wines": [],
  "marketplaceItems": [],
  "author": null,
  "label": null,
  "yieldType": null,
  "yields": [],
  "steps": [],
  "averageRating": 3.5,
  "ratingsCount": 6,
  "favoritesCount": 17,
  "active": true,
  "highlighted": false,
  "isDinnerToLunch": false,
  "isExcludedFromIndex": false,
  "isPremium": false,
  "websiteUrl": "https://www.hellofresh.de/recipes/pikanter-korma-quinoa-eintopf-532af568ff604d49808b4568",
  "clonedFrom": null,
  "canonical": null,
  "canonicalLink": null
}
