{
  "country": "DE",
  "id": "532adbaeff604d557f8b456b",
  "name": "Cremiger Hähncheneintopf à la Française",
  "seoName": null,
  "category": null,
  "slug": "cremiger-hahncheneintopf-a-la-francaise",
  "headline": "mit Champignons und grünen Bohnen an knusprigen Thymian-Kartoffelecken",
  "description": "",
  "descriptionHTML": "",
  "descriptionMarkdown": "",
  "seoDescription": null,
  "comment": null,
  "difficulty": 2,
  "prepTime": "PT40M",
  "totalTime": null,
  "servingSize": 0,
  "createdAt": "2014-03-20T12:14:38+00:00",
  "updatedAt": "2016-07-17T07:34:00+00:00",
  "link": "https://hellofresh.com/recipes/532adbaeff604d557f8b456b",
  "imageLink": "https://d3hvwccx09j84u.cloudfront.net/0,0/image/532adbaeff604d557f8b456b.jpg",
  "cardLink": null,
  "videoLink": null,
  "nutrition": [],
  "ingredients": [],
  "allergens": [],
  "utensils": [],
  "tags": [],
  "cuisines": [],
  "wines": [],
  "marketplaceItems": [],
  "author": null,
  "label": null,
  "yieldType": null,
  "yields": [],
  "steps": [],
  "averageRating": 3.7,
  "ratingsCount": 21,
  "favoritesCount": 91,
  "active": true,
  "highlighted": false,
  "isDinnerToLunch": false,
  "isExcludedFromIndex": false,
  "isPremium": false,
  "websiteUrl": "https://www.hellofresh.de/recipes/cremiger-hahncheneintopf-a-la-francaise-532adbaeff604d557f8b456b",
  "clonedFrom": null,
  "canonical": null,
  "canonicalLink": null
}
