{
  "country": "DE",
  "id": "532adf0aff604d5d7f8b4569",
  "name": "Feurige Salsiccia-Fleischbällchen auf feinem Orzo",
  "seoName": null,
  "category": null,
  "slug": "feurige-salsiccia-fleischballchen-auf-feinem-orzo",
  "headline": "verfeinert mit Ricotta, Chiliflocken und Oregano",
  "description": "",
  "descriptionHTML": "",
  "descriptionMarkdown": "",
  "seoDescription": null,
  "comment": null,
  "difficulty": 2,
  "prepTime": "PT35M",
  "totalTime": null,
  "servingSize": 0,
  "createdAt": "2014-03-20T12:28:58+00:00",
  "updatedAt": "2016-06-23T15:00:16+00:00",
  "link": "https://hellofresh.com/recipes/532adf0aff604d5d7f8b4569",
  "imageLink": "https://d3hvwccx09j84u.cloudfront.net/0,0/image/532adf0aff604d5d7f8b4569.jpg",
  "cardLink": null,
  "videoLink": null,
  "nutrition": [],
  "ingredients": [],
  "allergens": [],
  "utensils": [],
  "tags": [],
  "cuisines": [],
  "wines": [],
  "marketplaceItems": [],
  "author": null,
  "label": null,
  "yieldType": null,
  "yields": [],
  "steps": [],
  "averageRating": 3.5,
  "ratingsCount": 14,
  "favoritesCount": 50,
  "active": true,
  "highlighted": false,
  "isDinnerToLunch": false,
  "isExcludedFromIndex": false,
  "isPremium": false,
  "websiteUrl": "https://www.hellofresh.de/recipes/feurige-salsiccia-fleischballchen-auf-feinem-orzo-532adf0aff604d5d7f8b4569",
  "clonedFrom": null,
  "canonical": null,
  "canonicalLink": null
}
