{
  "country": "DE",
  "id": "532aefc2ff604d47808b456b",
  "name": "Bunte Gemüse-Paella mit zweierlei Paprika, Champignons und grünen Bohnen",
  "seoName": null,
  "category": null,
  "slug": "bunte-gemuse-paella-mit-zweierlei-paprika-champignons-und-grunen-bohnen",
  "headline": "serviert mit gerösteten Cashewkernen und frischer  Petersilie",
  "description": "",
  "descriptionHTML": "",
  "descriptionMarkdown": "",
  "seoDescription": null,
  "comment": null,
  "difficulty": 3,
  "prepTime": "PT40M",
  "totalTime": null,
  "servingSize": 0,
  "createdAt": "2014-03-20T13:40:18+00:00",
  "updatedAt": "2016-04-17T10:24:55+00:00",
  "link": "https://hellofresh.com/recipes/532aefc2ff604d47808b456b",
  "imageLink": "https://d3hvwccx09j84u.cloudfront.net/0,0/image/532aefc2ff604d47808b456b.jpg",
  "cardLink": null,
  "videoLink": null,
  "nutrition": [],
  "ingredients": [],
  "allergens": [],
  "utensils": [],
  "tags": [],
  "cuisines": [],
  "wines": [],
  "marketplaceItems": [],
  "author": null,
  "label": null,
  "yieldType": null,
  "yields": [],
  "steps": [],
  "averageRating": 3.3,
  "ratingsCount": 78,
  "favoritesCount": 64,
  "active": true,
  "highlighted": false,
  "isDinnerToLunch": false,
  "isExcludedFromIndex": false,
  "isPremium": false,
  "websiteUrl": "https://www.hellofresh.de/recipes/bunte-gemuse-paella-mit-zweierlei-paprika-champignons-und-grunen-bohnen-532aefc2ff604d47808b456b",
  "clonedFrom": null,
  "canonical": null,
  "canonicalLink": null
}
