{
  "country": "DE",
  "id": "532add98ff604d49808b4567",
  "name": "Spirelli-Pasta „Pesto Rosso“",
  "seoName": null,
  "category": null,
  "slug": "spirelli-pasta-pesto-rosso",
  "headline": "mit selbstgemachtem getrockneten Tomaten-  pesto und frischem Basilikum",
  "description": "",
  "descriptionHTML": "",
  "descriptionMarkdown": "",
  "seoDescription": null,
  "comment": null,
  "difficulty": 1,
  "prepTime": "PT20M",
  "totalTime": null,
  "servingSize": 0,
  "createdAt": "2014-03-20T12:22:48+00:00",
  "updatedAt": "2016-04-18T23:15:17+00:00",
  "link": "https://hellofresh.com/recipes/532add98ff604d49808b4567",
  "imageLink": "https://d3hvwccx09j84u.cloudfront.net/0,0/image/532add98ff604d49808b4567.jpg",
  "cardLink": null,
  "videoLink": null,
  "nutrition": [],
  "ingredients": [],
  "allergens": [],
  "utensils": [],
  "tags": [],
  "cuisines": [],
  "wines": [],
  "marketplaceItems": [],
  "author": null,
  "label": null,
  "yieldType": null,
  "yields": [],
  "steps": [],
  "averageRating": 3.6,
  "ratingsCount": 28,
  "favoritesCount": 103,
  "active": true,
  "highlighted": false,
  "isDinnerToLunch": false,
  "isExcludedFromIndex": false,
  "isPremium": false,
  "websiteUrl": "https://www.hellofresh.de/recipes/spirelli-pasta-pesto-rosso-532add98ff604d49808b4567",
  "clonedFrom": null,
  "canonical": null,
  "canonicalLink": null
}
