{
  "country": "DE",
  "id": "532af151ff604d2b828b456b",
  "name": "Wirsing-Reisnudelpfanne „Süß-Sauer“",
  "seoName": null,
  "category": null,
  "slug": "wirsing-reisnudelpfanne-susz-sauer",
  "headline": "mit Karotten und Zitronengras, garniert mit  gerösteten Erdnüssen und Frühlingszwiebeln",
  "description": "",
  "descriptionHTML": "",
  "descriptionMarkdown": "",
  "seoDescription": null,
  "comment": null,
  "difficulty": 1,
  "prepTime": "PT30M",
  "totalTime": null,
  "servingSize": 0,
  "createdAt": "2014-03-20T13:46:57+00:00",
  "updatedAt": "2016-07-13T13:39:43+00:00",
  "link": "https://hellofresh.com/recipes/532af151ff604d2b828b456b",
  "imageLink": "https://d3hvwccx09j84u.cloudfront.net/0,0/image/532af151ff604d2b828b456b.jpg",
  "cardLink": null,
  "videoLink": null,
  "nutrition": [],
  "ingredients": [],
  "allergens": [],
  "utensils": [],
  "tags": [],
  "cuisines": [],
  "wines": [],
  "marketplaceItems": [],
  "author": null,
  "label": null,
  "yieldType": null,
  "yields": [],
  "steps": [],
  "averageRating": 3.4,
  "ratingsCount": 9,
  "favoritesCount": 11,
  "active": true,
  "highlighted": false,
  "isDinnerToLunch": false,
  "isExcludedFromIndex": false,
  "isPremium": false,
  "websiteUrl": "https://www.hellofresh.de/recipes/wirsing-reisnudelpfanne-susz-sauer-532af151ff604d2b828b456b",
  "clonedFrom": null,
  "canonical": null,
  "canonicalLink": null
}
