{
  "country": "DE",
  "id": "532adad8ff604d687a8b456b",
  "name": "Zartes Rindfleisch in Austernsoße auf Jasminreis",
  "seoName": null,
  "category": null,
  "slug": "zartes-rindfleisch-in-austernsosze-auf-jasminreis",
  "headline": "mit Zucchini und Karotte, verfeinert mit  geröstetem Sesam und Frühlingszwiebeln",
  "description": "",
  "descriptionHTML": "",
  "descriptionMarkdown": "",
  "seoDescription": null,
  "comment": null,
  "difficulty": 2,
  "prepTime": "PT35M",
  "totalTime": null,
  "servingSize": 0,
  "createdAt": "2014-03-20T12:11:04+00:00",
  "updatedAt": "2016-04-11T10:58:26+00:00",
  "link": "https://hellofresh.com/recipes/532adad8ff604d687a8b456b",
  "imageLink": "https://d3hvwccx09j84u.cloudfront.net/0,0/image/532adad8ff604d687a8b456b.jpg",
  "cardLink": null,
  "videoLink": null,
  "nutrition": [],
  "ingredients": [],
  "allergens": [],
  "utensils": [],
  "tags": [],
  "cuisines": [],
  "wines": [],
  "marketplaceItems": [],
  "author": null,
  "label": null,
  "yieldType": null,
  "yields": [],
  "steps": [],
  "averageRating": 3.4,
  "ratingsCount": 25,
  "favoritesCount": 78,
  "active": true,
  "highlighted": false,
  "isDinnerToLunch": false,
  "isExcludedFromIndex": false,
  "isPremium": false,
  "websiteUrl": "https://www.hellofresh.de/recipes/zartes-rindfleisch-in-austernsosze-auf-jasminreis-532adad8ff604d687a8b456b",
  "clonedFrom": null,
  "canonical": null,
  "canonicalLink": null
}
