{
  "country": "DE",
  "id": "53306dbbff604d6b7a8b4568",
  "name": "Mit Mozzarella und Pesto gefüllte Hähnchenbrust",
  "seoName": null,
  "category": null,
  "slug": "mit-mozzarella-und-pesto-gefullte-hahnchenbrust",
  "headline": "auf knusprigen Kartoffelecken, serviert mit Rucola",
  "description": "",
  "descriptionHTML": "",
  "descriptionMarkdown": "",
  "seoDescription": null,
  "comment": null,
  "difficulty": 3,
  "prepTime": "PT30M",
  "totalTime": null,
  "servingSize": 0,
  "createdAt": "2014-03-24T17:39:07+00:00",
  "updatedAt": "2016-08-05T14:45:23+00:00",
  "link": "https://hellofresh.com/recipes/53306dbbff604d6b7a8b4568",
  "imageLink": "https://d3hvwccx09j84u.cloudfront.net/0,0/image/53306dbbff604d6b7a8b4568.jpg",
  "cardLink": "https://ddw4dkk7s1lkt.cloudfront.nethttps://ddw4dkk7s1lkt.cloudfront.net/card/53306dbbff604d6b7a8b4568.pdf?t=20160725184115",
  "videoLink": null,
  "nutrition": [
    {
      "type": "57b42a48b7e8697d4b30530d",
      "name": "Energie (kJ)",
      "amount": 0,
      "unit": "kJ"
    },
    {
      "type": "57b42a48b7e8697d4b305304",
      "name": "Energie (kcal)",
      "amount": 0,
      "unit": "kcal"
    },
    {
      "type": "57b42a48b7e8697d4b305307",
      "name": "Fett",
      "amount": 0,
      "unit": "g"
    },
    {
      "type": "57b42a48b7e8697d4b305308",
      "name": "davon gesättigte Fettsäuren",
      "amount": 0,
      "unit": "g"
    },
    {
      "type": "57b42a48b7e8697d4b305305",
      "name": "Kohlenhydrate",
      "amount": 0,
      "unit": "g"
    },
    {
      "type": "57b42a48b7e8697d4b305306",
      "name": "davon Zucker",
      "amount": 0,
      "unit": "g"
    },
    {
      "type": "57b42a48b7e8697d4b30530a",
      "name": "Ballaststoffe",
      "amount": 0,
      "unit": "g"
    },
    {
      "type": "57b42a48b7e8697d4b305309",
      "name": "Eiweiß",
      "amount": 0,
      "unit": "g"
    },
    {
      "type": "57b42a48b7e8697d4b30530c",
      "name": "Cholesterol",
      "amount": 0,
      "unit": "mg"
    },
    {
      "type": "57b42a48b7e8697d4b30530b",
      "name": "Salz",
      "amount": 0,
      "unit": "g"
    }
  ],
  "ingredients": [],
  "allergens": [],
  "utensils": [],
  "tags": [],
  "cuisines": [],
  "wines": [],
  "marketplaceItems": [],
  "author": null,
  "label": null,
  "yieldType": "servings",
  "yields": [],
  "steps": [],
  "averageRating": 2,
  "ratingsCount": 1,
  "favoritesCount": 60,
  "active": true,
  "highlighted": false,
  "isDinnerToLunch": false,
  "isExcludedFromIndex": false,
  "isPremium": false,
  "websiteUrl": "https://www.hellofresh.de/recipes/mit-mozzarella-und-pesto-gefullte-hahnchenbrust-53306dbbff604d6b7a8b4568",
  "clonedFrom": null,
  "canonical": null,
  "canonicalLink": null
}
