{
  "country": "DE",
  "id": "53306e02ff604d5d7f8b456a",
  "name": "Japanische „Yakitroi“ Hähnchenspieße „süß-sauer“",
  "seoName": null,
  "category": null,
  "slug": "japanische-yakitroi-hahnchenspiesze-susz-sauer",
  "headline": "auf Mie-Nudeln und grüne Bohnen",
  "description": "",
  "descriptionHTML": "",
  "descriptionMarkdown": "",
  "seoDescription": null,
  "comment": null,
  "difficulty": 3,
  "prepTime": "PT30M",
  "totalTime": null,
  "servingSize": 0,
  "createdAt": "2014-03-24T17:40:18+00:00",
  "updatedAt": "2016-08-12T16:02:53+00:00",
  "link": "https://hellofresh.com/recipes/53306e02ff604d5d7f8b456a",
  "imageLink": "https://d3hvwccx09j84u.cloudfront.net/0,0/image/53306e02ff604d5d7f8b456a.jpg",
  "cardLink": "https://ddw4dkk7s1lkt.cloudfront.nethttps://ddw4dkk7s1lkt.cloudfront.net/card/53306e02ff604d5d7f8b456a.pdf?t=20160201210949",
  "videoLink": null,
  "nutrition": [
    {
      "type": "57b42a48b7e8697d4b30530d",
      "name": "Energie (kJ)",
      "amount": 0,
      "unit": "kJ"
    },
    {
      "type": "57b42a48b7e8697d4b305304",
      "name": "Energie (kcal)",
      "amount": 0,
      "unit": "kcal"
    },
    {
      "type": "57b42a48b7e8697d4b305307",
      "name": "Fett",
      "amount": 0,
      "unit": "g"
    },
    {
      "type": "57b42a48b7e8697d4b305308",
      "name": "davon gesättigte Fettsäuren",
      "amount": 0,
      "unit": "g"
    },
    {
      "type": "57b42a48b7e8697d4b305305",
      "name": "Kohlenhydrate",
      "amount": 0,
      "unit": "g"
    },
    {
      "type": "57b42a48b7e8697d4b305306",
      "name": "davon Zucker",
      "amount": 0,
      "unit": "g"
    },
    {
      "type": "57b42a48b7e8697d4b30530a",
      "name": "Ballaststoffe",
      "amount": 0,
      "unit": "g"
    },
    {
      "type": "57b42a48b7e8697d4b305309",
      "name": "Eiweiß",
      "amount": 0,
      "unit": "g"
    },
    {
      "type": "57b42a48b7e8697d4b30530c",
      "name": "Cholesterol",
      "amount": 0,
      "unit": "mg"
    },
    {
      "type": "57b42a48b7e8697d4b30530b",
      "name": "Salz",
      "amount": 0,
      "unit": "g"
    }
  ],
  "ingredients": [],
  "allergens": [],
  "utensils": [],
  "tags": [],
  "cuisines": [],
  "wines": [],
  "marketplaceItems": [],
  "author": null,
  "label": null,
  "yieldType": "servings",
  "yields": [],
  "steps": [],
  "averageRating": null,
  "ratingsCount": null,
  "favoritesCount": 26,
  "active": true,
  "highlighted": false,
  "isDinnerToLunch": false,
  "isExcludedFromIndex": false,
  "isPremium": false,
  "websiteUrl": "https://www.hellofresh.de/recipes/japanische-yakitroi-hahnchenspiesze-susz-sauer-53306e02ff604d5d7f8b456a",
  "clonedFrom": null,
  "canonical": null,
  "canonicalLink": null
}
