{
  "country": "DE",
  "id": "53306dd9ff604d4a7f8b456b",
  "name": "Gnocchi allo Genovese",
  "seoName": null,
  "category": null,
  "slug": "gnocchi-allo-genovese",
  "headline": "in feiner Basilikum Creme verfeinert mit Parmesan und Pinienkernen",
  "description": "",
  "descriptionHTML": "",
  "descriptionMarkdown": "",
  "seoDescription": null,
  "comment": null,
  "difficulty": 1,
  "prepTime": "PT25M",
  "totalTime": null,
  "servingSize": 0,
  "createdAt": "2014-03-24T17:39:37+00:00",
  "updatedAt": "2016-08-17T15:46:23+00:00",
  "link": "https://hellofresh.com/recipes/53306dd9ff604d4a7f8b456b",
  "imageLink": "https://d3hvwccx09j84u.cloudfront.net/0,0/image/53306dd9ff604d4a7f8b456b.jpg",
  "cardLink": "https://ddw4dkk7s1lkt.cloudfront.nethttps://ddw4dkk7s1lkt.cloudfront.net/card/53306dd9ff604d4a7f8b456b.pdf?t=20160503190806",
  "videoLink": null,
  "nutrition": [
    {
      "type": "57b42a48b7e8697d4b30530d",
      "name": "Energie (kJ)",
      "amount": 0,
      "unit": "kJ"
    },
    {
      "type": "57b42a48b7e8697d4b305304",
      "name": "Energie (kcal)",
      "amount": 0,
      "unit": "kcal"
    },
    {
      "type": "57b42a48b7e8697d4b305307",
      "name": "Fett",
      "amount": 0,
      "unit": "g"
    },
    {
      "type": "57b42a48b7e8697d4b305308",
      "name": "davon gesättigte Fettsäuren",
      "amount": 0,
      "unit": "g"
    },
    {
      "type": "57b42a48b7e8697d4b305305",
      "name": "Kohlenhydrate",
      "amount": 0,
      "unit": "g"
    },
    {
      "type": "57b42a48b7e8697d4b305306",
      "name": "davon Zucker",
      "amount": 0,
      "unit": "g"
    },
    {
      "type": "57b42a48b7e8697d4b30530a",
      "name": "Ballaststoffe",
      "amount": 0,
      "unit": "g"
    },
    {
      "type": "57b42a48b7e8697d4b305309",
      "name": "Eiweiß",
      "amount": 0,
      "unit": "g"
    },
    {
      "type": "57b42a48b7e8697d4b30530c",
      "name": "Cholesterol",
      "amount": 0,
      "unit": "mg"
    },
    {
      "type": "57b42a48b7e8697d4b30530b",
      "name": "Salz",
      "amount": 0,
      "unit": "g"
    }
  ],
  "ingredients": [],
  "allergens": [],
  "utensils": [],
  "tags": [],
  "cuisines": [],
  "wines": [],
  "marketplaceItems": [],
  "author": null,
  "label": null,
  "yieldType": "servings",
  "yields": [],
  "steps": [],
  "averageRating": null,
  "ratingsCount": null,
  "favoritesCount": 36,
  "active": true,
  "highlighted": false,
  "isDinnerToLunch": false,
  "isExcludedFromIndex": false,
  "isPremium": false,
  "websiteUrl": "https://www.hellofresh.de/recipes/gnocchi-allo-genovese-53306dd9ff604d4a7f8b456b",
  "clonedFrom": null,
  "canonical": null,
  "canonicalLink": null
}
