{
  "country": "DE",
  "id": "53306d72ff604d697a8b4569",
  "name": "Würzige schwarze Bohnen Wraps",
  "seoName": null,
  "category": null,
  "slug": "wurzige-schwarze-bohnen-wraps",
  "headline": "mit selbstgemachter Guacamole und pikanter Tomatensoße",
  "description": "",
  "descriptionHTML": "",
  "descriptionMarkdown": null,
  "seoDescription": null,
  "comment": null,
  "difficulty": 2,
  "prepTime": "PT30M",
  "totalTime": null,
  "servingSize": 0,
  "createdAt": "2014-03-24T17:37:54+00:00",
  "updatedAt": "2016-03-31T12:15:07+00:00",
  "link": "https://hellofresh.com/recipes/53306d72ff604d697a8b4569",
  "imageLink": "https://d3hvwccx09j84u.cloudfront.net/0,0/image/53306d72ff604d697a8b4569.jpg",
  "cardLink": null,
  "videoLink": null,
  "nutrition": [
    {
      "type": "57b42a48b7e8697d4b305304",
      "name": "Energie (kcal)",
      "amount": 0,
      "unit": "kcal"
    },
    {
      "type": "57b42a48b7e8697d4b305307",
      "name": "Fett",
      "amount": 0,
      "unit": "g"
    },
    {
      "type": "57b42a48b7e8697d4b305308",
      "name": "davon gesättigte Fettsäuren",
      "amount": 0,
      "unit": "g"
    },
    {
      "type": "57b42a48b7e8697d4b305305",
      "name": "Kohlenhydrate",
      "amount": 0,
      "unit": "g"
    },
    {
      "type": "57b42a48b7e8697d4b305306",
      "name": "davon Zucker",
      "amount": 0,
      "unit": "g"
    },
    {
      "type": "57b42a48b7e8697d4b30530a",
      "name": "Ballaststoffe",
      "amount": 0,
      "unit": "g"
    },
    {
      "type": "57b42a48b7e8697d4b305309",
      "name": "Eiweiß",
      "amount": 0,
      "unit": "g"
    },
    {
      "type": "57b42a48b7e8697d4b30530b",
      "name": "Salz",
      "amount": 0,
      "unit": "g"
    }
  ],
  "ingredients": [],
  "allergens": [],
  "utensils": [],
  "tags": [],
  "cuisines": [],
  "wines": [],
  "marketplaceItems": [],
  "author": null,
  "label": null,
  "yieldType": "servings",
  "yields": [],
  "steps": [],
  "averageRating": 3.5,
  "ratingsCount": 2,
  "favoritesCount": 20,
  "active": true,
  "highlighted": false,
  "isDinnerToLunch": false,
  "isExcludedFromIndex": false,
  "isPremium": false,
  "websiteUrl": "https://www.hellofresh.de/recipes/wurzige-schwarze-bohnen-wraps-53306d72ff604d697a8b4569",
  "clonedFrom": null,
  "canonical": null,
  "canonicalLink": null
}
