{
  "country": "DE",
  "id": "533140ddff604d47808b456d",
  "name": "Gnocchi allo Genovese",
  "seoName": null,
  "category": null,
  "slug": "gnocchi-allo-genovese",
  "headline": "in feiner Basilikum Creme verfeinert mit Parmesan und Pinienkernen",
  "description": "",
  "descriptionHTML": "",
  "descriptionMarkdown": "",
  "seoDescription": null,
  "comment": null,
  "difficulty": 0,
  "prepTime": "",
  "totalTime": null,
  "servingSize": 0,
  "createdAt": "2014-03-25T08:39:57+00:00",
  "updatedAt": "2014-11-30T20:24:29+00:00",
  "link": "https://hellofresh.com/recipes/533140ddff604d47808b456d",
  "imageLink": "https://d3hvwccx09j84u.cloudfront.net/0,0/image/533140ddff604d47808b456d.jpg",
  "cardLink": null,
  "videoLink": null,
  "nutrition": [],
  "ingredients": [],
  "allergens": [],
  "utensils": [],
  "tags": [],
  "cuisines": [],
  "wines": [],
  "marketplaceItems": [],
  "author": null,
  "label": null,
  "yieldType": null,
  "yields": [],
  "steps": [],
  "averageRating": 3,
  "ratingsCount": 1,
  "favoritesCount": 2,
  "active": false,
  "highlighted": false,
  "isDinnerToLunch": false,
  "isExcludedFromIndex": false,
  "isPremium": false,
  "websiteUrl": "https://www.hellofresh.de/recipes/gnocchi-allo-genovese-533140ddff604d47808b456d",
  "clonedFrom": null,
  "canonical": null,
  "canonicalLink": null
}
