{
  "country": "DE",
  "id": "533140f7ff604d4a808b4569",
  "name": "Gegrillter Harissa-Pfannenkäse",
  "seoName": null,
  "category": null,
  "slug": "gegrillter-harissa-pfannenkase",
  "headline": "auf buntem Tabouleh mit Granatapfel, Minze und Joghurtsoße",
  "description": "",
  "descriptionHTML": "",
  "descriptionMarkdown": "",
  "seoDescription": null,
  "comment": null,
  "difficulty": 2,
  "prepTime": "PT25M",
  "totalTime": null,
  "servingSize": 0,
  "createdAt": "2014-03-25T08:40:23+00:00",
  "updatedAt": "2015-12-03T17:32:34+00:00",
  "link": "https://hellofresh.com/recipes/533140f7ff604d4a808b4569",
  "imageLink": "https://d3hvwccx09j84u.cloudfront.net/0,0/image/533140f7ff604d4a808b4569.jpg",
  "cardLink": null,
  "videoLink": null,
  "nutrition": [],
  "ingredients": [],
  "allergens": [],
  "utensils": [],
  "tags": [],
  "cuisines": [],
  "wines": [],
  "marketplaceItems": [],
  "author": null,
  "label": null,
  "yieldType": null,
  "yields": [],
  "steps": [],
  "averageRating": null,
  "ratingsCount": null,
  "favoritesCount": 8,
  "active": true,
  "highlighted": true,
  "isDinnerToLunch": false,
  "isExcludedFromIndex": false,
  "isPremium": false,
  "websiteUrl": "https://www.hellofresh.de/recipes/gegrillter-harissa-pfannenkase-533140f7ff604d4a808b4569",
  "clonedFrom": null,
  "canonical": null,
  "canonicalLink": null
}
