{
  "country": "DE",
  "id": "5331410bff604d29828b456b",
  "name": "Pikante Champignonpfanne „Gung Bao“",
  "seoName": null,
  "category": null,
  "slug": "pikante-champignonpfanne-gung-bao",
  "headline": "auf Jasminreis, serviert mit Frühlingszwiebeln und gerösteten Cashewkernen",
  "description": "",
  "descriptionHTML": "",
  "descriptionMarkdown": "",
  "seoDescription": null,
  "comment": null,
  "difficulty": 1,
  "prepTime": "PT25M",
  "totalTime": null,
  "servingSize": 0,
  "createdAt": "2014-03-25T08:40:43+00:00",
  "updatedAt": "2016-07-13T13:40:03+00:00",
  "link": "https://hellofresh.com/recipes/5331410bff604d29828b456b",
  "imageLink": "https://d3hvwccx09j84u.cloudfront.net/0,0/image/5331410bff604d29828b456b.jpg",
  "cardLink": null,
  "videoLink": null,
  "nutrition": [],
  "ingredients": [],
  "allergens": [],
  "utensils": [],
  "tags": [],
  "cuisines": [],
  "wines": [],
  "marketplaceItems": [],
  "author": null,
  "label": null,
  "yieldType": null,
  "yields": [],
  "steps": [],
  "averageRating": 3,
  "ratingsCount": 13,
  "favoritesCount": 24,
  "active": true,
  "highlighted": true,
  "isDinnerToLunch": false,
  "isExcludedFromIndex": false,
  "isPremium": false,
  "websiteUrl": "https://www.hellofresh.de/recipes/pikante-champignonpfanne-gung-bao-5331410bff604d29828b456b",
  "clonedFrom": null,
  "canonical": null,
  "canonicalLink": null
}
