{
  "country": "DE",
  "id": "533140b2ff604d4a7f8b456c",
  "name": "Basilikum-Pesto Pizza",
  "seoName": null,
  "category": null,
  "slug": "basilikum-pesto-pizza",
  "headline": "verfeinert mit kross gebratenem Halloumi, Kirschtomaten und roten Zwiebeln",
  "description": "",
  "descriptionHTML": "",
  "descriptionMarkdown": "",
  "seoDescription": null,
  "comment": null,
  "difficulty": 1,
  "prepTime": "PT30M",
  "totalTime": null,
  "servingSize": 0,
  "createdAt": "2014-03-25T08:39:14+00:00",
  "updatedAt": "2015-04-18T11:52:02+00:00",
  "link": "https://hellofresh.com/recipes/533140b2ff604d4a7f8b456c",
  "imageLink": "https://d3hvwccx09j84u.cloudfront.net/0,0/image/533140b2ff604d4a7f8b456c.jpg",
  "cardLink": null,
  "videoLink": null,
  "nutrition": [],
  "ingredients": [],
  "allergens": [],
  "utensils": [],
  "tags": [],
  "cuisines": [],
  "wines": [],
  "marketplaceItems": [],
  "author": null,
  "label": null,
  "yieldType": null,
  "yields": [],
  "steps": [],
  "averageRating": null,
  "ratingsCount": null,
  "favoritesCount": 7,
  "active": true,
  "highlighted": true,
  "isDinnerToLunch": false,
  "isExcludedFromIndex": false,
  "isPremium": false,
  "websiteUrl": "https://www.hellofresh.de/recipes/basilikum-pesto-pizza-533140b2ff604d4a7f8b456c",
  "clonedFrom": null,
  "canonical": null,
  "canonicalLink": null
}
