{
  "country": "DE",
  "id": "53345654ff604d567f8b4577",
  "name": "Aromatischer Thailändischer Reis",
  "seoName": null,
  "category": null,
  "slug": "aromatischer-thailandischer-reis",
  "headline": "mit zweierlei Paprika, Kokosmilch und Karotten, garniert mit Thai-Basilikum und gerösteten Erdnüssen",
  "description": "",
  "descriptionHTML": "",
  "descriptionMarkdown": "",
  "seoDescription": null,
  "comment": null,
  "difficulty": 2,
  "prepTime": "PT35M",
  "totalTime": null,
  "servingSize": 0,
  "createdAt": "2014-03-27T16:48:20+00:00",
  "updatedAt": "2016-07-17T07:34:46+00:00",
  "link": "https://hellofresh.com/recipes/53345654ff604d567f8b4577",
  "imageLink": "https://d3hvwccx09j84u.cloudfront.net/0,0/image/53345654ff604d567f8b4577.jpg",
  "cardLink": null,
  "videoLink": null,
  "nutrition": [],
  "ingredients": [],
  "allergens": [],
  "utensils": [],
  "tags": [],
  "cuisines": [],
  "wines": [],
  "marketplaceItems": [],
  "author": null,
  "label": null,
  "yieldType": null,
  "yields": [],
  "steps": [],
  "averageRating": 3.2,
  "ratingsCount": 17,
  "favoritesCount": 65,
  "active": true,
  "highlighted": false,
  "isDinnerToLunch": false,
  "isExcludedFromIndex": false,
  "isPremium": false,
  "websiteUrl": "https://www.hellofresh.de/recipes/aromatischer-thailandischer-reis-53345654ff604d567f8b4577",
  "clonedFrom": null,
  "canonical": null,
  "canonicalLink": null
}
