{
  "country": "DE",
  "id": "53345bc7ff604d6a7a8b456f",
  "name": "Orientalischer Kichererbsen-Eintopf auf Bulgur",
  "seoName": null,
  "category": null,
  "slug": "orientalischer-kichererbsen-eintopf-auf-bulgur",
  "headline": "verfeinert mit Rosinen und Petersilie, serviert mit  Zitronen-Joghurtsoße",
  "description": "",
  "descriptionHTML": "",
  "descriptionMarkdown": "",
  "seoDescription": null,
  "comment": null,
  "difficulty": 1,
  "prepTime": "PT30M",
  "totalTime": null,
  "servingSize": 0,
  "createdAt": "2014-03-27T17:11:35+00:00",
  "updatedAt": "2016-07-13T13:40:19+00:00",
  "link": "https://hellofresh.com/recipes/53345bc7ff604d6a7a8b456f",
  "imageLink": "https://d3hvwccx09j84u.cloudfront.net/0,0/image/53345bc7ff604d6a7a8b456f.jpg",
  "cardLink": null,
  "videoLink": null,
  "nutrition": [],
  "ingredients": [],
  "allergens": [],
  "utensils": [],
  "tags": [],
  "cuisines": [],
  "wines": [],
  "marketplaceItems": [],
  "author": null,
  "label": null,
  "yieldType": null,
  "yields": [],
  "steps": [],
  "averageRating": 3.3,
  "ratingsCount": 6,
  "favoritesCount": 20,
  "active": true,
  "highlighted": false,
  "isDinnerToLunch": false,
  "isExcludedFromIndex": false,
  "isPremium": false,
  "websiteUrl": "https://www.hellofresh.de/recipes/orientalischer-kichererbsen-eintopf-auf-bulgur-53345bc7ff604d6a7a8b456f",
  "clonedFrom": null,
  "canonical": null,
  "canonicalLink": null
}
