{
  "country": "DE",
  "id": "533453a1ff604d49808b456d",
  "name": "Italienische Putenbrust-Roulade gefüllt mit Mozzarella und Prosciutto",
  "seoName": null,
  "category": null,
  "slug": "italienische-putenbrust-roulade-gefullt-mit-mozzarella-und-prosciutto",
  "headline": "auf Tagliatelle und cremiger Kirschtomaten- Gemüse-Soße",
  "description": "",
  "descriptionHTML": "",
  "descriptionMarkdown": "",
  "seoDescription": null,
  "comment": null,
  "difficulty": 2,
  "prepTime": "PT35M",
  "totalTime": null,
  "servingSize": 0,
  "createdAt": "2014-03-27T16:36:49+00:00",
  "updatedAt": "2016-05-30T11:29:18+00:00",
  "link": "https://hellofresh.com/recipes/533453a1ff604d49808b456d",
  "imageLink": "https://d3hvwccx09j84u.cloudfront.net/0,0/image/533453a1ff604d49808b456d.jpg",
  "cardLink": null,
  "videoLink": null,
  "nutrition": [],
  "ingredients": [],
  "allergens": [],
  "utensils": [],
  "tags": [],
  "cuisines": [],
  "wines": [],
  "marketplaceItems": [],
  "author": null,
  "label": null,
  "yieldType": null,
  "yields": [],
  "steps": [],
  "averageRating": 3.4,
  "ratingsCount": 31,
  "favoritesCount": 135,
  "active": true,
  "highlighted": false,
  "isDinnerToLunch": false,
  "isExcludedFromIndex": false,
  "isPremium": false,
  "websiteUrl": "https://www.hellofresh.de/recipes/italienische-putenbrust-roulade-gefullt-mit-mozzarella-und-prosciutto-533453a1ff604d49808b456d",
  "clonedFrom": null,
  "canonical": null,
  "canonicalLink": null
}
