{
  "country": "DE",
  "id": "53345783ff604d4a808b456f",
  "name": "Delikater Ciabatta-Brotauflauf mit Farmer-Schinken",
  "seoName": null,
  "category": null,
  "slug": "delikater-ciabatta-brotauflauf-mit-farmer-schinken",
  "headline": "verfeinert mit Apfel und Cheddar, serviert mit  grünem Salat",
  "description": "",
  "descriptionHTML": "",
  "descriptionMarkdown": "",
  "seoDescription": null,
  "comment": null,
  "difficulty": 2,
  "prepTime": "PT40M",
  "totalTime": null,
  "servingSize": 0,
  "createdAt": "2014-03-27T16:53:23+00:00",
  "updatedAt": "2016-07-13T13:18:20+00:00",
  "link": "https://hellofresh.com/recipes/53345783ff604d4a808b456f",
  "imageLink": "https://d3hvwccx09j84u.cloudfront.net/0,0/image/53345783ff604d4a808b456f.jpg",
  "cardLink": null,
  "videoLink": null,
  "nutrition": [],
  "ingredients": [],
  "allergens": [],
  "utensils": [],
  "tags": [],
  "cuisines": [],
  "wines": [],
  "marketplaceItems": [],
  "author": null,
  "label": null,
  "yieldType": null,
  "yields": [],
  "steps": [],
  "averageRating": 2.5,
  "ratingsCount": 11,
  "favoritesCount": 36,
  "active": true,
  "highlighted": false,
  "isDinnerToLunch": false,
  "isExcludedFromIndex": false,
  "isPremium": false,
  "websiteUrl": "https://www.hellofresh.de/recipes/delikater-ciabatta-brotauflauf-mit-farmer-schinken-53345783ff604d4a808b456f",
  "clonedFrom": null,
  "canonical": null,
  "canonicalLink": null
}
