{
  "country": "DE",
  "id": "533458ddff604d6c7a8b456e",
  "name": "Veggie „Club Sandwich”",
  "seoName": null,
  "category": null,
  "slug": "veggie-club-sandwich",
  "headline": "gefüllt mit Mozzarella, Tomaten, Rucola und Avocadocreme dazu Karotten und Kartoffel-Pommes",
  "description": "",
  "descriptionHTML": "",
  "descriptionMarkdown": "",
  "seoDescription": null,
  "comment": null,
  "difficulty": 3,
  "prepTime": "PT40M",
  "totalTime": null,
  "servingSize": 0,
  "createdAt": "2014-03-27T16:59:09+00:00",
  "updatedAt": "2016-08-13T17:07:08+00:00",
  "link": "https://hellofresh.com/recipes/533458ddff604d6c7a8b456e",
  "imageLink": "https://d3hvwccx09j84u.cloudfront.net/0,0/image/533458ddff604d6c7a8b456e.jpg",
  "cardLink": null,
  "videoLink": null,
  "nutrition": [],
  "ingredients": [],
  "allergens": [],
  "utensils": [],
  "tags": [],
  "cuisines": [],
  "wines": [],
  "marketplaceItems": [],
  "author": null,
  "label": null,
  "yieldType": null,
  "yields": [],
  "steps": [],
  "averageRating": 3.5,
  "ratingsCount": 383,
  "favoritesCount": 174,
  "active": true,
  "highlighted": false,
  "isDinnerToLunch": false,
  "isExcludedFromIndex": false,
  "isPremium": false,
  "websiteUrl": "https://www.hellofresh.de/recipes/veggie-club-sandwich-533458ddff604d6c7a8b456e",
  "clonedFrom": null,
  "canonical": null,
  "canonicalLink": null
}
