{
  "country": "DE",
  "id": "53345aefff604d47808b4570",
  "name": "Indisch gewürztes „Power Päckchen“ Linsen-Curry",
  "seoName": null,
  "category": null,
  "slug": "indisch-gewurztes-power-packchen-linsen-curry",
  "headline": "mit gemahlenen Mandeln, Spinat und Paprika,  garniert mit frischem Koriander, dazu Pita-Brot",
  "description": "",
  "descriptionHTML": "",
  "descriptionMarkdown": "",
  "seoDescription": null,
  "comment": null,
  "difficulty": 2,
  "prepTime": "PT35M",
  "totalTime": null,
  "servingSize": 0,
  "createdAt": "2014-03-27T17:07:59+00:00",
  "updatedAt": "2016-07-13T13:40:18+00:00",
  "link": "https://hellofresh.com/recipes/53345aefff604d47808b4570",
  "imageLink": "https://d3hvwccx09j84u.cloudfront.net/0,0/image/53345aefff604d47808b4570.jpg",
  "cardLink": null,
  "videoLink": null,
  "nutrition": [],
  "ingredients": [],
  "allergens": [],
  "utensils": [],
  "tags": [],
  "cuisines": [],
  "wines": [],
  "marketplaceItems": [],
  "author": null,
  "label": null,
  "yieldType": null,
  "yields": [],
  "steps": [],
  "averageRating": 3.6,
  "ratingsCount": 14,
  "favoritesCount": 33,
  "active": true,
  "highlighted": false,
  "isDinnerToLunch": false,
  "isExcludedFromIndex": false,
  "isPremium": false,
  "websiteUrl": "https://www.hellofresh.de/recipes/indisch-gewurztes-power-packchen-linsen-curry-53345aefff604d47808b4570",
  "clonedFrom": null,
  "canonical": null,
  "canonicalLink": null
}
