{
  "country": "DE",
  "id": "533454c3ff604d6c7a8b456d",
  "name": "Schweinelachssteaks „Tex-Mex“ in würziger-TABASCO®-Marinade",
  "seoName": null,
  "category": null,
  "slug": "schweinelachssteaks-tex-mex-in-wurziger-tabasco-marinade",
  "headline": "mit selbstgemachten Pommes, gebratenen  Stangenbohnen und Sweet-Chili-Schmand",
  "description": "",
  "descriptionHTML": "",
  "descriptionMarkdown": "",
  "seoDescription": null,
  "comment": null,
  "difficulty": 2,
  "prepTime": "PT40M",
  "totalTime": null,
  "servingSize": 0,
  "createdAt": "2014-03-27T16:41:39+00:00",
  "updatedAt": "2016-01-31T17:30:11+00:00",
  "link": "https://hellofresh.com/recipes/533454c3ff604d6c7a8b456d",
  "imageLink": "https://d3hvwccx09j84u.cloudfront.net/0,0/image/533454c3ff604d6c7a8b456d.jpg",
  "cardLink": null,
  "videoLink": null,
  "nutrition": [],
  "ingredients": [],
  "allergens": [],
  "utensils": [],
  "tags": [],
  "cuisines": [],
  "wines": [],
  "marketplaceItems": [],
  "author": null,
  "label": null,
  "yieldType": null,
  "yields": [],
  "steps": [],
  "averageRating": 3.1,
  "ratingsCount": 29,
  "favoritesCount": 92,
  "active": true,
  "highlighted": false,
  "isDinnerToLunch": false,
  "isExcludedFromIndex": false,
  "isPremium": false,
  "websiteUrl": "https://www.hellofresh.de/recipes/schweinelachssteaks-tex-mex-in-wurziger-tabasco-marinade-533454c3ff604d6c7a8b456d",
  "clonedFrom": null,
  "canonical": null,
  "canonicalLink": null
}
