{
  "country": "DE",
  "id": "53345596ff604d4a808b456e",
  "name": "Braun gebratene Gemüsemaultaschen in feiner Porree-Frischkäsesoße",
  "seoName": null,
  "category": null,
  "slug": "braun-gebratene-gemusemaultaschen-in-feiner-porree-frischkasesosze",
  "headline": "verfeinert mit Walnüssen und frischer Petersilie",
  "description": "",
  "descriptionHTML": "",
  "descriptionMarkdown": "",
  "seoDescription": null,
  "comment": null,
  "difficulty": 1,
  "prepTime": "PT25M",
  "totalTime": null,
  "servingSize": 0,
  "createdAt": "2014-03-27T16:45:10+00:00",
  "updatedAt": "2016-07-13T13:40:09+00:00",
  "link": "https://hellofresh.com/recipes/53345596ff604d4a808b456e",
  "imageLink": "https://d3hvwccx09j84u.cloudfront.net/0,0/image/53345596ff604d4a808b456e.jpg",
  "cardLink": null,
  "videoLink": null,
  "nutrition": [],
  "ingredients": [],
  "allergens": [],
  "utensils": [],
  "tags": [],
  "cuisines": [],
  "wines": [],
  "marketplaceItems": [],
  "author": null,
  "label": null,
  "yieldType": null,
  "yields": [],
  "steps": [],
  "averageRating": 3.1,
  "ratingsCount": 41,
  "favoritesCount": 98,
  "active": true,
  "highlighted": false,
  "isDinnerToLunch": false,
  "isExcludedFromIndex": false,
  "isPremium": false,
  "websiteUrl": "https://www.hellofresh.de/recipes/braun-gebratene-gemusemaultaschen-in-feiner-porree-frischkasesosze-53345596ff604d4a808b456e",
  "clonedFrom": null,
  "canonical": null,
  "canonicalLink": null
}
