{
  "country": "DE",
  "id": "533d7598ff604d98108b4569",
  "name": "Delikater Bauchspeck-Hirse-Schmarren",
  "seoName": null,
  "category": null,
  "slug": "delikater-bauchspeck-hirse-schmarren",
  "headline": "serviert mit Bärlauchquark und grünem Salat",
  "description": "",
  "descriptionHTML": "",
  "descriptionMarkdown": "",
  "seoDescription": null,
  "comment": null,
  "difficulty": 2,
  "prepTime": "PT40M",
  "totalTime": null,
  "servingSize": 0,
  "createdAt": "2014-04-03T14:52:08+00:00",
  "updatedAt": "2016-07-13T13:18:36+00:00",
  "link": "https://hellofresh.com/recipes/533d7598ff604d98108b4569",
  "imageLink": "https://d3hvwccx09j84u.cloudfront.net/0,0/image/533d7598ff604d98108b4569.jpg",
  "cardLink": null,
  "videoLink": null,
  "nutrition": [],
  "ingredients": [],
  "allergens": [],
  "utensils": [],
  "tags": [],
  "cuisines": [],
  "wines": [],
  "marketplaceItems": [],
  "author": null,
  "label": null,
  "yieldType": null,
  "yields": [],
  "steps": [],
  "averageRating": 3,
  "ratingsCount": 8,
  "favoritesCount": 24,
  "active": true,
  "highlighted": false,
  "isDinnerToLunch": false,
  "isExcludedFromIndex": false,
  "isPremium": false,
  "websiteUrl": "https://www.hellofresh.de/recipes/delikater-bauchspeck-hirse-schmarren-533d7598ff604d98108b4569",
  "clonedFrom": null,
  "canonical": null,
  "canonicalLink": null
}
