{
  "country": "DE",
  "id": "533d76ebff604d95108b4569",
  "name": "Kohlrabi Schnitzel „a la Mexicana“ in Tortilla-Chip-Panade",
  "seoName": null,
  "category": null,
  "slug": "kohlrabi-schnitzel-a-la-mexicana-in-tortilla-chip-panade",
  "headline": "an knusprigen Ofen-Drillingen, selbstgemachter  Salsa und erfrischendem Limetten-Schmand",
  "description": "",
  "descriptionHTML": "",
  "descriptionMarkdown": "",
  "seoDescription": null,
  "comment": null,
  "difficulty": 2,
  "prepTime": "PT40M",
  "totalTime": null,
  "servingSize": 0,
  "createdAt": "2014-04-03T14:57:47+00:00",
  "updatedAt": "2016-07-13T13:40:30+00:00",
  "link": "https://hellofresh.com/recipes/533d76ebff604d95108b4569",
  "imageLink": "https://d3hvwccx09j84u.cloudfront.net/0,0/image/533d76ebff604d95108b4569.jpg",
  "cardLink": null,
  "videoLink": null,
  "nutrition": [],
  "ingredients": [],
  "allergens": [],
  "utensils": [],
  "tags": [],
  "cuisines": [],
  "wines": [],
  "marketplaceItems": [],
  "author": null,
  "label": null,
  "yieldType": null,
  "yields": [],
  "steps": [],
  "averageRating": 3.6,
  "ratingsCount": 11,
  "favoritesCount": 22,
  "active": true,
  "highlighted": false,
  "isDinnerToLunch": false,
  "isExcludedFromIndex": false,
  "isPremium": false,
  "websiteUrl": "https://www.hellofresh.de/recipes/kohlrabi-schnitzel-a-la-mexicana-in-tortilla-chip-panade-533d76ebff604d95108b4569",
  "clonedFrom": null,
  "canonical": null,
  "canonicalLink": null
}
