{
  "country": "DE",
  "id": "533d41f9ff604d98108b4568",
  "name": "Krosse Hähnchenspieße „Dukkah“",
  "seoName": null,
  "category": null,
  "slug": "krosse-hahnchenspiesze-dukkah",
  "headline": "mit Zitronen-Joghurtsoße auf buntem Basmatireis,  garniert mit frischer Petersilie",
  "description": "",
  "descriptionHTML": "",
  "descriptionMarkdown": "",
  "seoDescription": null,
  "comment": null,
  "difficulty": 2,
  "prepTime": "PT35M",
  "totalTime": null,
  "servingSize": 0,
  "createdAt": "2014-04-03T11:11:53+00:00",
  "updatedAt": "2016-01-30T19:20:43+00:00",
  "link": "https://hellofresh.com/recipes/533d41f9ff604d98108b4568",
  "imageLink": "https://d3hvwccx09j84u.cloudfront.net/0,0/image/533d41f9ff604d98108b4568.jpg",
  "cardLink": null,
  "videoLink": null,
  "nutrition": [],
  "ingredients": [],
  "allergens": [],
  "utensils": [],
  "tags": [],
  "cuisines": [],
  "wines": [],
  "marketplaceItems": [],
  "author": null,
  "label": null,
  "yieldType": null,
  "yields": [],
  "steps": [],
  "averageRating": 3.2,
  "ratingsCount": 26,
  "favoritesCount": 73,
  "active": true,
  "highlighted": false,
  "isDinnerToLunch": false,
  "isExcludedFromIndex": false,
  "isPremium": false,
  "websiteUrl": "https://www.hellofresh.de/recipes/krosse-hahnchenspiesze-dukkah-533d41f9ff604d98108b4568",
  "clonedFrom": null,
  "canonical": null,
  "canonicalLink": null
}
