{
  "country": "DE",
  "id": "533d74dbff604d91108b456b",
  "name": "Zucchini-Cannelloni verfeinert mit Ricotta und Pecorino",
  "seoName": null,
  "category": null,
  "slug": "zucchini-cannelloni-verfeinert-mit-ricotta-und-pecorino",
  "headline": "serviert mit frischem Basilikum",
  "description": "",
  "descriptionHTML": "",
  "descriptionMarkdown": "",
  "seoDescription": null,
  "comment": null,
  "difficulty": 2,
  "prepTime": "PT40M",
  "totalTime": null,
  "servingSize": 0,
  "createdAt": "2014-04-03T14:48:59+00:00",
  "updatedAt": "2016-07-17T07:35:17+00:00",
  "link": "https://hellofresh.com/recipes/533d74dbff604d91108b456b",
  "imageLink": "https://d3hvwccx09j84u.cloudfront.net/0,0/image/533d74dbff604d91108b456b.jpg",
  "cardLink": null,
  "videoLink": null,
  "nutrition": [],
  "ingredients": [],
  "allergens": [],
  "utensils": [],
  "tags": [],
  "cuisines": [],
  "wines": [],
  "marketplaceItems": [],
  "author": null,
  "label": null,
  "yieldType": null,
  "yields": [],
  "steps": [],
  "averageRating": 3.9,
  "ratingsCount": 15,
  "favoritesCount": 80,
  "active": true,
  "highlighted": false,
  "isDinnerToLunch": false,
  "isExcludedFromIndex": false,
  "isPremium": false,
  "websiteUrl": "https://www.hellofresh.de/recipes/zucchini-cannelloni-verfeinert-mit-ricotta-und-pecorino-533d74dbff604d91108b456b",
  "clonedFrom": null,
  "canonical": null,
  "canonicalLink": null
}
