{
  "country": "DE",
  "id": "533d7246ff604d95108b4568",
  "name": "Spaghetti mit Tomaten-Salsa",
  "seoName": null,
  "category": null,
  "slug": "spaghetti-mit-tomaten-salsa",
  "headline": "",
  "description": "",
  "descriptionHTML": "",
  "descriptionMarkdown": "",
  "seoDescription": null,
  "comment": null,
  "difficulty": 0,
  "prepTime": "PT25M",
  "totalTime": null,
  "servingSize": 0,
  "createdAt": "2014-04-03T14:37:58+00:00",
  "updatedAt": "2016-08-13T17:07:11+00:00",
  "link": "https://hellofresh.com/recipes/533d7246ff604d95108b4568",
  "imageLink": "https://d3hvwccx09j84u.cloudfront.net/0,0/image/533d7246ff604d95108b4568.jpg",
  "cardLink": null,
  "videoLink": null,
  "nutrition": [],
  "ingredients": [],
  "allergens": [],
  "utensils": [],
  "tags": [],
  "cuisines": [],
  "wines": [],
  "marketplaceItems": [],
  "author": null,
  "label": null,
  "yieldType": null,
  "yields": [],
  "steps": [],
  "averageRating": 3.4,
  "ratingsCount": 8,
  "favoritesCount": 94,
  "active": true,
  "highlighted": false,
  "isDinnerToLunch": false,
  "isExcludedFromIndex": false,
  "isPremium": false,
  "websiteUrl": "https://www.hellofresh.de/recipes/spaghetti-mit-tomaten-salsa-533d7246ff604d95108b4568",
  "clonedFrom": null,
  "canonical": null,
  "canonicalLink": null
}
