{
  "country": "DE",
  "id": "533d77b6ff604d9c108b456c",
  "name": "Za’atar gewürzte Ofen-Aubergine auf buntem Pilaf",
  "seoName": null,
  "category": null,
  "slug": "zaatar-gewurzte-ofen-aubergine-auf-buntem-pilaf",
  "headline": "mit Rosinen, Pistazien und Zitronen-Soja-Joghurtsoße ",
  "description": "",
  "descriptionHTML": "",
  "descriptionMarkdown": "",
  "seoDescription": null,
  "comment": null,
  "difficulty": 2,
  "prepTime": "PT35M",
  "totalTime": null,
  "servingSize": 0,
  "createdAt": "2014-04-03T15:01:10+00:00",
  "updatedAt": "2016-07-13T13:40:33+00:00",
  "link": "https://hellofresh.com/recipes/533d77b6ff604d9c108b456c",
  "imageLink": "https://d3hvwccx09j84u.cloudfront.net/0,0/image/533d77b6ff604d9c108b456c.jpg",
  "cardLink": null,
  "videoLink": null,
  "nutrition": [],
  "ingredients": [],
  "allergens": [],
  "utensils": [],
  "tags": [],
  "cuisines": [],
  "wines": [],
  "marketplaceItems": [],
  "author": null,
  "label": null,
  "yieldType": null,
  "yields": [],
  "steps": [],
  "averageRating": 2.8,
  "ratingsCount": 12,
  "favoritesCount": 18,
  "active": true,
  "highlighted": false,
  "isDinnerToLunch": false,
  "isExcludedFromIndex": false,
  "isPremium": false,
  "websiteUrl": "https://www.hellofresh.de/recipes/zaatar-gewurzte-ofen-aubergine-auf-buntem-pilaf-533d77b6ff604d9c108b456c",
  "clonedFrom": null,
  "canonical": null,
  "canonicalLink": null
}
