{
  "country": "DE",
  "id": "533d70ecff604d9d108b4569",
  "name": "Schnitzel mit Kartoffelsalat",
  "seoName": null,
  "category": null,
  "slug": "schnitzel-mit-kartoffelsalat",
  "headline": "",
  "description": "",
  "descriptionHTML": "",
  "descriptionMarkdown": "",
  "seoDescription": null,
  "comment": null,
  "difficulty": 0,
  "prepTime": "PT40M",
  "totalTime": null,
  "servingSize": 0,
  "createdAt": "2014-04-03T14:32:12+00:00",
  "updatedAt": "2016-02-03T06:03:42+00:00",
  "link": "https://hellofresh.com/recipes/533d70ecff604d9d108b4569",
  "imageLink": "https://d3hvwccx09j84u.cloudfront.net/0,0/image/533d70ecff604d9d108b4569.jpg",
  "cardLink": null,
  "videoLink": null,
  "nutrition": [],
  "ingredients": [],
  "allergens": [],
  "utensils": [],
  "tags": [],
  "cuisines": [],
  "wines": [],
  "marketplaceItems": [],
  "author": null,
  "label": null,
  "yieldType": null,
  "yields": [],
  "steps": [],
  "averageRating": 3.7,
  "ratingsCount": 12,
  "favoritesCount": 73,
  "active": true,
  "highlighted": false,
  "isDinnerToLunch": false,
  "isExcludedFromIndex": false,
  "isPremium": false,
  "websiteUrl": "https://www.hellofresh.de/recipes/schnitzel-mit-kartoffelsalat-533d70ecff604d9d108b4569",
  "clonedFrom": null,
  "canonical": null,
  "canonicalLink": null
}
