{
  "country": "DE",
  "id": "533d73daff604d9e108b4569",
  "name": "Luftige Spargel-Frühlingstarte",
  "seoName": null,
  "category": null,
  "slug": "luftige-spargel-fruhlingstarte",
  "headline": "mit Basilikumcremeboden, serviert mit Rucola ",
  "description": "",
  "descriptionHTML": "",
  "descriptionMarkdown": "",
  "seoDescription": null,
  "comment": null,
  "difficulty": 2,
  "prepTime": "PT25M",
  "totalTime": null,
  "servingSize": 0,
  "createdAt": "2014-04-03T14:44:42+00:00",
  "updatedAt": "2016-01-14T22:23:16+00:00",
  "link": "https://hellofresh.com/recipes/533d73daff604d9e108b4569",
  "imageLink": "https://d3hvwccx09j84u.cloudfront.net/0,0/image/533d73daff604d9e108b4569.jpg",
  "cardLink": null,
  "videoLink": null,
  "nutrition": [],
  "ingredients": [],
  "allergens": [],
  "utensils": [],
  "tags": [],
  "cuisines": [],
  "wines": [],
  "marketplaceItems": [],
  "author": null,
  "label": null,
  "yieldType": null,
  "yields": [],
  "steps": [],
  "averageRating": 3.7,
  "ratingsCount": 49,
  "favoritesCount": 87,
  "active": true,
  "highlighted": false,
  "isDinnerToLunch": false,
  "isExcludedFromIndex": false,
  "isPremium": false,
  "websiteUrl": "https://www.hellofresh.de/recipes/luftige-spargel-fruhlingstarte-533d73daff604d9e108b4569",
  "clonedFrom": null,
  "canonical": null,
  "canonicalLink": null
}
