{
  "country": "DE",
  "id": "533d7853ff604d8e108b4569",
  "name": "Jamaikanischer „Jerk“ Süßkartoffeleintopf",
  "seoName": null,
  "category": null,
  "slug": "jamaikanischer-jerk-suszkartoffeleintopf",
  "headline": "mit schwarzen Bohnen und Paprika, garniert mit  frischem Koriander",
  "description": "",
  "descriptionHTML": "",
  "descriptionMarkdown": "",
  "seoDescription": null,
  "comment": null,
  "difficulty": 1,
  "prepTime": "PT40M",
  "totalTime": null,
  "servingSize": 0,
  "createdAt": "2014-04-03T15:03:47+00:00",
  "updatedAt": "2016-07-13T13:40:36+00:00",
  "link": "https://hellofresh.com/recipes/533d7853ff604d8e108b4569",
  "imageLink": "https://d3hvwccx09j84u.cloudfront.net/0,0/image/533d7853ff604d8e108b4569.jpg",
  "cardLink": null,
  "videoLink": null,
  "nutrition": [],
  "ingredients": [],
  "allergens": [],
  "utensils": [],
  "tags": [],
  "cuisines": [],
  "wines": [],
  "marketplaceItems": [],
  "author": null,
  "label": null,
  "yieldType": null,
  "yields": [],
  "steps": [],
  "averageRating": 3,
  "ratingsCount": 5,
  "favoritesCount": 13,
  "active": true,
  "highlighted": false,
  "isDinnerToLunch": false,
  "isExcludedFromIndex": false,
  "isPremium": false,
  "websiteUrl": "https://www.hellofresh.de/recipes/jamaikanischer-jerk-suszkartoffeleintopf-533d7853ff604d8e108b4569",
  "clonedFrom": null,
  "canonical": null,
  "canonicalLink": null
}
