{
  "country": "DE",
  "id": "533d4111ff604d91108b456a",
  "name": "Asia-Nudeltopf",
  "seoName": null,
  "category": null,
  "slug": "asia-nudeltopf",
  "headline": "mit Hähnchen",
  "description": "",
  "descriptionHTML": "",
  "descriptionMarkdown": "",
  "seoDescription": null,
  "comment": null,
  "difficulty": 0,
  "prepTime": "PT35M",
  "totalTime": null,
  "servingSize": 0,
  "createdAt": "2014-04-03T11:08:01+00:00",
  "updatedAt": "2016-02-04T21:11:37+00:00",
  "link": "https://hellofresh.com/recipes/533d4111ff604d91108b456a",
  "imageLink": "https://d3hvwccx09j84u.cloudfront.net/0,0/image/533d4111ff604d91108b456a.jpg",
  "cardLink": null,
  "videoLink": null,
  "nutrition": [],
  "ingredients": [],
  "allergens": [],
  "utensils": [],
  "tags": [],
  "cuisines": [],
  "wines": [],
  "marketplaceItems": [],
  "author": null,
  "label": null,
  "yieldType": null,
  "yields": [],
  "steps": [],
  "averageRating": 3.2,
  "ratingsCount": 21,
  "favoritesCount": 58,
  "active": true,
  "highlighted": false,
  "isDinnerToLunch": false,
  "isExcludedFromIndex": false,
  "isPremium": false,
  "websiteUrl": "https://www.hellofresh.de/recipes/asia-nudeltopf-533d4111ff604d91108b456a",
  "clonedFrom": null,
  "canonical": null,
  "canonicalLink": null
}
