{
  "country": "DE",
  "id": "533d7194ff604d9c108b456a",
  "name": "Zarte Rindersteaks in feuriger Paprika- Tomatensoße",
  "seoName": null,
  "category": null,
  "slug": "zarte-rindersteaks-in-feuriger-paprika-tomatensosze",
  "headline": "an knusprigen Ofen-Drillingen, verfeinert mit Oregano",
  "description": "",
  "descriptionHTML": "",
  "descriptionMarkdown": "",
  "seoDescription": null,
  "comment": null,
  "difficulty": 3,
  "prepTime": "PT30M",
  "totalTime": null,
  "servingSize": 0,
  "createdAt": "2014-04-03T14:35:00+00:00",
  "updatedAt": "2016-01-29T10:48:21+00:00",
  "link": "https://hellofresh.com/recipes/533d7194ff604d9c108b456a",
  "imageLink": "https://d3hvwccx09j84u.cloudfront.net/0,0/image/533d7194ff604d9c108b456a.jpg",
  "cardLink": null,
  "videoLink": null,
  "nutrition": [],
  "ingredients": [],
  "allergens": [],
  "utensils": [],
  "tags": [],
  "cuisines": [],
  "wines": [],
  "marketplaceItems": [],
  "author": null,
  "label": null,
  "yieldType": null,
  "yields": [],
  "steps": [],
  "averageRating": 3.1,
  "ratingsCount": 25,
  "favoritesCount": 66,
  "active": true,
  "highlighted": false,
  "isDinnerToLunch": false,
  "isExcludedFromIndex": false,
  "isPremium": false,
  "websiteUrl": "https://www.hellofresh.de/recipes/zarte-rindersteaks-in-feuriger-paprika-tomatensosze-533d7194ff604d9c108b456a",
  "clonedFrom": null,
  "canonical": null,
  "canonicalLink": null
}
