{
  "country": "DE",
  "id": "53468ce9ff604d3d0d8b4567",
  "name": "Luftige Kichererbsen-Bärlauch-Puffer",
  "seoName": null,
  "category": null,
  "slug": "luftige-kichererbsen-barlauch-puffer",
  "headline": "mit Gurkensalat an feinem Joghurtdressing und  cremigem Kartoffelpüree",
  "description": "",
  "descriptionHTML": "",
  "descriptionMarkdown": "",
  "seoDescription": null,
  "comment": null,
  "difficulty": 2,
  "prepTime": "PT40M",
  "totalTime": null,
  "servingSize": 0,
  "createdAt": "2014-04-10T12:22:01+00:00",
  "updatedAt": "2016-04-09T19:29:19+00:00",
  "link": "https://hellofresh.com/recipes/53468ce9ff604d3d0d8b4567",
  "imageLink": "https://d3hvwccx09j84u.cloudfront.net/0,0/image/53468ce9ff604d3d0d8b4567.jpg",
  "cardLink": null,
  "videoLink": null,
  "nutrition": [],
  "ingredients": [],
  "allergens": [],
  "utensils": [],
  "tags": [],
  "cuisines": [],
  "wines": [],
  "marketplaceItems": [],
  "author": null,
  "label": null,
  "yieldType": null,
  "yields": [],
  "steps": [],
  "averageRating": 2.7,
  "ratingsCount": 9,
  "favoritesCount": 24,
  "active": true,
  "highlighted": false,
  "isDinnerToLunch": false,
  "isExcludedFromIndex": false,
  "isPremium": false,
  "websiteUrl": "https://www.hellofresh.de/recipes/luftige-kichererbsen-barlauch-puffer-53468ce9ff604d3d0d8b4567",
  "clonedFrom": null,
  "canonical": null,
  "canonicalLink": null
}
