{
  "country": "DE",
  "id": "53468958ff604d430d8b4569",
  "name": "Unser Osterschmaus: Zarte Lammsteaks in feiner Rosmarin-Senf-Marinade",
  "seoName": null,
  "category": null,
  "slug": "unser-osterschmaus-zarte-lammsteaks-in-feiner-rosmarin-senf-marinade",
  "headline": "an sämigem Röstzwiebel-Kartoffelpüree, dazu  Parmesan-Zitronen-Zucchini ",
  "description": "",
  "descriptionHTML": "",
  "descriptionMarkdown": "",
  "seoDescription": null,
  "comment": null,
  "difficulty": 2,
  "prepTime": "PT40M",
  "totalTime": null,
  "servingSize": 0,
  "createdAt": "2014-04-10T12:06:48+00:00",
  "updatedAt": "2016-07-25T08:39:25+00:00",
  "link": "https://hellofresh.com/recipes/53468958ff604d430d8b4569",
  "imageLink": "https://d3hvwccx09j84u.cloudfront.net/0,0/image/53468958ff604d430d8b4569.jpg",
  "cardLink": null,
  "videoLink": null,
  "nutrition": [],
  "ingredients": [],
  "allergens": [],
  "utensils": [],
  "tags": [],
  "cuisines": [],
  "wines": [],
  "marketplaceItems": [],
  "author": null,
  "label": null,
  "yieldType": null,
  "yields": [],
  "steps": [],
  "averageRating": 3.7,
  "ratingsCount": 27,
  "favoritesCount": 101,
  "active": true,
  "highlighted": false,
  "isDinnerToLunch": false,
  "isExcludedFromIndex": false,
  "isPremium": false,
  "websiteUrl": "https://www.hellofresh.de/recipes/unser-osterschmaus-zarte-lammsteaks-in-feiner-rosmarin-senf-marinade-53468958ff604d430d8b4569",
  "clonedFrom": null,
  "canonical": null,
  "canonicalLink": null
}
