{
  "country": "DE",
  "id": "53468fadff604d370d8b4568",
  "name": "Kartoffel-Plinsen mit Ratatouille",
  "seoName": null,
  "category": null,
  "slug": "kartoffel-plinsen-mit-ratatouille",
  "headline": "",
  "description": "",
  "descriptionHTML": "",
  "descriptionMarkdown": "",
  "seoDescription": null,
  "comment": null,
  "difficulty": 0,
  "prepTime": "PT45M",
  "totalTime": null,
  "servingSize": 0,
  "createdAt": "2014-04-10T12:33:49+00:00",
  "updatedAt": "2016-03-15T15:43:51+00:00",
  "link": "https://hellofresh.com/recipes/53468fadff604d370d8b4568",
  "imageLink": "https://d3hvwccx09j84u.cloudfront.net/0,0/image/53468fadff604d370d8b4568.jpg",
  "cardLink": null,
  "videoLink": null,
  "nutrition": [],
  "ingredients": [],
  "allergens": [],
  "utensils": [],
  "tags": [],
  "cuisines": [],
  "wines": [],
  "marketplaceItems": [],
  "author": null,
  "label": null,
  "yieldType": null,
  "yields": [],
  "steps": [],
  "averageRating": 3.4,
  "ratingsCount": 7,
  "favoritesCount": 64,
  "active": true,
  "highlighted": false,
  "isDinnerToLunch": false,
  "isExcludedFromIndex": false,
  "isPremium": false,
  "websiteUrl": "https://www.hellofresh.de/recipes/kartoffel-plinsen-mit-ratatouille-53468fadff604d370d8b4568",
  "clonedFrom": null,
  "canonical": null,
  "canonicalLink": null
}
