{
  "country": "DE",
  "id": "53469173ff604d410d8b4568",
  "name": "Rindfleisch-Wirsing-Topf",
  "seoName": null,
  "category": null,
  "slug": "rindfleisch-wirsing-topf",
  "headline": "",
  "description": "",
  "descriptionHTML": "",
  "descriptionMarkdown": "",
  "seoDescription": null,
  "comment": null,
  "difficulty": 0,
  "prepTime": "PT30M",
  "totalTime": null,
  "servingSize": 0,
  "createdAt": "2014-04-10T12:41:23+00:00",
  "updatedAt": "2016-02-01T17:03:11+00:00",
  "link": "https://hellofresh.com/recipes/53469173ff604d410d8b4568",
  "imageLink": "https://d3hvwccx09j84u.cloudfront.net/0,0/image/53469173ff604d410d8b4568.jpg",
  "cardLink": null,
  "videoLink": null,
  "nutrition": [],
  "ingredients": [],
  "allergens": [],
  "utensils": [],
  "tags": [],
  "cuisines": [],
  "wines": [],
  "marketplaceItems": [],
  "author": null,
  "label": null,
  "yieldType": null,
  "yields": [],
  "steps": [],
  "averageRating": 2.3,
  "ratingsCount": 9,
  "favoritesCount": 28,
  "active": true,
  "highlighted": false,
  "isDinnerToLunch": false,
  "isExcludedFromIndex": false,
  "isPremium": false,
  "websiteUrl": "https://www.hellofresh.de/recipes/rindfleisch-wirsing-topf-53469173ff604d410d8b4568",
  "clonedFrom": null,
  "canonical": null,
  "canonicalLink": null
}
