{
  "country": "DE",
  "id": "53468328ff604d390d8b4567",
  "name": "Krosse Putenbrust im Kokos-Sesam-Mantel",
  "seoName": null,
  "category": null,
  "slug": "krosse-putenbrust-im-kokos-sesam-mantel",
  "headline": "auf cremiger Karotten-Bohnen-Pfanne und fluffigem  Basmatireis",
  "description": "",
  "descriptionHTML": "",
  "descriptionMarkdown": "",
  "seoDescription": null,
  "comment": null,
  "difficulty": 3,
  "prepTime": "PT35M",
  "totalTime": null,
  "servingSize": 0,
  "createdAt": "2014-04-10T11:40:24+00:00",
  "updatedAt": "2016-01-29T10:48:53+00:00",
  "link": "https://hellofresh.com/recipes/53468328ff604d390d8b4567",
  "imageLink": "https://d3hvwccx09j84u.cloudfront.net/0,0/image/53468328ff604d390d8b4567.jpg",
  "cardLink": null,
  "videoLink": null,
  "nutrition": [],
  "ingredients": [],
  "allergens": [],
  "utensils": [],
  "tags": [],
  "cuisines": [],
  "wines": [],
  "marketplaceItems": [],
  "author": null,
  "label": null,
  "yieldType": null,
  "yields": [],
  "steps": [],
  "averageRating": 3.5,
  "ratingsCount": 26,
  "favoritesCount": 111,
  "active": true,
  "highlighted": false,
  "isDinnerToLunch": false,
  "isExcludedFromIndex": false,
  "isPremium": false,
  "websiteUrl": "https://www.hellofresh.de/recipes/krosse-putenbrust-im-kokos-sesam-mantel-53468328ff604d390d8b4567",
  "clonedFrom": null,
  "canonical": null,
  "canonicalLink": null
}
