{
  "country": "DE",
  "id": "53468bedff604d380d8b4569",
  "name": "Bacon „Club Sandwich“",
  "seoName": null,
  "category": null,
  "slug": "bacon-club-sandwich",
  "headline": "mit Avocado, Gouda und Tomatenscheiben,  serviert mit Cayenne-Pfeffer-Süßkartoffel-Wedges",
  "description": "",
  "descriptionHTML": "",
  "descriptionMarkdown": "",
  "seoDescription": null,
  "comment": null,
  "difficulty": 3,
  "prepTime": "PT40M",
  "totalTime": null,
  "servingSize": 0,
  "createdAt": "2014-04-10T12:17:49+00:00",
  "updatedAt": "2016-07-20T22:10:28+00:00",
  "link": "https://hellofresh.com/recipes/53468bedff604d380d8b4569",
  "imageLink": "https://d3hvwccx09j84u.cloudfront.net/0,0/image/53468bedff604d380d8b4569.jpg",
  "cardLink": null,
  "videoLink": null,
  "nutrition": [],
  "ingredients": [],
  "allergens": [],
  "utensils": [],
  "tags": [],
  "cuisines": [],
  "wines": [],
  "marketplaceItems": [],
  "author": null,
  "label": null,
  "yieldType": null,
  "yields": [],
  "steps": [],
  "averageRating": 3.2,
  "ratingsCount": 254,
  "favoritesCount": 265,
  "active": true,
  "highlighted": false,
  "isDinnerToLunch": false,
  "isExcludedFromIndex": false,
  "isPremium": false,
  "websiteUrl": "https://www.hellofresh.de/recipes/bacon-club-sandwich-53468bedff604d380d8b4569",
  "clonedFrom": null,
  "canonical": null,
  "canonicalLink": null
}
