{
  "country": "DE",
  "id": "53468e95ff604d440d8b456a",
  "name": "Braun gebratene Rosmarin-Polenta-Pommes",
  "seoName": null,
  "category": null,
  "slug": "braun-gebratene-rosmarin-polenta-pommes",
  "headline": "serviert mit Tomatenrelish, Avocado-Paprika-Creme  und grünem Salat",
  "description": "",
  "descriptionHTML": "",
  "descriptionMarkdown": "",
  "seoDescription": null,
  "comment": null,
  "difficulty": 3,
  "prepTime": "PT35M",
  "totalTime": null,
  "servingSize": 0,
  "createdAt": "2014-04-10T12:29:09+00:00",
  "updatedAt": "2016-07-13T13:40:49+00:00",
  "link": "https://hellofresh.com/recipes/53468e95ff604d440d8b456a",
  "imageLink": "https://d3hvwccx09j84u.cloudfront.net/0,0/image/53468e95ff604d440d8b456a.jpg",
  "cardLink": null,
  "videoLink": null,
  "nutrition": [],
  "ingredients": [],
  "allergens": [],
  "utensils": [],
  "tags": [],
  "cuisines": [],
  "wines": [],
  "marketplaceItems": [],
  "author": null,
  "label": null,
  "yieldType": null,
  "yields": [],
  "steps": [],
  "averageRating": 2.7,
  "ratingsCount": 3,
  "favoritesCount": 19,
  "active": true,
  "highlighted": false,
  "isDinnerToLunch": false,
  "isExcludedFromIndex": false,
  "isPremium": false,
  "websiteUrl": "https://www.hellofresh.de/recipes/braun-gebratene-rosmarin-polenta-pommes-53468e95ff604d440d8b456a",
  "clonedFrom": null,
  "canonical": null,
  "canonicalLink": null
}
