{
  "country": "DE",
  "id": "53468dd1ff604d3d0d8b4568",
  "name": "Pak Choi-Tofu-Pfanne „Hoi Sin“",
  "seoName": null,
  "category": null,
  "slug": "pak-choi-tofu-pfanne-hoi-sin",
  "headline": "auf Jasminreis, garniert mit Frühlingszwiebeln, Koriander und gerösteten Cashewkernen",
  "description": "",
  "descriptionHTML": "",
  "descriptionMarkdown": "",
  "seoDescription": null,
  "comment": null,
  "difficulty": 2,
  "prepTime": "PT35M",
  "totalTime": null,
  "servingSize": 0,
  "createdAt": "2014-04-10T12:25:53+00:00",
  "updatedAt": "2016-07-13T13:40:46+00:00",
  "link": "https://hellofresh.com/recipes/53468dd1ff604d3d0d8b4568",
  "imageLink": "https://d3hvwccx09j84u.cloudfront.net/0,0/image/53468dd1ff604d3d0d8b4568.jpg",
  "cardLink": null,
  "videoLink": null,
  "nutrition": [],
  "ingredients": [],
  "allergens": [],
  "utensils": [],
  "tags": [],
  "cuisines": [],
  "wines": [],
  "marketplaceItems": [],
  "author": null,
  "label": null,
  "yieldType": null,
  "yields": [],
  "steps": [],
  "averageRating": 3.1,
  "ratingsCount": 8,
  "favoritesCount": 17,
  "active": true,
  "highlighted": false,
  "isDinnerToLunch": false,
  "isExcludedFromIndex": false,
  "isPremium": false,
  "websiteUrl": "https://www.hellofresh.de/recipes/pak-choi-tofu-pfanne-hoi-sin-53468dd1ff604d3d0d8b4568",
  "clonedFrom": null,
  "canonical": null,
  "canonicalLink": null
}
