{
  "country": "DE",
  "id": "534690a6ff604d460d8b4568",
  "name": "Geschnetzeltes „Italienische Art“",
  "seoName": null,
  "category": null,
  "slug": "geschnetzeltes-italienische-art",
  "headline": "",
  "description": "",
  "descriptionHTML": "",
  "descriptionMarkdown": "",
  "seoDescription": null,
  "comment": null,
  "difficulty": 0,
  "prepTime": "PT35M",
  "totalTime": null,
  "servingSize": 0,
  "createdAt": "2014-04-10T12:37:58+00:00",
  "updatedAt": "2016-02-03T06:03:57+00:00",
  "link": "https://hellofresh.com/recipes/534690a6ff604d460d8b4568",
  "imageLink": "https://d3hvwccx09j84u.cloudfront.net/0,0/image/534690a6ff604d460d8b4568.jpg",
  "cardLink": null,
  "videoLink": null,
  "nutrition": [],
  "ingredients": [],
  "allergens": [],
  "utensils": [],
  "tags": [],
  "cuisines": [],
  "wines": [],
  "marketplaceItems": [],
  "author": null,
  "label": null,
  "yieldType": null,
  "yields": [],
  "steps": [],
  "averageRating": 4,
  "ratingsCount": 7,
  "favoritesCount": 102,
  "active": true,
  "highlighted": false,
  "isDinnerToLunch": false,
  "isExcludedFromIndex": false,
  "isPremium": false,
  "websiteUrl": "https://www.hellofresh.de/recipes/geschnetzeltes-italienische-art-534690a6ff604d460d8b4568",
  "clonedFrom": null,
  "canonical": null,
  "canonicalLink": null
}
