{
  "country": "DE",
  "id": "53468b0eff604d340d8b4569",
  "name": "Ricotta-Ravioli-Auflauf in pikanter Tomatensoße",
  "seoName": null,
  "category": null,
  "slug": "ricotta-ravioli-auflauf-in-pikanter-tomatensosze",
  "headline": "überbacken mit Mozzarella, serviert mit Rucola- Pesto",
  "description": "",
  "descriptionHTML": "",
  "descriptionMarkdown": "",
  "seoDescription": null,
  "comment": null,
  "difficulty": 2,
  "prepTime": "PT35M",
  "totalTime": null,
  "servingSize": 0,
  "createdAt": "2014-04-10T12:14:06+00:00",
  "updatedAt": "2016-04-18T23:15:31+00:00",
  "link": "https://hellofresh.com/recipes/53468b0eff604d340d8b4569",
  "imageLink": "https://d3hvwccx09j84u.cloudfront.net/0,0/image/53468b0eff604d340d8b4569.jpg",
  "cardLink": null,
  "videoLink": null,
  "nutrition": [],
  "ingredients": [],
  "allergens": [],
  "utensils": [],
  "tags": [],
  "cuisines": [],
  "wines": [],
  "marketplaceItems": [],
  "author": null,
  "label": null,
  "yieldType": null,
  "yields": [],
  "steps": [],
  "averageRating": 3.6,
  "ratingsCount": 11,
  "favoritesCount": 55,
  "active": true,
  "highlighted": false,
  "isDinnerToLunch": false,
  "isExcludedFromIndex": false,
  "isPremium": false,
  "websiteUrl": "https://www.hellofresh.de/recipes/ricotta-ravioli-auflauf-in-pikanter-tomatensosze-53468b0eff604d340d8b4569",
  "clonedFrom": null,
  "canonical": null,
  "canonicalLink": null
}
