{
  "country": "DE",
  "id": "53468a34ff604d3f0d8b4568",
  "name": "Champignon-Farfalle „Ruski“",
  "seoName": null,
  "category": null,
  "slug": "champignon-farfalle-ruski",
  "headline": "in delikater Schmand-Soße verfeinert mit Dill ",
  "description": "",
  "descriptionHTML": "",
  "descriptionMarkdown": "",
  "seoDescription": null,
  "comment": null,
  "difficulty": 1,
  "prepTime": "PT30M",
  "totalTime": null,
  "servingSize": 0,
  "createdAt": "2014-04-10T12:10:28+00:00",
  "updatedAt": "2016-07-17T07:36:13+00:00",
  "link": "https://hellofresh.com/recipes/53468a34ff604d3f0d8b4568",
  "imageLink": "https://d3hvwccx09j84u.cloudfront.net/0,0/image/53468a34ff604d3f0d8b4568.jpg",
  "cardLink": null,
  "videoLink": null,
  "nutrition": [],
  "ingredients": [],
  "allergens": [],
  "utensils": [],
  "tags": [],
  "cuisines": [],
  "wines": [],
  "marketplaceItems": [],
  "author": null,
  "label": null,
  "yieldType": null,
  "yields": [],
  "steps": [],
  "averageRating": 3,
  "ratingsCount": 28,
  "favoritesCount": 74,
  "active": true,
  "highlighted": false,
  "isDinnerToLunch": false,
  "isExcludedFromIndex": false,
  "isPremium": false,
  "websiteUrl": "https://www.hellofresh.de/recipes/champignon-farfalle-ruski-53468a34ff604d3f0d8b4568",
  "clonedFrom": null,
  "canonical": null,
  "canonicalLink": null
}
