{
  "country": "DE",
  "id": "53480a5cff604d3d0d8b4569",
  "name": "bblblblbl",
  "seoName": null,
  "category": null,
  "slug": "bblblblbl",
  "headline": "",
  "description": "",
  "descriptionHTML": "",
  "descriptionMarkdown": "",
  "seoDescription": null,
  "comment": null,
  "difficulty": 0,
  "prepTime": "",
  "totalTime": null,
  "servingSize": 0,
  "createdAt": "2014-04-11T15:29:32+00:00",
  "updatedAt": "2014-04-11T15:30:18+00:00",
  "link": "https://hellofresh.com/recipes/53480a5cff604d3d0d8b4569",
  "imageLink": "https://d3hvwccx09j84u.cloudfront.net/0,0/image/53480a5cff604d3d0d8b4569.jpg",
  "cardLink": null,
  "videoLink": null,
  "nutrition": [],
  "ingredients": [],
  "allergens": [],
  "utensils": [],
  "tags": [],
  "cuisines": [],
  "wines": [],
  "marketplaceItems": [],
  "author": null,
  "label": null,
  "yieldType": null,
  "yields": [],
  "steps": [],
  "averageRating": null,
  "ratingsCount": null,
  "favoritesCount": null,
  "active": false,
  "highlighted": false,
  "isDinnerToLunch": false,
  "isExcludedFromIndex": false,
  "isPremium": false,
  "websiteUrl": "https://www.hellofresh.de/recipes/bblblblbl-53480a5cff604d3d0d8b4569",
  "clonedFrom": null,
  "canonical": null,
  "canonicalLink": null
}
