{
  "country": "DE",
  "id": "534d61aaff604d71b88b4567",
  "name": "Tagliatelle mit Spinat und Putenbrust",
  "seoName": null,
  "category": null,
  "slug": "tagliatelle-mit-spinat-und-putenbrust",
  "headline": "",
  "description": "",
  "descriptionHTML": "",
  "descriptionMarkdown": "",
  "seoDescription": null,
  "comment": null,
  "difficulty": 0,
  "prepTime": "PT25M",
  "totalTime": null,
  "servingSize": 0,
  "createdAt": "2014-04-15T16:43:22+00:00",
  "updatedAt": "2016-05-30T11:29:21+00:00",
  "link": "https://hellofresh.com/recipes/534d61aaff604d71b88b4567",
  "imageLink": "https://d3hvwccx09j84u.cloudfront.net/0,0/image/534d61aaff604d71b88b4567.jpg",
  "cardLink": null,
  "videoLink": null,
  "nutrition": [],
  "ingredients": [],
  "allergens": [],
  "utensils": [],
  "tags": [],
  "cuisines": [],
  "wines": [],
  "marketplaceItems": [],
  "author": null,
  "label": null,
  "yieldType": null,
  "yields": [],
  "steps": [],
  "averageRating": 3.6,
  "ratingsCount": 10,
  "favoritesCount": 77,
  "active": true,
  "highlighted": false,
  "isDinnerToLunch": false,
  "isExcludedFromIndex": false,
  "isPremium": false,
  "websiteUrl": "https://www.hellofresh.de/recipes/tagliatelle-mit-spinat-und-putenbrust-534d61aaff604d71b88b4567",
  "clonedFrom": null,
  "canonical": null,
  "canonicalLink": null
}
