{
  "country": "DE",
  "id": "534d5fa4ff604d6ab88b4569",
  "name": "Indischer Putenbrust-Reiseintopf  „Biriyani“",
  "seoName": null,
  "category": null,
  "slug": "indischer-putenbrust-reiseintopf-biriyani",
  "headline": "mit Paprika und „Raita“-Gurken-Joghurt-Soße",
  "description": "",
  "descriptionHTML": "",
  "descriptionMarkdown": "",
  "seoDescription": null,
  "comment": null,
  "difficulty": 2,
  "prepTime": "PT40M",
  "totalTime": null,
  "servingSize": 0,
  "createdAt": "2014-04-15T16:34:44+00:00",
  "updatedAt": "2016-07-13T13:19:13+00:00",
  "link": "https://hellofresh.com/recipes/534d5fa4ff604d6ab88b4569",
  "imageLink": "https://d3hvwccx09j84u.cloudfront.net/0,0/image/534d5fa4ff604d6ab88b4569.jpg",
  "cardLink": null,
  "videoLink": null,
  "nutrition": [],
  "ingredients": [],
  "allergens": [],
  "utensils": [],
  "tags": [],
  "cuisines": [],
  "wines": [],
  "marketplaceItems": [],
  "author": null,
  "label": null,
  "yieldType": null,
  "yields": [],
  "steps": [],
  "averageRating": 3,
  "ratingsCount": 27,
  "favoritesCount": 71,
  "active": true,
  "highlighted": false,
  "isDinnerToLunch": false,
  "isExcludedFromIndex": false,
  "isPremium": false,
  "websiteUrl": "https://www.hellofresh.de/recipes/indischer-putenbrust-reiseintopf-biriyani-534d5fa4ff604d6ab88b4569",
  "clonedFrom": null,
  "canonical": null,
  "canonicalLink": null
}
