{
  "country": "DE",
  "id": "534d5e62ff604d81b88b4569",
  "name": "Hähnchen-Gemüse-Curry",
  "seoName": null,
  "category": null,
  "slug": "hahnchen-gemuse-curry",
  "headline": "",
  "description": "",
  "descriptionHTML": "",
  "descriptionMarkdown": "",
  "seoDescription": null,
  "comment": null,
  "difficulty": 0,
  "prepTime": "PT40M",
  "totalTime": null,
  "servingSize": 0,
  "createdAt": "2014-04-15T16:29:22+00:00",
  "updatedAt": "2016-02-03T06:04:05+00:00",
  "link": "https://hellofresh.com/recipes/534d5e62ff604d81b88b4569",
  "imageLink": "https://d3hvwccx09j84u.cloudfront.net/0,0/image/534d5e62ff604d81b88b4569.jpg",
  "cardLink": null,
  "videoLink": null,
  "nutrition": [],
  "ingredients": [],
  "allergens": [],
  "utensils": [],
  "tags": [],
  "cuisines": [],
  "wines": [],
  "marketplaceItems": [],
  "author": null,
  "label": null,
  "yieldType": null,
  "yields": [],
  "steps": [],
  "averageRating": 3.8,
  "ratingsCount": 10,
  "favoritesCount": 63,
  "active": true,
  "highlighted": false,
  "isDinnerToLunch": false,
  "isExcludedFromIndex": false,
  "isPremium": false,
  "websiteUrl": "https://www.hellofresh.de/recipes/hahnchen-gemuse-curry-534d5e62ff604d81b88b4569",
  "clonedFrom": null,
  "canonical": null,
  "canonicalLink": null
}
