{
  "country": "DE",
  "id": "534d63abff604d66b88b4569",
  "name": "Buntes Hühnerfrikassee",
  "seoName": null,
  "category": null,
  "slug": "buntes-huhnerfrikassee",
  "headline": "",
  "description": "",
  "descriptionHTML": "",
  "descriptionMarkdown": "",
  "seoDescription": null,
  "comment": null,
  "difficulty": 0,
  "prepTime": "PT30M",
  "totalTime": null,
  "servingSize": 0,
  "createdAt": "2014-04-15T16:51:55+00:00",
  "updatedAt": "2016-01-13T08:24:20+00:00",
  "link": "https://hellofresh.com/recipes/534d63abff604d66b88b4569",
  "imageLink": "https://d3hvwccx09j84u.cloudfront.net/0,0/image/534d63abff604d66b88b4569.jpg",
  "cardLink": null,
  "videoLink": null,
  "nutrition": [],
  "ingredients": [],
  "allergens": [],
  "utensils": [],
  "tags": [],
  "cuisines": [],
  "wines": [],
  "marketplaceItems": [],
  "author": null,
  "label": null,
  "yieldType": null,
  "yields": [],
  "steps": [],
  "averageRating": 2.9,
  "ratingsCount": 13,
  "favoritesCount": 48,
  "active": true,
  "highlighted": false,
  "isDinnerToLunch": false,
  "isExcludedFromIndex": false,
  "isPremium": false,
  "websiteUrl": "https://www.hellofresh.de/recipes/buntes-huhnerfrikassee-534d63abff604d66b88b4569",
  "clonedFrom": null,
  "canonical": null,
  "canonicalLink": null
}
