{
  "country": "DE",
  "id": "534d5fd1ff604d6fb88b456a",
  "name": "Braun gebratene Gnocchi",
  "seoName": null,
  "category": null,
  "slug": "braun-gebratene-gnocchi",
  "headline": "in pikanter Karotten-Parmesan-Tomatensoße",
  "description": "",
  "descriptionHTML": "",
  "descriptionMarkdown": "",
  "seoDescription": null,
  "comment": null,
  "difficulty": 1,
  "prepTime": "PT35M",
  "totalTime": null,
  "servingSize": 0,
  "createdAt": "2014-04-15T16:35:29+00:00",
  "updatedAt": "2016-07-13T13:41:10+00:00",
  "link": "https://hellofresh.com/recipes/534d5fd1ff604d6fb88b456a",
  "imageLink": "https://d3hvwccx09j84u.cloudfront.net/0,0/image/534d5fd1ff604d6fb88b456a.jpg",
  "cardLink": null,
  "videoLink": null,
  "nutrition": [],
  "ingredients": [],
  "allergens": [],
  "utensils": [],
  "tags": [],
  "cuisines": [],
  "wines": [],
  "marketplaceItems": [],
  "author": null,
  "label": null,
  "yieldType": null,
  "yields": [],
  "steps": [],
  "averageRating": 3.3,
  "ratingsCount": 28,
  "favoritesCount": 66,
  "active": true,
  "highlighted": false,
  "isDinnerToLunch": false,
  "isExcludedFromIndex": false,
  "isPremium": false,
  "websiteUrl": "https://www.hellofresh.de/recipes/braun-gebratene-gnocchi-534d5fd1ff604d6fb88b456a",
  "clonedFrom": null,
  "canonical": null,
  "canonicalLink": null
}
