{
  "country": "DE",
  "id": "534d608fff604d80b88b4567",
  "name": "Tofu-Paprika-Grill „Cajun“",
  "seoName": null,
  "category": null,
  "slug": "tofu-paprika-grill-cajun",
  "headline": "mit knusprigen Kartoffel Wedges, selbstgemachten Kirschtomaten und Zitronen-Sauerrahm",
  "description": "",
  "descriptionHTML": "",
  "descriptionMarkdown": "",
  "seoDescription": null,
  "comment": null,
  "difficulty": 2,
  "prepTime": "PT40M",
  "totalTime": null,
  "servingSize": 0,
  "createdAt": "2014-04-15T16:38:39+00:00",
  "updatedAt": "2016-07-13T13:41:16+00:00",
  "link": "https://hellofresh.com/recipes/534d608fff604d80b88b4567",
  "imageLink": "https://d3hvwccx09j84u.cloudfront.net/0,0/image/534d608fff604d80b88b4567.jpg",
  "cardLink": null,
  "videoLink": null,
  "nutrition": [],
  "ingredients": [],
  "allergens": [],
  "utensils": [],
  "tags": [],
  "cuisines": [],
  "wines": [],
  "marketplaceItems": [],
  "author": null,
  "label": null,
  "yieldType": null,
  "yields": [],
  "steps": [],
  "averageRating": 2.8,
  "ratingsCount": 4,
  "favoritesCount": 11,
  "active": true,
  "highlighted": false,
  "isDinnerToLunch": false,
  "isExcludedFromIndex": false,
  "isPremium": false,
  "websiteUrl": "https://www.hellofresh.de/recipes/tofu-paprika-grill-cajun-534d608fff604d80b88b4567",
  "clonedFrom": null,
  "canonical": null,
  "canonicalLink": null
}
