{
  "country": "DE",
  "id": "534d5daaff604d83b88b4569",
  "name": "Linsen und Basmatireis Pilaf  „Ras el Hanout“",
  "seoName": null,
  "category": null,
  "slug": "linsen-und-basmatireis-pilaf-ras-el-hanout",
  "headline": "mit Kirschtomaten und knusprigen roten  Zwiebeln, serviert mit Zitronen-Joghurt ",
  "description": "",
  "descriptionHTML": "",
  "descriptionMarkdown": "",
  "seoDescription": null,
  "comment": null,
  "difficulty": 2,
  "prepTime": "PT25M",
  "totalTime": null,
  "servingSize": 0,
  "createdAt": "2014-04-15T16:26:18+00:00",
  "updatedAt": "2016-07-13T13:41:05+00:00",
  "link": "https://hellofresh.com/recipes/534d5daaff604d83b88b4569",
  "imageLink": "https://d3hvwccx09j84u.cloudfront.net/0,0/image/534d5daaff604d83b88b4569.jpg",
  "cardLink": null,
  "videoLink": null,
  "nutrition": [],
  "ingredients": [],
  "allergens": [],
  "utensils": [],
  "tags": [],
  "cuisines": [],
  "wines": [],
  "marketplaceItems": [],
  "author": null,
  "label": null,
  "yieldType": null,
  "yields": [],
  "steps": [],
  "averageRating": 3.8,
  "ratingsCount": 4,
  "favoritesCount": 17,
  "active": true,
  "highlighted": false,
  "isDinnerToLunch": false,
  "isExcludedFromIndex": false,
  "isPremium": false,
  "websiteUrl": "https://www.hellofresh.de/recipes/linsen-und-basmatireis-pilaf-ras-el-hanout-534d5daaff604d83b88b4569",
  "clonedFrom": null,
  "canonical": null,
  "canonicalLink": null
}
