{
  "country": "DE",
  "id": "534d627cff604d66b88b4568",
  "name": "Spätzle alla Italia",
  "seoName": null,
  "category": null,
  "slug": "spatzle-alla-italia",
  "headline": "mit Mozzarella, Tomate, Pinienkernen und frischem Basilikum",
  "description": "",
  "descriptionHTML": "",
  "descriptionMarkdown": "",
  "seoDescription": null,
  "comment": null,
  "difficulty": 1,
  "prepTime": "PT25M",
  "totalTime": null,
  "servingSize": 0,
  "createdAt": "2014-04-15T16:46:52+00:00",
  "updatedAt": "2016-07-17T07:37:37+00:00",
  "link": "https://hellofresh.com/recipes/534d627cff604d66b88b4568",
  "imageLink": "https://d3hvwccx09j84u.cloudfront.net/0,0/image/534d627cff604d66b88b4568.jpg",
  "cardLink": null,
  "videoLink": null,
  "nutrition": [],
  "ingredients": [],
  "allergens": [],
  "utensils": [],
  "tags": [],
  "cuisines": [],
  "wines": [],
  "marketplaceItems": [],
  "author": null,
  "label": null,
  "yieldType": null,
  "yields": [],
  "steps": [],
  "averageRating": 3.6,
  "ratingsCount": 45,
  "favoritesCount": 133,
  "active": true,
  "highlighted": false,
  "isDinnerToLunch": false,
  "isExcludedFromIndex": false,
  "isPremium": false,
  "websiteUrl": "https://www.hellofresh.de/recipes/spatzle-alla-italia-534d627cff604d66b88b4568",
  "clonedFrom": null,
  "canonical": null,
  "canonicalLink": null
}
