{
  "country": "DE",
  "id": "534d5affff604d7bb88b4569",
  "name": "Marokkanisch gewuerztes Steak Sandwich",
  "seoName": null,
  "category": null,
  "slug": "marokkanisch-gewuerztes-steak-sandwich",
  "headline": "mit Ras el Hanout-Joghurtsosse und karamellisierten Karottenstaebchen ",
  "description": "",
  "descriptionHTML": "",
  "descriptionMarkdown": "",
  "seoDescription": null,
  "comment": null,
  "difficulty": 2,
  "prepTime": "PT40M",
  "totalTime": null,
  "servingSize": 0,
  "createdAt": "2014-04-15T16:14:55+00:00",
  "updatedAt": "2016-01-29T10:49:30+00:00",
  "link": "https://hellofresh.com/recipes/534d5affff604d7bb88b4569",
  "imageLink": "https://d3hvwccx09j84u.cloudfront.net/0,0/image/534d5affff604d7bb88b4569.jpg",
  "cardLink": null,
  "videoLink": null,
  "nutrition": [],
  "ingredients": [],
  "allergens": [],
  "utensils": [],
  "tags": [],
  "cuisines": [],
  "wines": [],
  "marketplaceItems": [],
  "author": null,
  "label": null,
  "yieldType": null,
  "yields": [],
  "steps": [],
  "averageRating": 3.2,
  "ratingsCount": 30,
  "favoritesCount": 75,
  "active": true,
  "highlighted": false,
  "isDinnerToLunch": false,
  "isExcludedFromIndex": false,
  "isPremium": false,
  "websiteUrl": "https://www.hellofresh.de/recipes/marokkanisch-gewuerztes-steak-sandwich-534d5affff604d7bb88b4569",
  "clonedFrom": null,
  "canonical": null,
  "canonicalLink": null
}
