{
  "country": "DE",
  "id": "534d62a0ff604d6ab88b456a",
  "name": "Cremiger Tricolorreis-Auflauf ",
  "seoName": null,
  "category": null,
  "slug": "cremiger-tricolorreis-auflauf",
  "headline": "mit Champignons, Schmand und Cheddar dazu grünen Salat",
  "description": "",
  "descriptionHTML": "",
  "descriptionMarkdown": "",
  "seoDescription": null,
  "comment": null,
  "difficulty": 2,
  "prepTime": "PT40M",
  "totalTime": null,
  "servingSize": 0,
  "createdAt": "2014-04-15T16:47:28+00:00",
  "updatedAt": "2016-01-15T18:28:40+00:00",
  "link": "https://hellofresh.com/recipes/534d62a0ff604d6ab88b456a",
  "imageLink": "https://d3hvwccx09j84u.cloudfront.net/0,0/image/534d62a0ff604d6ab88b456a.jpg",
  "cardLink": null,
  "videoLink": null,
  "nutrition": [],
  "ingredients": [],
  "allergens": [],
  "utensils": [],
  "tags": [],
  "cuisines": [],
  "wines": [],
  "marketplaceItems": [],
  "author": null,
  "label": null,
  "yieldType": null,
  "yields": [],
  "steps": [],
  "averageRating": 3.2,
  "ratingsCount": 13,
  "favoritesCount": 37,
  "active": true,
  "highlighted": false,
  "isDinnerToLunch": false,
  "isExcludedFromIndex": false,
  "isPremium": false,
  "websiteUrl": "https://www.hellofresh.de/recipes/cremiger-tricolorreis-auflauf-534d62a0ff604d6ab88b456a",
  "clonedFrom": null,
  "canonical": null,
  "canonicalLink": null
}
