{
  "country": "DE",
  "id": "534d62ceff604d6fb88b456b",
  "name": "Bratwurst im Mehrkornbaguette",
  "seoName": null,
  "category": null,
  "slug": "bratwurst-im-mehrkornbaguette",
  "headline": "mit Rucola und karamellisierten Zwiebeln  dazu selbstgemachten Coleslaw ",
  "description": "",
  "descriptionHTML": "",
  "descriptionMarkdown": "",
  "seoDescription": null,
  "comment": null,
  "difficulty": 2,
  "prepTime": "PT30M",
  "totalTime": null,
  "servingSize": 0,
  "createdAt": "2014-04-15T16:48:14+00:00",
  "updatedAt": "2016-01-29T10:52:05+00:00",
  "link": "https://hellofresh.com/recipes/534d62ceff604d6fb88b456b",
  "imageLink": "https://d3hvwccx09j84u.cloudfront.net/0,0/image/534d62ceff604d6fb88b456b.jpg",
  "cardLink": null,
  "videoLink": null,
  "nutrition": [],
  "ingredients": [],
  "allergens": [],
  "utensils": [],
  "tags": [],
  "cuisines": [],
  "wines": [],
  "marketplaceItems": [],
  "author": null,
  "label": null,
  "yieldType": null,
  "yields": [],
  "steps": [],
  "averageRating": 2.9,
  "ratingsCount": 12,
  "favoritesCount": 26,
  "active": true,
  "highlighted": false,
  "isDinnerToLunch": false,
  "isExcludedFromIndex": false,
  "isPremium": false,
  "websiteUrl": "https://www.hellofresh.de/recipes/bratwurst-im-mehrkornbaguette-534d62ceff604d6fb88b456b",
  "clonedFrom": null,
  "canonical": null,
  "canonicalLink": null
}
