{
  "country": "DE",
  "id": "534d6175ff604d6cb88b4569",
  "name": "Salatteller mit Linsen und Feta",
  "seoName": null,
  "category": null,
  "slug": "salatteller-mit-linsen-und-feta",
  "headline": "",
  "description": "",
  "descriptionHTML": "",
  "descriptionMarkdown": "",
  "seoDescription": null,
  "comment": null,
  "difficulty": 0,
  "prepTime": "PT25M",
  "totalTime": null,
  "servingSize": 0,
  "createdAt": "2014-04-15T16:42:29+00:00",
  "updatedAt": "2016-03-26T15:00:11+00:00",
  "link": "https://hellofresh.com/recipes/534d6175ff604d6cb88b4569",
  "imageLink": "https://d3hvwccx09j84u.cloudfront.net/0,0/image/534d6175ff604d6cb88b4569.jpg",
  "cardLink": null,
  "videoLink": null,
  "nutrition": [],
  "ingredients": [],
  "allergens": [],
  "utensils": [],
  "tags": [],
  "cuisines": [],
  "wines": [],
  "marketplaceItems": [],
  "author": null,
  "label": null,
  "yieldType": null,
  "yields": [],
  "steps": [],
  "averageRating": 3.4,
  "ratingsCount": 9,
  "favoritesCount": 62,
  "active": true,
  "highlighted": false,
  "isDinnerToLunch": false,
  "isExcludedFromIndex": false,
  "isPremium": false,
  "websiteUrl": "https://www.hellofresh.de/recipes/salatteller-mit-linsen-und-feta-534d6175ff604d6cb88b4569",
  "clonedFrom": null,
  "canonical": null,
  "canonicalLink": null
}
