{
  "country": "DE",
  "id": "534d5dd8ff604d6fb88b4568",
  "name": "Veggie „Pad Thai“  ",
  "seoName": null,
  "category": null,
  "slug": "veggie-pad-thai",
  "headline": "mit Mie-Nudeln und grünen Bohnen, garniert mit Koriander, gerösteten Erdnüssen und Frühlingszwiebeln ",
  "description": "",
  "descriptionHTML": "",
  "descriptionMarkdown": "",
  "seoDescription": null,
  "comment": null,
  "difficulty": 2,
  "prepTime": "PT30M",
  "totalTime": null,
  "servingSize": 0,
  "createdAt": "2014-04-15T16:27:04+00:00",
  "updatedAt": "2016-07-31T15:11:13+00:00",
  "link": "https://hellofresh.com/recipes/534d5dd8ff604d6fb88b4568",
  "imageLink": "https://d3hvwccx09j84u.cloudfront.net/0,0/image/534d5dd8ff604d6fb88b4568.jpg",
  "cardLink": null,
  "videoLink": null,
  "nutrition": [],
  "ingredients": [],
  "allergens": [],
  "utensils": [],
  "tags": [],
  "cuisines": [],
  "wines": [],
  "marketplaceItems": [],
  "author": null,
  "label": null,
  "yieldType": null,
  "yields": [],
  "steps": [],
  "averageRating": 3.2,
  "ratingsCount": 5,
  "favoritesCount": 25,
  "active": true,
  "highlighted": false,
  "isDinnerToLunch": false,
  "isExcludedFromIndex": false,
  "isPremium": false,
  "websiteUrl": "https://www.hellofresh.de/recipes/veggie-pad-thai-534d5dd8ff604d6fb88b4568",
  "clonedFrom": null,
  "canonical": null,
  "canonicalLink": null
}
