{
  "country": "DE",
  "id": "534d6135ff604d84b88b4568",
  "name": "Knusprige Auberginenpizza à la Provence  ",
  "seoName": null,
  "category": null,
  "slug": "knusprige-auberginenpizza-a-la-provence",
  "headline": "mit Ziegenkäse-Talern, karamellisierten Zwiebeln und Rucola",
  "description": "",
  "descriptionHTML": "",
  "descriptionMarkdown": "",
  "seoDescription": null,
  "comment": null,
  "difficulty": 1,
  "prepTime": "PT35M",
  "totalTime": null,
  "servingSize": 0,
  "createdAt": "2014-04-15T16:41:25+00:00",
  "updatedAt": "2016-07-13T13:41:20+00:00",
  "link": "https://hellofresh.com/recipes/534d6135ff604d84b88b4568",
  "imageLink": "https://d3hvwccx09j84u.cloudfront.net/0,0/image/534d6135ff604d84b88b4568.jpg",
  "cardLink": null,
  "videoLink": null,
  "nutrition": [],
  "ingredients": [],
  "allergens": [],
  "utensils": [],
  "tags": [],
  "cuisines": [],
  "wines": [],
  "marketplaceItems": [],
  "author": null,
  "label": null,
  "yieldType": null,
  "yields": [],
  "steps": [],
  "averageRating": 4,
  "ratingsCount": 3,
  "favoritesCount": 20,
  "active": true,
  "highlighted": false,
  "isDinnerToLunch": false,
  "isExcludedFromIndex": false,
  "isPremium": false,
  "websiteUrl": "https://www.hellofresh.de/recipes/knusprige-auberginenpizza-a-la-provence-534d6135ff604d84b88b4568",
  "clonedFrom": null,
  "canonical": null,
  "canonicalLink": null
}
