{
  "country": "DE",
  "id": "534d6370ff604d7eb88b4569",
  "name": "Fruchtig erfrischender Couscous Salat",
  "seoName": null,
  "category": null,
  "slug": "fruchtig-erfrischender-couscous-salat",
  "headline": "mit gebratener Mango und schwarzen Bohnen  in feiner Limetten-Vinaigrette",
  "description": "",
  "descriptionHTML": "",
  "descriptionMarkdown": "",
  "seoDescription": null,
  "comment": null,
  "difficulty": 1,
  "prepTime": "PT30M",
  "totalTime": null,
  "servingSize": 0,
  "createdAt": "2014-04-15T16:50:56+00:00",
  "updatedAt": "2016-07-13T13:41:33+00:00",
  "link": "https://hellofresh.com/recipes/534d6370ff604d7eb88b4569",
  "imageLink": "https://d3hvwccx09j84u.cloudfront.net/0,0/image/534d6370ff604d7eb88b4569.jpg",
  "cardLink": null,
  "videoLink": null,
  "nutrition": [],
  "ingredients": [],
  "allergens": [],
  "utensils": [],
  "tags": [],
  "cuisines": [],
  "wines": [],
  "marketplaceItems": [],
  "author": null,
  "label": null,
  "yieldType": null,
  "yields": [],
  "steps": [],
  "averageRating": 2.7,
  "ratingsCount": 3,
  "favoritesCount": 22,
  "active": true,
  "highlighted": false,
  "isDinnerToLunch": false,
  "isExcludedFromIndex": false,
  "isPremium": false,
  "websiteUrl": "https://www.hellofresh.de/recipes/fruchtig-erfrischender-couscous-salat-534d6370ff604d7eb88b4569",
  "clonedFrom": null,
  "canonical": null,
  "canonicalLink": null
}
