{
  "country": "DE",
  "id": "534d5ca1ff604d6db88b4569",
  "name": "Braun gebratene Halloumi-Paprika-Spieße",
  "seoName": null,
  "category": null,
  "slug": "braun-gebratene-halloumi-paprika-spiesze",
  "headline": "serviert mit selbstgemachtem Tsatsiki und Pita-Taschen",
  "description": "",
  "descriptionHTML": "",
  "descriptionMarkdown": "",
  "seoDescription": null,
  "comment": null,
  "difficulty": 2,
  "prepTime": "PT30M",
  "totalTime": null,
  "servingSize": 0,
  "createdAt": "2014-04-15T16:21:53+00:00",
  "updatedAt": "2016-07-17T07:36:52+00:00",
  "link": "https://hellofresh.com/recipes/534d5ca1ff604d6db88b4569",
  "imageLink": "https://d3hvwccx09j84u.cloudfront.net/0,0/image/534d5ca1ff604d6db88b4569.jpg",
  "cardLink": null,
  "videoLink": null,
  "nutrition": [],
  "ingredients": [],
  "allergens": [],
  "utensils": [],
  "tags": [],
  "cuisines": [],
  "wines": [],
  "marketplaceItems": [],
  "author": null,
  "label": null,
  "yieldType": null,
  "yields": [],
  "steps": [],
  "averageRating": 3.2,
  "ratingsCount": 15,
  "favoritesCount": 50,
  "active": true,
  "highlighted": false,
  "isDinnerToLunch": false,
  "isExcludedFromIndex": false,
  "isPremium": false,
  "websiteUrl": "https://www.hellofresh.de/recipes/braun-gebratene-halloumi-paprika-spiesze-534d5ca1ff604d6db88b4569",
  "clonedFrom": null,
  "canonical": null,
  "canonicalLink": null
}
