{
  "country": "DE",
  "id": "534d5ef5ff604d6fb88b4569",
  "name": "Nudeln mit Zitronen- Rahmsoße",
  "seoName": null,
  "category": null,
  "slug": "nudeln-mit-zitronen-rahmsosze",
  "headline": "",
  "description": "",
  "descriptionHTML": "",
  "descriptionMarkdown": "",
  "seoDescription": null,
  "comment": null,
  "difficulty": 0,
  "prepTime": "PT25M",
  "totalTime": null,
  "servingSize": 0,
  "createdAt": "2014-04-15T16:31:49+00:00",
  "updatedAt": "2016-02-03T06:04:12+00:00",
  "link": "https://hellofresh.com/recipes/534d5ef5ff604d6fb88b4569",
  "imageLink": "https://d3hvwccx09j84u.cloudfront.net/0,0/image/534d5ef5ff604d6fb88b4569.jpg",
  "cardLink": null,
  "videoLink": null,
  "nutrition": [],
  "ingredients": [],
  "allergens": [],
  "utensils": [],
  "tags": [],
  "cuisines": [],
  "wines": [],
  "marketplaceItems": [],
  "author": null,
  "label": null,
  "yieldType": null,
  "yields": [],
  "steps": [],
  "averageRating": 3.4,
  "ratingsCount": 5,
  "favoritesCount": 54,
  "active": true,
  "highlighted": false,
  "isDinnerToLunch": false,
  "isExcludedFromIndex": false,
  "isPremium": false,
  "websiteUrl": "https://www.hellofresh.de/recipes/nudeln-mit-zitronen-rahmsosze-534d5ef5ff604d6fb88b4569",
  "clonedFrom": null,
  "canonical": null,
  "canonicalLink": null
}
