{
  "country": "DE",
  "id": "534d5b84ff604d68b88b4567",
  "name": "Feine Schupfnudeln in cremiger  Zucchini-Emmentaler-Soße",
  "seoName": null,
  "category": null,
  "slug": "feine-schupfnudeln-in-cremiger-zucchini-emmentaler-sosze",
  "headline": "verfeinert mit frischer Petersilie",
  "description": "",
  "descriptionHTML": "",
  "descriptionMarkdown": "",
  "seoDescription": null,
  "comment": null,
  "difficulty": 1,
  "prepTime": "PT25M",
  "totalTime": null,
  "servingSize": 0,
  "createdAt": "2014-04-15T16:17:08+00:00",
  "updatedAt": "2016-07-13T13:40:55+00:00",
  "link": "https://hellofresh.com/recipes/534d5b84ff604d68b88b4567",
  "imageLink": "https://d3hvwccx09j84u.cloudfront.net/0,0/image/534d5b84ff604d68b88b4567.jpg",
  "cardLink": null,
  "videoLink": null,
  "nutrition": [],
  "ingredients": [],
  "allergens": [],
  "utensils": [],
  "tags": [],
  "cuisines": [],
  "wines": [],
  "marketplaceItems": [],
  "author": null,
  "label": null,
  "yieldType": null,
  "yields": [],
  "steps": [],
  "averageRating": 3.5,
  "ratingsCount": 39,
  "favoritesCount": 86,
  "active": true,
  "highlighted": false,
  "isDinnerToLunch": false,
  "isExcludedFromIndex": false,
  "isPremium": false,
  "websiteUrl": "https://www.hellofresh.de/recipes/feine-schupfnudeln-in-cremiger-zucchini-emmentaler-sosze-534d5b84ff604d68b88b4567",
  "clonedFrom": null,
  "canonical": null,
  "canonicalLink": null
}
