{
  "country": "DE",
  "id": "534d5d52ff604d7cb88b4568",
  "name": "Kartoffelauflauf „Caprese“",
  "seoName": null,
  "category": null,
  "slug": "kartoffelauflauf-caprese",
  "headline": "mit Mozzarella, Tomaten und Pesto-Soße, an gegrilltem Spargel",
  "description": "",
  "descriptionHTML": "",
  "descriptionMarkdown": "",
  "seoDescription": null,
  "comment": null,
  "difficulty": 2,
  "prepTime": "PT35M",
  "totalTime": null,
  "servingSize": 0,
  "createdAt": "2014-04-15T16:24:50+00:00",
  "updatedAt": "2016-05-06T22:15:18+00:00",
  "link": "https://hellofresh.com/recipes/534d5d52ff604d7cb88b4568",
  "imageLink": "https://d3hvwccx09j84u.cloudfront.net/0,0/image/534d5d52ff604d7cb88b4568.jpg",
  "cardLink": null,
  "videoLink": null,
  "nutrition": [],
  "ingredients": [],
  "allergens": [],
  "utensils": [],
  "tags": [],
  "cuisines": [],
  "wines": [],
  "marketplaceItems": [],
  "author": null,
  "label": null,
  "yieldType": null,
  "yields": [],
  "steps": [],
  "averageRating": 3.6,
  "ratingsCount": 8,
  "favoritesCount": 24,
  "active": true,
  "highlighted": false,
  "isDinnerToLunch": false,
  "isExcludedFromIndex": false,
  "isPremium": false,
  "websiteUrl": "https://www.hellofresh.de/recipes/kartoffelauflauf-caprese-534d5d52ff604d7cb88b4568",
  "clonedFrom": null,
  "canonical": null,
  "canonicalLink": null
}
