{
  "country": "DE",
  "id": "534d5eb4ff604d82b88b4568",
  "name": "Chili-Beef mit Wok-Gemüse   ",
  "seoName": null,
  "category": null,
  "slug": "chili-beef-mit-wok-gemuse",
  "headline": "",
  "description": "",
  "descriptionHTML": "",
  "descriptionMarkdown": "",
  "seoDescription": null,
  "comment": null,
  "difficulty": 0,
  "prepTime": "PT30M",
  "totalTime": null,
  "servingSize": 0,
  "createdAt": "2014-04-15T16:30:44+00:00",
  "updatedAt": "2016-01-19T22:46:19+00:00",
  "link": "https://hellofresh.com/recipes/534d5eb4ff604d82b88b4568",
  "imageLink": "https://d3hvwccx09j84u.cloudfront.net/0,0/image/534d5eb4ff604d82b88b4568.jpg",
  "cardLink": null,
  "videoLink": null,
  "nutrition": [],
  "ingredients": [],
  "allergens": [],
  "utensils": [],
  "tags": [],
  "cuisines": [],
  "wines": [],
  "marketplaceItems": [],
  "author": null,
  "label": null,
  "yieldType": null,
  "yields": [],
  "steps": [],
  "averageRating": 3.2,
  "ratingsCount": 9,
  "favoritesCount": 69,
  "active": true,
  "highlighted": false,
  "isDinnerToLunch": false,
  "isExcludedFromIndex": false,
  "isPremium": false,
  "websiteUrl": "https://www.hellofresh.de/recipes/chili-beef-mit-wok-gemuse-534d5eb4ff604d82b88b4568",
  "clonedFrom": null,
  "canonical": null,
  "canonicalLink": null
}
