{
  "country": "DE",
  "id": "534d63d6ff604d6ab88b456b",
  "name": "Kohlrabi-Eintopf mit  Käse-Bruschetta",
  "seoName": null,
  "category": null,
  "slug": "kohlrabi-eintopf-mit-kase-bruschetta",
  "headline": "",
  "description": "",
  "descriptionHTML": "",
  "descriptionMarkdown": "",
  "seoDescription": null,
  "comment": null,
  "difficulty": 0,
  "prepTime": "PT25M",
  "totalTime": null,
  "servingSize": 0,
  "createdAt": "2014-04-15T16:52:38+00:00",
  "updatedAt": "2016-07-13T13:09:15+00:00",
  "link": "https://hellofresh.com/recipes/534d63d6ff604d6ab88b456b",
  "imageLink": "https://d3hvwccx09j84u.cloudfront.net/0,0/image/534d63d6ff604d6ab88b456b.jpg",
  "cardLink": null,
  "videoLink": null,
  "nutrition": [],
  "ingredients": [],
  "allergens": [],
  "utensils": [],
  "tags": [],
  "cuisines": [],
  "wines": [],
  "marketplaceItems": [],
  "author": null,
  "label": null,
  "yieldType": null,
  "yields": [],
  "steps": [],
  "averageRating": 2.6,
  "ratingsCount": 5,
  "favoritesCount": 29,
  "active": true,
  "highlighted": false,
  "isDinnerToLunch": false,
  "isExcludedFromIndex": false,
  "isPremium": false,
  "websiteUrl": "https://www.hellofresh.de/recipes/kohlrabi-eintopf-mit-kase-bruschetta-534d63d6ff604d6ab88b456b",
  "clonedFrom": null,
  "canonical": null,
  "canonicalLink": null
}
