{
  "country": "DE",
  "id": "534d625cff604d7eb88b4568",
  "name": "Japanische Rindfleisch-Nudelpfanne „Terriyaki“ ",
  "seoName": null,
  "category": null,
  "slug": "japanische-rindfleisch-nudelpfanne-terriyaki",
  "headline": "mit Mie-Nudeln und Pak Choi, garniert mit Frühlingzwiebeln und Chili",
  "description": "",
  "descriptionHTML": "",
  "descriptionMarkdown": "",
  "seoDescription": null,
  "comment": null,
  "difficulty": 2,
  "prepTime": "PT35M",
  "totalTime": null,
  "servingSize": 0,
  "createdAt": "2014-04-15T16:46:20+00:00",
  "updatedAt": "2016-04-23T13:30:37+00:00",
  "link": "https://hellofresh.com/recipes/534d625cff604d7eb88b4568",
  "imageLink": "https://d3hvwccx09j84u.cloudfront.net/0,0/image/534d625cff604d7eb88b4568.jpg",
  "cardLink": null,
  "videoLink": null,
  "nutrition": [],
  "ingredients": [],
  "allergens": [],
  "utensils": [],
  "tags": [],
  "cuisines": [],
  "wines": [],
  "marketplaceItems": [],
  "author": null,
  "label": null,
  "yieldType": null,
  "yields": [],
  "steps": [],
  "averageRating": 3.2,
  "ratingsCount": 37,
  "favoritesCount": 100,
  "active": true,
  "highlighted": false,
  "isDinnerToLunch": false,
  "isExcludedFromIndex": false,
  "isPremium": false,
  "websiteUrl": "https://www.hellofresh.de/recipes/japanische-rindfleisch-nudelpfanne-terriyaki-534d625cff604d7eb88b4568",
  "clonedFrom": null,
  "canonical": null,
  "canonicalLink": null
}
