{
  "country": "DE",
  "id": "534d6231ff604d7bb88b456a",
  "name": "Hähnchenbrust in krossem Mandelmantel",
  "seoName": null,
  "category": null,
  "slug": "hahnchenbrust-in-krossem-mandelmantel",
  "headline": "dazu Buttermilch-Kartoffelstampf und weißer Spargel mit Zitronen-Buttersoße",
  "description": "",
  "descriptionHTML": "",
  "descriptionMarkdown": "",
  "seoDescription": null,
  "comment": null,
  "difficulty": 2,
  "prepTime": "PT40M",
  "totalTime": null,
  "servingSize": 0,
  "createdAt": "2014-04-15T16:45:37+00:00",
  "updatedAt": "2016-07-13T13:19:29+00:00",
  "link": "https://hellofresh.com/recipes/534d6231ff604d7bb88b456a",
  "imageLink": "https://d3hvwccx09j84u.cloudfront.net/0,0/image/534d6231ff604d7bb88b456a.jpg",
  "cardLink": null,
  "videoLink": null,
  "nutrition": [],
  "ingredients": [],
  "allergens": [],
  "utensils": [],
  "tags": [],
  "cuisines": [],
  "wines": [],
  "marketplaceItems": [],
  "author": null,
  "label": null,
  "yieldType": null,
  "yields": [],
  "steps": [],
  "averageRating": 3.5,
  "ratingsCount": 37,
  "favoritesCount": 101,
  "active": true,
  "highlighted": false,
  "isDinnerToLunch": false,
  "isExcludedFromIndex": false,
  "isPremium": false,
  "websiteUrl": "https://www.hellofresh.de/recipes/hahnchenbrust-in-krossem-mandelmantel-534d6231ff604d7bb88b456a",
  "clonedFrom": null,
  "canonical": null,
  "canonicalLink": null
}
