{
  "country": "DE",
  "id": "534d6045ff604d7ab88b4567",
  "name": "Pikante Chorizo-Spitzkohl-Blätterteigpizza",
  "seoName": null,
  "category": null,
  "slug": "pikante-chorizo-spitzkohl-blatterteigpizza",
  "headline": "garniert mit frischer Petersilie",
  "description": "",
  "descriptionHTML": "",
  "descriptionMarkdown": "",
  "seoDescription": null,
  "comment": null,
  "difficulty": 2,
  "prepTime": "PT35M",
  "totalTime": null,
  "servingSize": 0,
  "createdAt": "2014-04-15T16:37:25+00:00",
  "updatedAt": "2015-08-21T22:48:47+00:00",
  "link": "https://hellofresh.com/recipes/534d6045ff604d7ab88b4567",
  "imageLink": "https://d3hvwccx09j84u.cloudfront.net/0,0/image/534d6045ff604d7ab88b4567.jpg",
  "cardLink": null,
  "videoLink": null,
  "nutrition": [],
  "ingredients": [],
  "allergens": [],
  "utensils": [],
  "tags": [],
  "cuisines": [],
  "wines": [],
  "marketplaceItems": [],
  "author": null,
  "label": null,
  "yieldType": null,
  "yields": [],
  "steps": [],
  "averageRating": 2.7,
  "ratingsCount": 11,
  "favoritesCount": 24,
  "active": true,
  "highlighted": false,
  "isDinnerToLunch": false,
  "isExcludedFromIndex": false,
  "isPremium": false,
  "websiteUrl": "https://www.hellofresh.de/recipes/pikante-chorizo-spitzkohl-blatterteigpizza-534d6045ff604d7ab88b4567",
  "clonedFrom": null,
  "canonical": null,
  "canonicalLink": null
}
