{
  "country": "DE",
  "id": "534d5d02ff604d73b88b4568",
  "name": "Cremiges Zitronen-Lachs-Risotto",
  "seoName": null,
  "category": null,
  "slug": "cremiges-zitronen-lachs-risotto",
  "headline": "verfeinert mit Frischkäse, Rucola, grünen Bohnen  und Petersilie",
  "description": "",
  "descriptionHTML": "",
  "descriptionMarkdown": "",
  "seoDescription": null,
  "comment": null,
  "difficulty": 3,
  "prepTime": "PT40M",
  "totalTime": null,
  "servingSize": 0,
  "createdAt": "2014-04-15T16:23:30+00:00",
  "updatedAt": "2016-05-24T11:37:19+00:00",
  "link": "https://hellofresh.com/recipes/534d5d02ff604d73b88b4568",
  "imageLink": "https://d3hvwccx09j84u.cloudfront.net/0,0/image/534d5d02ff604d73b88b4568.jpg",
  "cardLink": null,
  "videoLink": null,
  "nutrition": [],
  "ingredients": [],
  "allergens": [],
  "utensils": [],
  "tags": [],
  "cuisines": [],
  "wines": [],
  "marketplaceItems": [],
  "author": null,
  "label": null,
  "yieldType": null,
  "yields": [],
  "steps": [],
  "averageRating": 3.5,
  "ratingsCount": 18,
  "favoritesCount": 81,
  "active": true,
  "highlighted": false,
  "isDinnerToLunch": false,
  "isExcludedFromIndex": false,
  "isPremium": false,
  "websiteUrl": "https://www.hellofresh.de/recipes/cremiges-zitronen-lachs-risotto-534d5d02ff604d73b88b4568",
  "clonedFrom": null,
  "canonical": null,
  "canonicalLink": null
}
