{
  "country": "DE",
  "id": "534d62f1ff604d76b88b4568",
  "name": "Feines Beelitzer-Spargel-Risotto ",
  "seoName": null,
  "category": null,
  "slug": "feines-beelitzer-spargel-risotto",
  "headline": "verfeinert mit Parmesan, Lorbeerblättern  und frischer Petersilie",
  "description": "",
  "descriptionHTML": "",
  "descriptionMarkdown": "",
  "seoDescription": null,
  "comment": null,
  "difficulty": 2,
  "prepTime": "PT35M",
  "totalTime": null,
  "servingSize": 0,
  "createdAt": "2014-04-15T16:48:49+00:00",
  "updatedAt": "2016-07-13T13:41:28+00:00",
  "link": "https://hellofresh.com/recipes/534d62f1ff604d76b88b4568",
  "imageLink": "https://d3hvwccx09j84u.cloudfront.net/0,0/image/534d62f1ff604d76b88b4568.jpg",
  "cardLink": null,
  "videoLink": null,
  "nutrition": [],
  "ingredients": [],
  "allergens": [],
  "utensils": [],
  "tags": [],
  "cuisines": [],
  "wines": [],
  "marketplaceItems": [],
  "author": null,
  "label": null,
  "yieldType": null,
  "yields": [],
  "steps": [],
  "averageRating": 3.8,
  "ratingsCount": 8,
  "favoritesCount": 20,
  "active": true,
  "highlighted": false,
  "isDinnerToLunch": false,
  "isExcludedFromIndex": false,
  "isPremium": false,
  "websiteUrl": "https://www.hellofresh.de/recipes/feines-beelitzer-spargel-risotto-534d62f1ff604d76b88b4568",
  "clonedFrom": null,
  "canonical": null,
  "canonicalLink": null
}
