{
  "country": "DE",
  "id": "534d61e0ff604d78b88b456a",
  "name": "Geschnetzeltes mit grünem Spargel",
  "seoName": null,
  "category": null,
  "slug": "geschnetzeltes-mit-grunem-spargel",
  "headline": "",
  "description": "",
  "descriptionHTML": "",
  "descriptionMarkdown": "",
  "seoDescription": null,
  "comment": null,
  "difficulty": 0,
  "prepTime": "PT25M",
  "totalTime": null,
  "servingSize": 0,
  "createdAt": "2014-04-15T16:44:16+00:00",
  "updatedAt": "2016-04-17T19:01:01+00:00",
  "link": "https://hellofresh.com/recipes/534d61e0ff604d78b88b456a",
  "imageLink": "https://d3hvwccx09j84u.cloudfront.net/0,0/image/534d61e0ff604d78b88b456a.jpg",
  "cardLink": null,
  "videoLink": null,
  "nutrition": [],
  "ingredients": [],
  "allergens": [],
  "utensils": [],
  "tags": [],
  "cuisines": [],
  "wines": [],
  "marketplaceItems": [],
  "author": null,
  "label": null,
  "yieldType": null,
  "yields": [],
  "steps": [],
  "averageRating": 3.7,
  "ratingsCount": 6,
  "favoritesCount": 71,
  "active": true,
  "highlighted": false,
  "isDinnerToLunch": false,
  "isExcludedFromIndex": false,
  "isPremium": false,
  "websiteUrl": "https://www.hellofresh.de/recipes/geschnetzeltes-mit-grunem-spargel-534d61e0ff604d78b88b456a",
  "clonedFrom": null,
  "canonical": null,
  "canonicalLink": null
}
