{
  "country": "DE",
  "id": "534d5b5aff604d82b88b4567",
  "name": "Hähnchenfilet mit feiner Basilikum-Mozzarella-Haube",
  "seoName": null,
  "category": null,
  "slug": "hahnchenfilet-mit-feiner-basilikum-mozzarella-haube",
  "headline": "serviert mit Drillingen und Kirschtomaten vom Blech",
  "description": "",
  "descriptionHTML": "",
  "descriptionMarkdown": "",
  "seoDescription": null,
  "comment": null,
  "difficulty": 2,
  "prepTime": "PT35M",
  "totalTime": null,
  "servingSize": 0,
  "createdAt": "2014-04-15T16:16:26+00:00",
  "updatedAt": "2016-01-30T14:41:31+00:00",
  "link": "https://hellofresh.com/recipes/534d5b5aff604d82b88b4567",
  "imageLink": "https://d3hvwccx09j84u.cloudfront.net/0,0/image/534d5b5aff604d82b88b4567.jpg",
  "cardLink": null,
  "videoLink": null,
  "nutrition": [],
  "ingredients": [],
  "allergens": [],
  "utensils": [],
  "tags": [],
  "cuisines": [],
  "wines": [],
  "marketplaceItems": [],
  "author": null,
  "label": null,
  "yieldType": null,
  "yields": [],
  "steps": [],
  "averageRating": 3.6,
  "ratingsCount": 25,
  "favoritesCount": 87,
  "active": true,
  "highlighted": false,
  "isDinnerToLunch": false,
  "isExcludedFromIndex": false,
  "isPremium": false,
  "websiteUrl": "https://www.hellofresh.de/recipes/hahnchenfilet-mit-feiner-basilikum-mozzarella-haube-534d5b5aff604d82b88b4567",
  "clonedFrom": null,
  "canonical": "534d5b5aff604d82b88b4567",
  "canonicalLink": "https://www.hellofresh.de/recipes/hahnchenfilet-mit-feiner-basilikum-mozzarella-haube-534d5b5aff604d82b88b4567"
}
