{
  "country": "DE",
  "id": "534d63fdff604d6fb88b456c",
  "name": "Rindfleisch-Wok mit Nudeln",
  "seoName": null,
  "category": null,
  "slug": "rindfleisch-wok-mit-nudeln",
  "headline": "",
  "description": "",
  "descriptionHTML": "",
  "descriptionMarkdown": "",
  "seoDescription": null,
  "comment": null,
  "difficulty": 0,
  "prepTime": "PT35M",
  "totalTime": null,
  "servingSize": 0,
  "createdAt": "2014-04-15T16:53:17+00:00",
  "updatedAt": "2016-01-24T15:21:25+00:00",
  "link": "https://hellofresh.com/recipes/534d63fdff604d6fb88b456c",
  "imageLink": "https://d3hvwccx09j84u.cloudfront.net/0,0/image/534d63fdff604d6fb88b456c.jpg",
  "cardLink": null,
  "videoLink": null,
  "nutrition": [],
  "ingredients": [],
  "allergens": [],
  "utensils": [],
  "tags": [],
  "cuisines": [],
  "wines": [],
  "marketplaceItems": [],
  "author": null,
  "label": null,
  "yieldType": null,
  "yields": [],
  "steps": [],
  "averageRating": 2.6,
  "ratingsCount": 8,
  "favoritesCount": 23,
  "active": false,
  "highlighted": false,
  "isDinnerToLunch": false,
  "isExcludedFromIndex": false,
  "isPremium": false,
  "websiteUrl": "https://www.hellofresh.de/recipes/rindfleisch-wok-mit-nudeln-534d63fdff604d6fb88b456c",
  "clonedFrom": null,
  "canonical": null,
  "canonicalLink": null
}
