{
  "country": "DE",
  "id": "534d6348ff604d7bb88b456b",
  "name": "Cremiges Kartoffelcurry mit Tomaten und Paprika ",
  "seoName": null,
  "category": null,
  "slug": "cremiges-kartoffelcurry-mit-tomaten-und-paprika",
  "headline": "verfeinert mit Sahnejoghurt, gewürzt mit Garam Masala, dazu Naan-Brot",
  "description": "",
  "descriptionHTML": "",
  "descriptionMarkdown": "",
  "seoDescription": null,
  "comment": null,
  "difficulty": 2,
  "prepTime": "PT35M",
  "totalTime": null,
  "servingSize": 0,
  "createdAt": "2014-04-15T16:50:16+00:00",
  "updatedAt": "2016-07-13T13:41:31+00:00",
  "link": "https://hellofresh.com/recipes/534d6348ff604d7bb88b456b",
  "imageLink": "https://d3hvwccx09j84u.cloudfront.net/0,0/image/534d6348ff604d7bb88b456b.jpg",
  "cardLink": null,
  "videoLink": null,
  "nutrition": [],
  "ingredients": [],
  "allergens": [],
  "utensils": [],
  "tags": [],
  "cuisines": [],
  "wines": [],
  "marketplaceItems": [],
  "author": null,
  "label": null,
  "yieldType": null,
  "yields": [],
  "steps": [],
  "averageRating": 3.3,
  "ratingsCount": 8,
  "favoritesCount": 17,
  "active": true,
  "highlighted": false,
  "isDinnerToLunch": false,
  "isExcludedFromIndex": false,
  "isPremium": false,
  "websiteUrl": "https://www.hellofresh.de/recipes/cremiges-kartoffelcurry-mit-tomaten-und-paprika-534d6348ff604d7bb88b456b",
  "clonedFrom": null,
  "canonical": null,
  "canonicalLink": null
}
