{
  "country": "DE",
  "id": "534d6001ff604d76b88b4567",
  "name": "Wild Wild West-Perlgraupensalat in  würziger TABASCO®-Vinaigrette",
  "seoName": null,
  "category": null,
  "slug": "wild-wild-west-perlgraupensalat-in-wurziger-tabasco-vinaigrette",
  "headline": "mit Feta, Zuckermais und Avocado, serviert mit Baglini ",
  "description": "",
  "descriptionHTML": "",
  "descriptionMarkdown": "",
  "seoDescription": null,
  "comment": null,
  "difficulty": 1,
  "prepTime": "PT30M",
  "totalTime": null,
  "servingSize": 0,
  "createdAt": "2014-04-15T16:36:17+00:00",
  "updatedAt": "2016-07-13T13:41:14+00:00",
  "link": "https://hellofresh.com/recipes/534d6001ff604d76b88b4567",
  "imageLink": "https://d3hvwccx09j84u.cloudfront.net/0,0/image/534d6001ff604d76b88b4567.jpg",
  "cardLink": null,
  "videoLink": null,
  "nutrition": [],
  "ingredients": [],
  "allergens": [],
  "utensils": [],
  "tags": [],
  "cuisines": [],
  "wines": [],
  "marketplaceItems": [],
  "author": null,
  "label": null,
  "yieldType": null,
  "yields": [],
  "steps": [],
  "averageRating": 3.1,
  "ratingsCount": 14,
  "favoritesCount": 33,
  "active": true,
  "highlighted": false,
  "isDinnerToLunch": false,
  "isExcludedFromIndex": false,
  "isPremium": false,
  "websiteUrl": "https://www.hellofresh.de/recipes/wild-wild-west-perlgraupensalat-in-wurziger-tabasco-vinaigrette-534d6001ff604d76b88b4567",
  "clonedFrom": null,
  "canonical": null,
  "canonicalLink": null
}
