{
  "country": "DE",
  "id": "534d60fbff604d83b88b456b",
  "name": "Cremige Karotten-Bohnen-Reisnudelpfanne",
  "seoName": null,
  "category": null,
  "slug": "cremige-karotten-bohnen-reisnudelpfanne",
  "headline": "in pikanter Kokosmilchsoße, garniert mit Koriander und gerösteten Cashewkernen",
  "description": "",
  "descriptionHTML": "",
  "descriptionMarkdown": "",
  "seoDescription": null,
  "comment": null,
  "difficulty": 2,
  "prepTime": "PT30M",
  "totalTime": null,
  "servingSize": 0,
  "createdAt": "2014-04-15T16:40:27+00:00",
  "updatedAt": "2015-08-27T14:23:21+00:00",
  "link": "https://hellofresh.com/recipes/534d60fbff604d83b88b456b",
  "imageLink": "https://d3hvwccx09j84u.cloudfront.net/0,0/image/534d60fbff604d83b88b456b.jpg",
  "cardLink": null,
  "videoLink": null,
  "nutrition": [],
  "ingredients": [],
  "allergens": [],
  "utensils": [],
  "tags": [],
  "cuisines": [],
  "wines": [],
  "marketplaceItems": [],
  "author": null,
  "label": null,
  "yieldType": null,
  "yields": [],
  "steps": [],
  "averageRating": 2.9,
  "ratingsCount": 9,
  "favoritesCount": 13,
  "active": true,
  "highlighted": false,
  "isDinnerToLunch": false,
  "isExcludedFromIndex": false,
  "isPremium": false,
  "websiteUrl": "https://www.hellofresh.de/recipes/cremige-karotten-bohnen-reisnudelpfanne-534d60fbff604d83b88b456b",
  "clonedFrom": null,
  "canonical": null,
  "canonicalLink": null
}
