{
  "country": "DE",
  "id": "534d5f59ff604d83b88b456a",
  "name": " Schweinefilet Medaillons in feiner Porree-Estragon-Crème fraîche-Soße",
  "seoName": null,
  "category": null,
  "slug": "schweinefilet-medaillons-in-feiner-porree-estragon-creme-fraiche-sosze",
  "headline": "dazu gedünstete Drillinge",
  "description": "",
  "descriptionHTML": "",
  "descriptionMarkdown": "",
  "seoDescription": null,
  "comment": null,
  "difficulty": 1,
  "prepTime": "PT35M",
  "totalTime": null,
  "servingSize": 0,
  "createdAt": "2014-04-15T16:33:29+00:00",
  "updatedAt": "2016-04-18T23:15:48+00:00",
  "link": "https://hellofresh.com/recipes/534d5f59ff604d83b88b456a",
  "imageLink": "https://d3hvwccx09j84u.cloudfront.net/0,0/image/534d5f59ff604d83b88b456a.jpg",
  "cardLink": null,
  "videoLink": null,
  "nutrition": [],
  "ingredients": [],
  "allergens": [],
  "utensils": [],
  "tags": [],
  "cuisines": [],
  "wines": [],
  "marketplaceItems": [],
  "author": null,
  "label": null,
  "yieldType": null,
  "yields": [],
  "steps": [],
  "averageRating": 3.8,
  "ratingsCount": 28,
  "favoritesCount": 70,
  "active": true,
  "highlighted": false,
  "isDinnerToLunch": false,
  "isExcludedFromIndex": false,
  "isPremium": false,
  "websiteUrl": "https://www.hellofresh.de/recipes/schweinefilet-medaillons-in-feiner-porree-estragon-creme-fraiche-sosze-534d5f59ff604d83b88b456a",
  "clonedFrom": null,
  "canonical": null,
  "canonicalLink": null
}
