{
  "country": "DE",
  "id": "535a92a1ff604d6db88b456a",
  "name": "Steakpfanne mit Gemüse",
  "seoName": null,
  "category": null,
  "slug": "steakpfanne-mit-gemuse",
  "headline": "",
  "description": "",
  "descriptionHTML": "",
  "descriptionMarkdown": "",
  "seoDescription": null,
  "comment": null,
  "difficulty": 0,
  "prepTime": "PT30M",
  "totalTime": null,
  "servingSize": 0,
  "createdAt": "2014-04-25T16:51:45+00:00",
  "updatedAt": "2016-01-07T20:41:04+00:00",
  "link": "https://hellofresh.com/recipes/535a92a1ff604d6db88b456a",
  "imageLink": "https://d3hvwccx09j84u.cloudfront.net/0,0/image/535a92a1ff604d6db88b456a.jpg",
  "cardLink": null,
  "videoLink": null,
  "nutrition": [],
  "ingredients": [],
  "allergens": [],
  "utensils": [],
  "tags": [],
  "cuisines": [],
  "wines": [],
  "marketplaceItems": [],
  "author": null,
  "label": null,
  "yieldType": null,
  "yields": [],
  "steps": [],
  "averageRating": 2.6,
  "ratingsCount": 7,
  "favoritesCount": 24,
  "active": true,
  "highlighted": false,
  "isDinnerToLunch": false,
  "isExcludedFromIndex": false,
  "isPremium": false,
  "websiteUrl": "https://www.hellofresh.de/recipes/steakpfanne-mit-gemuse-535a92a1ff604d6db88b456a",
  "clonedFrom": null,
  "canonical": null,
  "canonicalLink": null
}
