{
  "country": "DE",
  "id": "535a933dff604d66b88b456e",
  "name": "Minestrone mit Hähnchen",
  "seoName": null,
  "category": null,
  "slug": "minestrone-mit-hahnchen",
  "headline": "",
  "description": "",
  "descriptionHTML": "",
  "descriptionMarkdown": "",
  "seoDescription": null,
  "comment": null,
  "difficulty": 0,
  "prepTime": "PT40M",
  "totalTime": null,
  "servingSize": 0,
  "createdAt": "2014-04-25T16:54:21+00:00",
  "updatedAt": "2016-01-24T15:28:53+00:00",
  "link": "https://hellofresh.com/recipes/535a933dff604d66b88b456e",
  "imageLink": "https://d3hvwccx09j84u.cloudfront.net/0,0/image/535a933dff604d66b88b456e.jpg",
  "cardLink": null,
  "videoLink": null,
  "nutrition": [],
  "ingredients": [],
  "allergens": [],
  "utensils": [],
  "tags": [],
  "cuisines": [],
  "wines": [],
  "marketplaceItems": [],
  "author": null,
  "label": null,
  "yieldType": null,
  "yields": [],
  "steps": [],
  "averageRating": 3.7,
  "ratingsCount": 3,
  "favoritesCount": 18,
  "active": true,
  "highlighted": false,
  "isDinnerToLunch": false,
  "isExcludedFromIndex": false,
  "isPremium": false,
  "websiteUrl": "https://www.hellofresh.de/recipes/minestrone-mit-hahnchen-535a933dff604d66b88b456e",
  "clonedFrom": null,
  "canonical": null,
  "canonicalLink": null
}
