{
  "country": "DE",
  "id": "535a9197ff604d6ab88b456d",
  "name": "Steak mit Balkangemüse",
  "seoName": null,
  "category": null,
  "slug": "steak-mit-balkangemuse",
  "headline": "",
  "description": "",
  "descriptionHTML": "",
  "descriptionMarkdown": "",
  "seoDescription": null,
  "comment": null,
  "difficulty": 0,
  "prepTime": "PT30M",
  "totalTime": null,
  "servingSize": 0,
  "createdAt": "2014-04-25T16:47:19+00:00",
  "updatedAt": "2016-01-07T20:41:00+00:00",
  "link": "https://hellofresh.com/recipes/535a9197ff604d6ab88b456d",
  "imageLink": "https://d3hvwccx09j84u.cloudfront.net/0,0/image/535a9197ff604d6ab88b456d.jpg",
  "cardLink": null,
  "videoLink": null,
  "nutrition": [],
  "ingredients": [],
  "allergens": [],
  "utensils": [],
  "tags": [],
  "cuisines": [],
  "wines": [],
  "marketplaceItems": [],
  "author": null,
  "label": null,
  "yieldType": null,
  "yields": [],
  "steps": [],
  "averageRating": 3.5,
  "ratingsCount": 4,
  "favoritesCount": 38,
  "active": true,
  "highlighted": false,
  "isDinnerToLunch": false,
  "isExcludedFromIndex": false,
  "isPremium": false,
  "websiteUrl": "https://www.hellofresh.de/recipes/steak-mit-balkangemuse-535a9197ff604d6ab88b456d",
  "clonedFrom": null,
  "canonical": null,
  "canonicalLink": null
}
