{
  "country": "DE",
  "id": "535a9175ff604d66b88b456d",
  "name": "Gemüsenudeln mit Pute ",
  "seoName": null,
  "category": null,
  "slug": "gemusenudeln-mit-pute",
  "headline": "",
  "description": "",
  "descriptionHTML": "",
  "descriptionMarkdown": "",
  "seoDescription": null,
  "comment": null,
  "difficulty": 0,
  "prepTime": "",
  "totalTime": null,
  "servingSize": 0,
  "createdAt": "2014-04-25T16:46:45+00:00",
  "updatedAt": "2015-07-03T17:30:09+00:00",
  "link": "https://hellofresh.com/recipes/535a9175ff604d66b88b456d",
  "imageLink": "https://d3hvwccx09j84u.cloudfront.net/0,0/image/535a9175ff604d66b88b456d.jpg",
  "cardLink": null,
  "videoLink": null,
  "nutrition": [],
  "ingredients": [],
  "allergens": [],
  "utensils": [],
  "tags": [],
  "cuisines": [],
  "wines": [],
  "marketplaceItems": [],
  "author": null,
  "label": null,
  "yieldType": null,
  "yields": [],
  "steps": [],
  "averageRating": null,
  "ratingsCount": null,
  "favoritesCount": 1,
  "active": true,
  "highlighted": false,
  "isDinnerToLunch": false,
  "isExcludedFromIndex": false,
  "isPremium": false,
  "websiteUrl": "https://www.hellofresh.de/recipes/gemusenudeln-mit-pute-535a9175ff604d66b88b456d",
  "clonedFrom": null,
  "canonical": null,
  "canonicalLink": null
}
