{
  "country": "DE",
  "id": "535a91c6ff604d73b88b4570",
  "name": "Gemüse-Wok „süß-sauer“",
  "seoName": null,
  "category": null,
  "slug": "gemuse-wok-susz-sauer",
  "headline": "",
  "description": "",
  "descriptionHTML": "",
  "descriptionMarkdown": "",
  "seoDescription": null,
  "comment": null,
  "difficulty": 0,
  "prepTime": "PT35M",
  "totalTime": null,
  "servingSize": 0,
  "createdAt": "2014-04-25T16:48:06+00:00",
  "updatedAt": "2016-01-19T23:40:50+00:00",
  "link": "https://hellofresh.com/recipes/535a91c6ff604d73b88b4570",
  "imageLink": "https://d3hvwccx09j84u.cloudfront.net/0,0/image/535a91c6ff604d73b88b4570.jpg",
  "cardLink": null,
  "videoLink": null,
  "nutrition": [],
  "ingredients": [],
  "allergens": [],
  "utensils": [],
  "tags": [],
  "cuisines": [],
  "wines": [],
  "marketplaceItems": [],
  "author": null,
  "label": null,
  "yieldType": null,
  "yields": [],
  "steps": [],
  "averageRating": 3.5,
  "ratingsCount": 4,
  "favoritesCount": 35,
  "active": true,
  "highlighted": false,
  "isDinnerToLunch": false,
  "isExcludedFromIndex": false,
  "isPremium": false,
  "websiteUrl": "https://www.hellofresh.de/recipes/gemuse-wok-susz-sauer-535a91c6ff604d73b88b4570",
  "clonedFrom": null,
  "canonical": null,
  "canonicalLink": null
}
