{
  "country": "DE",
  "id": "535a9362ff604d6ab88b456f",
  "name": "Saltimbocca mit Champignons",
  "seoName": null,
  "category": null,
  "slug": "saltimbocca-mit-champignons",
  "headline": "",
  "description": "",
  "descriptionHTML": "",
  "descriptionMarkdown": "",
  "seoDescription": null,
  "comment": null,
  "difficulty": 0,
  "prepTime": "PT30M",
  "totalTime": null,
  "servingSize": 0,
  "createdAt": "2014-04-25T16:54:58+00:00",
  "updatedAt": "2016-01-07T20:41:14+00:00",
  "link": "https://hellofresh.com/recipes/535a9362ff604d6ab88b456f",
  "imageLink": "https://d3hvwccx09j84u.cloudfront.net/0,0/image/535a9362ff604d6ab88b456f.jpg",
  "cardLink": null,
  "videoLink": null,
  "nutrition": [],
  "ingredients": [],
  "allergens": [],
  "utensils": [],
  "tags": [],
  "cuisines": [],
  "wines": [],
  "marketplaceItems": [],
  "author": null,
  "label": null,
  "yieldType": null,
  "yields": [],
  "steps": [],
  "averageRating": 3.5,
  "ratingsCount": 2,
  "favoritesCount": 23,
  "active": true,
  "highlighted": false,
  "isDinnerToLunch": false,
  "isExcludedFromIndex": false,
  "isPremium": false,
  "websiteUrl": "https://www.hellofresh.de/recipes/saltimbocca-mit-champignons-535a9362ff604d6ab88b456f",
  "clonedFrom": null,
  "canonical": null,
  "canonicalLink": null
}
