{
  "country": "DE",
  "id": "535a9383ff604d71b88b4569",
  "name": "Zitronen-Couscous mit Gemüse",
  "seoName": null,
  "category": null,
  "slug": "zitronen-couscous-mit-gemuse",
  "headline": "",
  "description": "",
  "descriptionHTML": "",
  "descriptionMarkdown": "",
  "seoDescription": null,
  "comment": null,
  "difficulty": 0,
  "prepTime": "",
  "totalTime": null,
  "servingSize": 0,
  "createdAt": "2014-04-25T16:55:31+00:00",
  "updatedAt": "2016-05-17T18:39:18+00:00",
  "link": "https://hellofresh.com/recipes/535a9383ff604d71b88b4569",
  "imageLink": "https://d3hvwccx09j84u.cloudfront.net/0,0/image/535a9383ff604d71b88b4569.jpg",
  "cardLink": null,
  "videoLink": null,
  "nutrition": [],
  "ingredients": [],
  "allergens": [],
  "utensils": [],
  "tags": [],
  "cuisines": [],
  "wines": [],
  "marketplaceItems": [],
  "author": null,
  "label": null,
  "yieldType": null,
  "yields": [],
  "steps": [],
  "averageRating": 3.5,
  "ratingsCount": 2,
  "favoritesCount": 18,
  "active": true,
  "highlighted": false,
  "isDinnerToLunch": false,
  "isExcludedFromIndex": false,
  "isPremium": false,
  "websiteUrl": "https://www.hellofresh.de/recipes/zitronen-couscous-mit-gemuse-535a9383ff604d71b88b4569",
  "clonedFrom": null,
  "canonical": null,
  "canonicalLink": null
}
