{
  "country": "DE",
  "id": "535a92c7ff604d73b88b4571",
  "name": "Spaghettini mit Chili-Champignons",
  "seoName": null,
  "category": null,
  "slug": "spaghettini-mit-chili-champignons",
  "headline": "",
  "description": "",
  "descriptionHTML": "",
  "descriptionMarkdown": "",
  "seoDescription": null,
  "comment": null,
  "difficulty": 0,
  "prepTime": "PT25M",
  "totalTime": null,
  "servingSize": 0,
  "createdAt": "2014-04-25T16:52:23+00:00",
  "updatedAt": "2016-02-04T21:12:22+00:00",
  "link": "https://hellofresh.com/recipes/535a92c7ff604d73b88b4571",
  "imageLink": "https://d3hvwccx09j84u.cloudfront.net/0,0/image/535a92c7ff604d73b88b4571.jpg",
  "cardLink": null,
  "videoLink": null,
  "nutrition": [],
  "ingredients": [],
  "allergens": [],
  "utensils": [],
  "tags": [],
  "cuisines": [],
  "wines": [],
  "marketplaceItems": [],
  "author": null,
  "label": null,
  "yieldType": null,
  "yields": [],
  "steps": [],
  "averageRating": 3.8,
  "ratingsCount": 4,
  "favoritesCount": 43,
  "active": true,
  "highlighted": false,
  "isDinnerToLunch": false,
  "isExcludedFromIndex": false,
  "isPremium": false,
  "websiteUrl": "https://www.hellofresh.de/recipes/spaghettini-mit-chili-champignons-535a92c7ff604d73b88b4571",
  "clonedFrom": null,
  "canonical": null,
  "canonicalLink": null
}
