{
  "country": "DE",
  "id": "53675b78ff604d54078b4567",
  "name": "Gebratene Käsespätzle all‘ Italiana",
  "seoName": null,
  "category": null,
  "slug": "gebratene-kasespatzle-all-italiana",
  "headline": "mit Mozzarella, Tomate, Pinienkernen und  frischem Basilikum",
  "description": "",
  "descriptionHTML": "",
  "descriptionMarkdown": "",
  "seoDescription": null,
  "comment": null,
  "difficulty": 0,
  "prepTime": "",
  "totalTime": null,
  "servingSize": 0,
  "createdAt": "2014-05-05T09:35:52+00:00",
  "updatedAt": "2015-01-23T13:13:43+00:00",
  "link": "https://hellofresh.com/recipes/53675b78ff604d54078b4567",
  "imageLink": "https://d3hvwccx09j84u.cloudfront.net/0,0/image/53675b78ff604d54078b4567.jpg",
  "cardLink": null,
  "videoLink": null,
  "nutrition": [],
  "ingredients": [],
  "allergens": [],
  "utensils": [],
  "tags": [],
  "cuisines": [],
  "wines": [],
  "marketplaceItems": [],
  "author": null,
  "label": null,
  "yieldType": null,
  "yields": [],
  "steps": [],
  "averageRating": 4,
  "ratingsCount": 1,
  "favoritesCount": 0,
  "active": true,
  "highlighted": false,
  "isDinnerToLunch": false,
  "isExcludedFromIndex": false,
  "isPremium": false,
  "websiteUrl": "https://www.hellofresh.de/recipes/gebratene-kasespatzle-all-italiana-53675b78ff604d54078b4567",
  "clonedFrom": null,
  "canonical": null,
  "canonicalLink": null
}
