{
  "country": "DE",
  "id": "53675bd9ff604dca608b4567",
  "name": "Cremiger Tricolor-Reis-Auflauf ",
  "seoName": null,
  "category": null,
  "slug": "cremiger-tricolor-reis-auflauf",
  "headline": "mit Champignons, Schmand und Cheddar, dazu grüner Salat",
  "description": "",
  "descriptionHTML": "",
  "descriptionMarkdown": "",
  "seoDescription": null,
  "comment": null,
  "difficulty": 0,
  "prepTime": "",
  "totalTime": null,
  "servingSize": 0,
  "createdAt": "2014-05-05T09:37:29+00:00",
  "updatedAt": "2014-05-05T09:37:29+00:00",
  "link": "https://hellofresh.com/recipes/53675bd9ff604dca608b4567",
  "imageLink": "https://d3hvwccx09j84u.cloudfront.net/0,0/image/53675bd9ff604dca608b4567.jpg",
  "cardLink": null,
  "videoLink": null,
  "nutrition": [],
  "ingredients": [],
  "allergens": [],
  "utensils": [],
  "tags": [],
  "cuisines": [],
  "wines": [],
  "marketplaceItems": [],
  "author": null,
  "label": null,
  "yieldType": null,
  "yields": [],
  "steps": [],
  "averageRating": null,
  "ratingsCount": null,
  "favoritesCount": null,
  "active": false,
  "highlighted": false,
  "isDinnerToLunch": false,
  "isExcludedFromIndex": false,
  "isPremium": false,
  "websiteUrl": "https://www.hellofresh.de/recipes/cremiger-tricolor-reis-auflauf-53675bd9ff604dca608b4567",
  "clonedFrom": null,
  "canonical": null,
  "canonicalLink": null
}
