{
  "country": "DE",
  "id": "53674f95ff604dd5b68b4567",
  "name": "Unser Veggie „Caesar Salat“",
  "seoName": null,
  "category": null,
  "slug": "unser-veggie-caesar-salat",
  "headline": "mit Kartoffel Croutons, Avocado und paniertem Feta in feinem Thymian-Pecorino Dressing ",
  "description": "",
  "descriptionHTML": "",
  "descriptionMarkdown": "",
  "seoDescription": null,
  "comment": null,
  "difficulty": 0,
  "prepTime": "",
  "totalTime": null,
  "servingSize": 0,
  "createdAt": "2014-05-05T08:45:09+00:00",
  "updatedAt": "2015-05-26T18:40:03+00:00",
  "link": "https://hellofresh.com/recipes/53674f95ff604dd5b68b4567",
  "imageLink": "https://d3hvwccx09j84u.cloudfront.net/0,0/image/53674f95ff604dd5b68b4567.jpg",
  "cardLink": null,
  "videoLink": null,
  "nutrition": [],
  "ingredients": [],
  "allergens": [],
  "utensils": [],
  "tags": [],
  "cuisines": [],
  "wines": [],
  "marketplaceItems": [],
  "author": null,
  "label": null,
  "yieldType": null,
  "yields": [],
  "steps": [],
  "averageRating": null,
  "ratingsCount": null,
  "favoritesCount": 3,
  "active": true,
  "highlighted": false,
  "isDinnerToLunch": false,
  "isExcludedFromIndex": false,
  "isPremium": false,
  "websiteUrl": "https://www.hellofresh.de/recipes/unser-veggie-caesar-salat-53674f95ff604dd5b68b4567",
  "clonedFrom": null,
  "canonical": null,
  "canonicalLink": null
}
