{
  "country": "DE",
  "id": "53675b14ff604ddcb68b4567",
  "name": "Japanische Rindfleisch-Nudelpfanne  „Teriyaki“",
  "seoName": null,
  "category": null,
  "slug": "japanische-rindfleisch-nudelpfanne-teriyaki",
  "headline": "mit Mie-Nudeln und Pak Choi, garniert mit  Frühlingszwiebeln und Chili",
  "description": "",
  "descriptionHTML": "",
  "descriptionMarkdown": "",
  "seoDescription": null,
  "comment": null,
  "difficulty": 0,
  "prepTime": "",
  "totalTime": null,
  "servingSize": 0,
  "createdAt": "2014-05-05T09:34:12+00:00",
  "updatedAt": "2014-05-05T09:34:12+00:00",
  "link": "https://hellofresh.com/recipes/53675b14ff604ddcb68b4567",
  "imageLink": "https://d3hvwccx09j84u.cloudfront.net/0,0/image/53675b14ff604ddcb68b4567.jpg",
  "cardLink": null,
  "videoLink": null,
  "nutrition": [],
  "ingredients": [],
  "allergens": [],
  "utensils": [],
  "tags": [],
  "cuisines": [],
  "wines": [],
  "marketplaceItems": [],
  "author": null,
  "label": null,
  "yieldType": null,
  "yields": [],
  "steps": [],
  "averageRating": null,
  "ratingsCount": null,
  "favoritesCount": null,
  "active": false,
  "highlighted": false,
  "isDinnerToLunch": false,
  "isExcludedFromIndex": false,
  "isPremium": false,
  "websiteUrl": "https://www.hellofresh.de/recipes/japanische-rindfleisch-nudelpfanne-teriyaki-53675b14ff604ddcb68b4567",
  "clonedFrom": null,
  "canonical": null,
  "canonicalLink": null
}
