{
  "country": "DE",
  "id": "53674e0eff604d182b8b4567",
  "name": "Tagliatelle Verde in feiner Kohlrabi- Mascarpone-Soße",
  "seoName": null,
  "category": null,
  "slug": "tagliatelle-verde-in-feiner-kohlrabi-mascarpone-sosze",
  "headline": "verfeinert mit Chiliflocken, frisch geriebenem  Parmesan und Kerbelkraut",
  "description": "",
  "descriptionHTML": "",
  "descriptionMarkdown": "",
  "seoDescription": null,
  "comment": null,
  "difficulty": 1,
  "prepTime": "PT30M",
  "totalTime": null,
  "servingSize": 0,
  "createdAt": "2014-05-05T08:38:38+00:00",
  "updatedAt": "2016-07-13T13:41:34+00:00",
  "link": "https://hellofresh.com/recipes/53674e0eff604d182b8b4567",
  "imageLink": "https://d3hvwccx09j84u.cloudfront.net/0,0/image/53674e0eff604d182b8b4567.jpg",
  "cardLink": null,
  "videoLink": null,
  "nutrition": [],
  "ingredients": [],
  "allergens": [],
  "utensils": [],
  "tags": [],
  "cuisines": [],
  "wines": [],
  "marketplaceItems": [],
  "author": null,
  "label": null,
  "yieldType": null,
  "yields": [],
  "steps": [],
  "averageRating": 3.7,
  "ratingsCount": 7,
  "favoritesCount": 42,
  "active": true,
  "highlighted": false,
  "isDinnerToLunch": false,
  "isExcludedFromIndex": false,
  "isPremium": false,
  "websiteUrl": "https://www.hellofresh.de/recipes/tagliatelle-verde-in-feiner-kohlrabi-mascarpone-sosze-53674e0eff604d182b8b4567",
  "clonedFrom": null,
  "canonical": null,
  "canonicalLink": null
}
