{
  "country": "DE",
  "id": "53674ec3ff604dcd608b4567",
  "name": "Couscous “Jumble Americana”",
  "seoName": null,
  "category": null,
  "slug": "couscous-jumble-americana",
  "headline": "mit Bacon, Avocado und Zuckermais in feiner Vinaigrette",
  "description": "",
  "descriptionHTML": "",
  "descriptionMarkdown": "",
  "seoDescription": null,
  "comment": null,
  "difficulty": 1,
  "prepTime": "PT30M",
  "totalTime": null,
  "servingSize": 0,
  "createdAt": "2014-05-05T08:41:39+00:00",
  "updatedAt": "2016-04-30T07:32:02+00:00",
  "link": "https://hellofresh.com/recipes/53674ec3ff604dcd608b4567",
  "imageLink": "https://d3hvwccx09j84u.cloudfront.net/0,0/image/53674ec3ff604dcd608b4567.jpg",
  "cardLink": null,
  "videoLink": null,
  "nutrition": [],
  "ingredients": [],
  "allergens": [],
  "utensils": [],
  "tags": [],
  "cuisines": [],
  "wines": [],
  "marketplaceItems": [],
  "author": null,
  "label": null,
  "yieldType": null,
  "yields": [],
  "steps": [],
  "averageRating": 3.8,
  "ratingsCount": 4,
  "favoritesCount": 31,
  "active": true,
  "highlighted": false,
  "isDinnerToLunch": false,
  "isExcludedFromIndex": false,
  "isPremium": false,
  "websiteUrl": "https://www.hellofresh.de/recipes/couscous-jumble-americana-53674ec3ff604dcd608b4567",
  "clonedFrom": null,
  "canonical": null,
  "canonicalLink": null
}
