{
  "country": "DE",
  "id": "53674e4bff604dcb608b4567",
  "name": "Ciabatta-Pizza „Ticino“",
  "seoName": null,
  "category": null,
  "slug": "ciabatta-pizza-ticino",
  "headline": "mit Mozzarella und frischem Basilikum,  dazu Rucola-Salat",
  "description": "",
  "descriptionHTML": "",
  "descriptionMarkdown": "",
  "seoDescription": null,
  "comment": null,
  "difficulty": 1,
  "prepTime": "PT35M",
  "totalTime": null,
  "servingSize": 0,
  "createdAt": "2014-05-05T08:39:39+00:00",
  "updatedAt": "2016-01-28T01:03:00+00:00",
  "link": "https://hellofresh.com/recipes/53674e4bff604dcb608b4567",
  "imageLink": "https://d3hvwccx09j84u.cloudfront.net/0,0/image/53674e4bff604dcb608b4567.jpg",
  "cardLink": null,
  "videoLink": null,
  "nutrition": [],
  "ingredients": [],
  "allergens": [],
  "utensils": [],
  "tags": [],
  "cuisines": [],
  "wines": [],
  "marketplaceItems": [],
  "author": null,
  "label": null,
  "yieldType": null,
  "yields": [],
  "steps": [],
  "averageRating": 3.3,
  "ratingsCount": 3,
  "favoritesCount": 26,
  "active": true,
  "highlighted": false,
  "isDinnerToLunch": false,
  "isExcludedFromIndex": false,
  "isPremium": false,
  "websiteUrl": "https://www.hellofresh.de/recipes/ciabatta-pizza-ticino-53674e4bff604dcb608b4567",
  "clonedFrom": null,
  "canonical": null,
  "canonicalLink": null
}
