{
  "country": "DE",
  "id": "53675097ff604ddbb68b4567",
  "name": "Pikant gebratener „Fried Rice“",
  "seoName": null,
  "category": null,
  "slug": "pikant-gebratener-fried-rice",
  "headline": "mit Brokkoli, Paprika und Karotten, garniert  mit Frühlingszwiebeln",
  "description": "",
  "descriptionHTML": "",
  "descriptionMarkdown": "",
  "seoDescription": null,
  "comment": null,
  "difficulty": 2,
  "prepTime": "PT35M",
  "totalTime": null,
  "servingSize": 0,
  "createdAt": "2014-05-05T08:49:27+00:00",
  "updatedAt": "2016-07-13T13:41:44+00:00",
  "link": "https://hellofresh.com/recipes/53675097ff604ddbb68b4567",
  "imageLink": "https://d3hvwccx09j84u.cloudfront.net/0,0/image/53675097ff604ddbb68b4567.jpg",
  "cardLink": null,
  "videoLink": null,
  "nutrition": [],
  "ingredients": [],
  "allergens": [],
  "utensils": [],
  "tags": [],
  "cuisines": [],
  "wines": [],
  "marketplaceItems": [],
  "author": null,
  "label": null,
  "yieldType": null,
  "yields": [],
  "steps": [],
  "averageRating": 2,
  "ratingsCount": 1,
  "favoritesCount": 5,
  "active": true,
  "highlighted": false,
  "isDinnerToLunch": false,
  "isExcludedFromIndex": false,
  "isPremium": false,
  "websiteUrl": "https://www.hellofresh.de/recipes/pikant-gebratener-fried-rice-53675097ff604ddbb68b4567",
  "clonedFrom": null,
  "canonical": null,
  "canonicalLink": null
}
