{
  "country": "DE",
  "id": "53674cb8ff604ddab68b4567",
  "name": "Schnitzel „au Natural“ ",
  "seoName": null,
  "category": null,
  "slug": "schnitzel-au-natural",
  "headline": "mit cremigem Radieschen-Drilling-Kartoffelsalat  und grünen Bohnen",
  "description": "",
  "descriptionHTML": "",
  "descriptionMarkdown": "",
  "seoDescription": null,
  "comment": null,
  "difficulty": 1,
  "prepTime": "PT35M",
  "totalTime": null,
  "servingSize": 0,
  "createdAt": "2014-05-05T08:32:56+00:00",
  "updatedAt": "2016-03-14T13:20:27+00:00",
  "link": "https://hellofresh.com/recipes/53674cb8ff604ddab68b4567",
  "imageLink": "https://d3hvwccx09j84u.cloudfront.net/0,0/image/53674cb8ff604ddab68b4567.jpg",
  "cardLink": null,
  "videoLink": null,
  "nutrition": [],
  "ingredients": [],
  "allergens": [],
  "utensils": [],
  "tags": [],
  "cuisines": [],
  "wines": [],
  "marketplaceItems": [],
  "author": null,
  "label": null,
  "yieldType": null,
  "yields": [],
  "steps": [],
  "averageRating": 3.4,
  "ratingsCount": 5,
  "favoritesCount": 38,
  "active": true,
  "highlighted": false,
  "isDinnerToLunch": false,
  "isExcludedFromIndex": false,
  "isPremium": false,
  "websiteUrl": "https://www.hellofresh.de/recipes/schnitzel-au-natural-53674cb8ff604ddab68b4567",
  "clonedFrom": null,
  "canonical": null,
  "canonicalLink": null
}
