{
  "country": "DE",
  "id": "53674d0eff604dddb68b4567",
  "name": "Putenbrust „Musakahn“ auf fluffigem Basmatireis",
  "seoName": null,
  "category": null,
  "slug": "putenbrust-musakahn-auf-fluffigem-basmatireis",
  "headline": "mit Brokkoli und Knoblauch-Petersilie Joghurt garniert mit Pistazien",
  "description": "",
  "descriptionHTML": "",
  "descriptionMarkdown": "",
  "seoDescription": null,
  "comment": null,
  "difficulty": 1,
  "prepTime": "PT40M",
  "totalTime": null,
  "servingSize": 0,
  "createdAt": "2014-05-05T08:34:22+00:00",
  "updatedAt": "2016-06-07T09:25:04+00:00",
  "link": "https://hellofresh.com/recipes/53674d0eff604dddb68b4567",
  "imageLink": "https://d3hvwccx09j84u.cloudfront.net/0,0/image/53674d0eff604dddb68b4567.jpg",
  "cardLink": null,
  "videoLink": null,
  "nutrition": [],
  "ingredients": [],
  "allergens": [],
  "utensils": [],
  "tags": [],
  "cuisines": [],
  "wines": [],
  "marketplaceItems": [],
  "author": null,
  "label": null,
  "yieldType": null,
  "yields": [],
  "steps": [],
  "averageRating": 3.5,
  "ratingsCount": 2,
  "favoritesCount": 26,
  "active": true,
  "highlighted": false,
  "isDinnerToLunch": false,
  "isExcludedFromIndex": false,
  "isPremium": false,
  "websiteUrl": "https://www.hellofresh.de/recipes/putenbrust-musakahn-auf-fluffigem-basmatireis-53674d0eff604dddb68b4567",
  "clonedFrom": null,
  "canonical": null,
  "canonicalLink": null
}
