{
  "country": "DE",
  "id": "53675042ff604dd8b68b4568",
  "name": "Mexikanische Schwarze Bohnen Suppe",
  "seoName": null,
  "category": null,
  "slug": "mexikanische-schwarze-bohnen-suppe",
  "headline": "mit grüner Paprika, selbstgemachten Tortilla-Chips und Schmand",
  "description": "",
  "descriptionHTML": "",
  "descriptionMarkdown": "",
  "seoDescription": null,
  "comment": null,
  "difficulty": 1,
  "prepTime": "PT35M",
  "totalTime": null,
  "servingSize": 0,
  "createdAt": "2014-05-05T08:48:02+00:00",
  "updatedAt": "2015-06-25T16:28:59+00:00",
  "link": "https://hellofresh.com/recipes/53675042ff604dd8b68b4568",
  "imageLink": "https://d3hvwccx09j84u.cloudfront.net/0,0/image/53675042ff604dd8b68b4568.jpg",
  "cardLink": null,
  "videoLink": null,
  "nutrition": [],
  "ingredients": [],
  "allergens": [],
  "utensils": [],
  "tags": [],
  "cuisines": [],
  "wines": [],
  "marketplaceItems": [],
  "author": null,
  "label": null,
  "yieldType": null,
  "yields": [],
  "steps": [],
  "averageRating": 3.5,
  "ratingsCount": 2,
  "favoritesCount": 8,
  "active": true,
  "highlighted": false,
  "isDinnerToLunch": false,
  "isExcludedFromIndex": false,
  "isPremium": false,
  "websiteUrl": "https://www.hellofresh.de/recipes/mexikanische-schwarze-bohnen-suppe-53675042ff604dd8b68b4568",
  "clonedFrom": null,
  "canonical": null,
  "canonicalLink": null
}
