{
  "country": "DE",
  "id": "5370f1c1ff604d182b8b456a",
  "name": "Unser Veggie Caesar Salat",
  "seoName": null,
  "category": null,
  "slug": "unser-veggie-caesar-salat",
  "headline": "mit Kartoffel Croutons, Avocado und paniertem Feta, in feinem Thymian-Pecorino Dressing ",
  "description": "",
  "descriptionHTML": "",
  "descriptionMarkdown": "",
  "seoDescription": null,
  "comment": null,
  "difficulty": 1,
  "prepTime": "PT40M",
  "totalTime": null,
  "servingSize": 0,
  "createdAt": "2014-05-12T16:07:29+00:00",
  "updatedAt": "2016-04-08T20:27:11+00:00",
  "link": "https://hellofresh.com/recipes/5370f1c1ff604d182b8b456a",
  "imageLink": "https://d3hvwccx09j84u.cloudfront.net/0,0/image/5370f1c1ff604d182b8b456a.jpg",
  "cardLink": null,
  "videoLink": null,
  "nutrition": [],
  "ingredients": [],
  "allergens": [],
  "utensils": [],
  "tags": [],
  "cuisines": [],
  "wines": [],
  "marketplaceItems": [],
  "author": null,
  "label": null,
  "yieldType": null,
  "yields": [],
  "steps": [],
  "averageRating": 3.5,
  "ratingsCount": 2,
  "favoritesCount": 14,
  "active": true,
  "highlighted": false,
  "isDinnerToLunch": false,
  "isExcludedFromIndex": false,
  "isPremium": false,
  "websiteUrl": "https://www.hellofresh.de/recipes/unser-veggie-caesar-salat-5370f1c1ff604d182b8b456a",
  "clonedFrom": null,
  "canonical": null,
  "canonicalLink": null
}
