{
  "country": "DE",
  "id": "5372378fff604ddcb68b456d",
  "name": "Salsiccia in feuriger Karotten-Tomaten-Soße",
  "seoName": null,
  "category": null,
  "slug": "salsiccia-in-feuriger-karotten-tomaten-sosze",
  "headline": "auf sämiger Polenta garniert mit frischer Petersilie",
  "description": "",
  "descriptionHTML": "",
  "descriptionMarkdown": "",
  "seoDescription": null,
  "comment": null,
  "difficulty": 2,
  "prepTime": "PT35M",
  "totalTime": null,
  "servingSize": 0,
  "createdAt": "2014-05-13T15:17:35+00:00",
  "updatedAt": "2015-08-21T22:48:24+00:00",
  "link": "https://hellofresh.com/recipes/5372378fff604ddcb68b456d",
  "imageLink": "https://d3hvwccx09j84u.cloudfront.net/0,0/image/5372378fff604ddcb68b456d.jpg",
  "cardLink": null,
  "videoLink": null,
  "nutrition": [],
  "ingredients": [],
  "allergens": [],
  "utensils": [],
  "tags": [],
  "cuisines": [],
  "wines": [],
  "marketplaceItems": [],
  "author": null,
  "label": null,
  "yieldType": null,
  "yields": [],
  "steps": [],
  "averageRating": 2.7,
  "ratingsCount": 7,
  "favoritesCount": 16,
  "active": true,
  "highlighted": false,
  "isDinnerToLunch": false,
  "isExcludedFromIndex": false,
  "isPremium": false,
  "websiteUrl": "https://www.hellofresh.de/recipes/salsiccia-in-feuriger-karotten-tomaten-sosze-5372378fff604ddcb68b456d",
  "clonedFrom": null,
  "canonical": null,
  "canonicalLink": null
}
