{
  "country": "DE",
  "id": "537235c7ff604d54078b4569",
  "name": "Cremiges Orzo-Risotto „Mexicana“",
  "seoName": null,
  "category": null,
  "slug": "cremiges-orzo-risotto-mexicana",
  "headline": "mit Paprikavariationen und Oregano",
  "description": "",
  "descriptionHTML": "",
  "descriptionMarkdown": "",
  "seoDescription": null,
  "comment": null,
  "difficulty": 3,
  "prepTime": "PT40M",
  "totalTime": null,
  "servingSize": 0,
  "createdAt": "2014-05-13T15:09:59+00:00",
  "updatedAt": "2016-01-30T19:26:19+00:00",
  "link": "https://hellofresh.com/recipes/537235c7ff604d54078b4569",
  "imageLink": "https://d3hvwccx09j84u.cloudfront.net/0,0/image/537235c7ff604d54078b4569.jpg",
  "cardLink": null,
  "videoLink": null,
  "nutrition": [],
  "ingredients": [],
  "allergens": [],
  "utensils": [],
  "tags": [],
  "cuisines": [],
  "wines": [],
  "marketplaceItems": [],
  "author": null,
  "label": null,
  "yieldType": null,
  "yields": [],
  "steps": [],
  "averageRating": 3.1,
  "ratingsCount": 12,
  "favoritesCount": 29,
  "active": true,
  "highlighted": false,
  "isDinnerToLunch": false,
  "isExcludedFromIndex": false,
  "isPremium": false,
  "websiteUrl": "https://www.hellofresh.de/recipes/cremiges-orzo-risotto-mexicana-537235c7ff604d54078b4569",
  "clonedFrom": null,
  "canonical": null,
  "canonicalLink": null
}
