{
  "country": "DE",
  "id": "537238a8ff604ddab68b456b",
  "name": "Lauwarmer Bohnen Salat „Haricot Vert“",
  "seoName": null,
  "category": null,
  "slug": "lauwarmer-bohnen-salat-haricot-vert",
  "headline": "mit Kräuter der Provence Ziegenkäse, gerösteten Mandeln und Kräuterbutter-Baguette",
  "description": "",
  "descriptionHTML": "",
  "descriptionMarkdown": "",
  "seoDescription": null,
  "comment": null,
  "difficulty": 1,
  "prepTime": "PT30M",
  "totalTime": null,
  "servingSize": 0,
  "createdAt": "2014-05-13T15:22:16+00:00",
  "updatedAt": "2016-07-13T13:41:57+00:00",
  "link": "https://hellofresh.com/recipes/537238a8ff604ddab68b456b",
  "imageLink": "https://d3hvwccx09j84u.cloudfront.net/0,0/image/537238a8ff604ddab68b456b.jpg",
  "cardLink": null,
  "videoLink": null,
  "nutrition": [],
  "ingredients": [],
  "allergens": [],
  "utensils": [],
  "tags": [],
  "cuisines": [],
  "wines": [],
  "marketplaceItems": [],
  "author": null,
  "label": null,
  "yieldType": null,
  "yields": [],
  "steps": [],
  "averageRating": 4,
  "ratingsCount": 4,
  "favoritesCount": 10,
  "active": true,
  "highlighted": false,
  "isDinnerToLunch": false,
  "isExcludedFromIndex": false,
  "isPremium": false,
  "websiteUrl": "https://www.hellofresh.de/recipes/lauwarmer-bohnen-salat-haricot-vert-537238a8ff604ddab68b456b",
  "clonedFrom": null,
  "canonical": null,
  "canonicalLink": null
}
