{
  "country": "DE",
  "id": "537234b7ff604dd6b68b4569",
  "name": "Gefüllte Hähnchenbrust –„Zypros“",
  "seoName": null,
  "category": null,
  "slug": "gefullte-hahnchenbrust-zypros",
  "headline": "mit Feta, getrockneten Tomaten, Rosmarin und  Petersilie, dazu geschmorte Zucchini und Pita Brot",
  "description": "",
  "descriptionHTML": "",
  "descriptionMarkdown": "",
  "seoDescription": null,
  "comment": null,
  "difficulty": 1,
  "prepTime": "PT35M",
  "totalTime": null,
  "servingSize": 0,
  "createdAt": "2014-05-13T15:05:27+00:00",
  "updatedAt": "2016-06-05T22:48:19+00:00",
  "link": "https://hellofresh.com/recipes/537234b7ff604dd6b68b4569",
  "imageLink": "https://d3hvwccx09j84u.cloudfront.net/0,0/image/537234b7ff604dd6b68b4569.jpg",
  "cardLink": null,
  "videoLink": null,
  "nutrition": [],
  "ingredients": [],
  "allergens": [],
  "utensils": [],
  "tags": [],
  "cuisines": [],
  "wines": [],
  "marketplaceItems": [],
  "author": null,
  "label": null,
  "yieldType": null,
  "yields": [],
  "steps": [],
  "averageRating": 3.6,
  "ratingsCount": 34,
  "favoritesCount": 98,
  "active": true,
  "highlighted": false,
  "isDinnerToLunch": false,
  "isExcludedFromIndex": false,
  "isPremium": false,
  "websiteUrl": "https://www.hellofresh.de/recipes/gefullte-hahnchenbrust-zypros-537234b7ff604dd6b68b4569",
  "clonedFrom": null,
  "canonical": null,
  "canonicalLink": null
}
