{
  "country": "DE",
  "id": "5372384dff604dd5b68b4568",
  "name": "Marokkanische Backkartoffeln",
  "seoName": null,
  "category": null,
  "slug": "marokkanische-backkartoffeln",
  "headline": "gefüllt mit Roten Linsen, serviert mit Zitronen-Knoblauch-Sahne Joghurt und Feldsalat ",
  "description": "",
  "descriptionHTML": "",
  "descriptionMarkdown": "",
  "seoDescription": null,
  "comment": null,
  "difficulty": 1,
  "prepTime": "PT40M",
  "totalTime": null,
  "servingSize": 0,
  "createdAt": "2014-05-13T15:20:45+00:00",
  "updatedAt": "2016-07-13T13:41:54+00:00",
  "link": "https://hellofresh.com/recipes/5372384dff604dd5b68b4568",
  "imageLink": "https://d3hvwccx09j84u.cloudfront.net/0,0/image/5372384dff604dd5b68b4568.jpg",
  "cardLink": null,
  "videoLink": null,
  "nutrition": [],
  "ingredients": [],
  "allergens": [],
  "utensils": [],
  "tags": [],
  "cuisines": [],
  "wines": [],
  "marketplaceItems": [],
  "author": null,
  "label": null,
  "yieldType": null,
  "yields": [],
  "steps": [],
  "averageRating": 2.8,
  "ratingsCount": 12,
  "favoritesCount": 19,
  "active": true,
  "highlighted": false,
  "isDinnerToLunch": false,
  "isExcludedFromIndex": false,
  "isPremium": false,
  "websiteUrl": "https://www.hellofresh.de/recipes/marokkanische-backkartoffeln-5372384dff604dd5b68b4568",
  "clonedFrom": null,
  "canonical": null,
  "canonicalLink": null
}
