{
  "country": "DE",
  "id": "53723536ff604ddcb68b456c",
  "name": "Vollkorn-Penne-Lasagne",
  "seoName": null,
  "category": null,
  "slug": "vollkorn-penne-lasagne",
  "headline": "in Chili-Tomatensoße, gratiniert  mit  zweierlei Käse",
  "description": "",
  "descriptionHTML": "",
  "descriptionMarkdown": "",
  "seoDescription": null,
  "comment": null,
  "difficulty": 2,
  "prepTime": "PT25M",
  "totalTime": null,
  "servingSize": 0,
  "createdAt": "2014-05-13T15:07:34+00:00",
  "updatedAt": "2016-07-17T07:38:07+00:00",
  "link": "https://hellofresh.com/recipes/53723536ff604ddcb68b456c",
  "imageLink": "https://d3hvwccx09j84u.cloudfront.net/0,0/image/53723536ff604ddcb68b456c.jpg",
  "cardLink": null,
  "videoLink": null,
  "nutrition": [],
  "ingredients": [],
  "allergens": [],
  "utensils": [],
  "tags": [],
  "cuisines": [],
  "wines": [],
  "marketplaceItems": [],
  "author": null,
  "label": null,
  "yieldType": null,
  "yields": [],
  "steps": [],
  "averageRating": 2.6,
  "ratingsCount": 35,
  "favoritesCount": 76,
  "active": true,
  "highlighted": false,
  "isDinnerToLunch": false,
  "isExcludedFromIndex": false,
  "isPremium": false,
  "websiteUrl": "https://www.hellofresh.de/recipes/vollkorn-penne-lasagne-53723536ff604ddcb68b456c",
  "clonedFrom": null,
  "canonical": null,
  "canonicalLink": null
}
