{
  "country": "DE",
  "id": "537234ebff604dd9b68b4568",
  "name": "Zartes Rindersteak mit Crème fraîche-Champignon-Thymian-Soße",
  "seoName": null,
  "category": null,
  "slug": "zartes-rindersteak-mit-creme-fraiche-champignon-thymian-sosze",
  "headline": "dazu knusprige Zitronen-Wedges",
  "description": "",
  "descriptionHTML": "",
  "descriptionMarkdown": "",
  "seoDescription": null,
  "comment": null,
  "difficulty": 3,
  "prepTime": "PT40M",
  "totalTime": null,
  "servingSize": 0,
  "createdAt": "2014-05-13T15:06:19+00:00",
  "updatedAt": "2016-07-01T06:07:06+00:00",
  "link": "https://hellofresh.com/recipes/537234ebff604dd9b68b4568",
  "imageLink": "https://d3hvwccx09j84u.cloudfront.net/0,0/image/537234ebff604dd9b68b4568.jpg",
  "cardLink": null,
  "videoLink": null,
  "nutrition": [],
  "ingredients": [],
  "allergens": [],
  "utensils": [],
  "tags": [],
  "cuisines": [],
  "wines": [],
  "marketplaceItems": [],
  "author": null,
  "label": null,
  "yieldType": null,
  "yields": [],
  "steps": [],
  "averageRating": 3.9,
  "ratingsCount": 32,
  "favoritesCount": 120,
  "active": true,
  "highlighted": false,
  "isDinnerToLunch": false,
  "isExcludedFromIndex": false,
  "isPremium": false,
  "websiteUrl": "https://www.hellofresh.de/recipes/zartes-rindersteak-mit-creme-fraiche-champignon-thymian-sosze-537234ebff604dd9b68b4568",
  "clonedFrom": null,
  "canonical": null,
  "canonicalLink": null
}
