{
  "country": "DE",
  "id": "537239e4ff604dcb608b456a",
  "name": "Kartoffelcremesuppe mit Forelle  ",
  "seoName": null,
  "category": null,
  "slug": "kartoffelcremesuppe-mit-forelle",
  "headline": "",
  "description": "",
  "descriptionHTML": "",
  "descriptionMarkdown": "",
  "seoDescription": null,
  "comment": null,
  "difficulty": 0,
  "prepTime": "PT40M",
  "totalTime": null,
  "servingSize": 0,
  "createdAt": "2014-05-13T15:27:32+00:00",
  "updatedAt": "2016-01-24T15:15:57+00:00",
  "link": "https://hellofresh.com/recipes/537239e4ff604dcb608b456a",
  "imageLink": "https://d3hvwccx09j84u.cloudfront.net/0,0/image/537239e4ff604dcb608b456a.jpg",
  "cardLink": null,
  "videoLink": null,
  "nutrition": [],
  "ingredients": [],
  "allergens": [],
  "utensils": [],
  "tags": [],
  "cuisines": [],
  "wines": [],
  "marketplaceItems": [],
  "author": null,
  "label": null,
  "yieldType": null,
  "yields": [],
  "steps": [],
  "averageRating": 2.5,
  "ratingsCount": 4,
  "favoritesCount": 19,
  "active": true,
  "highlighted": false,
  "isDinnerToLunch": false,
  "isExcludedFromIndex": false,
  "isPremium": false,
  "websiteUrl": "https://www.hellofresh.de/recipes/kartoffelcremesuppe-mit-forelle-537239e4ff604dcb608b456a",
  "clonedFrom": null,
  "canonical": null,
  "canonicalLink": null
}
