{
  "country": "DE",
  "id": "537237c5ff604d54078b456a",
  "name": "Champignon-Pfanne „Kung Boa“",
  "seoName": null,
  "category": null,
  "slug": "champignon-pfanne-kung-boa",
  "headline": "auf fluffigem Basmatireis, mit Frühlingszwiebeln",
  "description": "",
  "descriptionHTML": "",
  "descriptionMarkdown": "",
  "seoDescription": null,
  "comment": null,
  "difficulty": 2,
  "prepTime": "PT30M",
  "totalTime": null,
  "servingSize": 0,
  "createdAt": "2014-05-13T15:18:29+00:00",
  "updatedAt": "2014-05-15T13:32:38+00:00",
  "link": "https://hellofresh.com/recipes/537237c5ff604d54078b456a",
  "imageLink": "https://d3hvwccx09j84u.cloudfront.net/0,0/image/537237c5ff604d54078b456a.jpg",
  "cardLink": null,
  "videoLink": null,
  "nutrition": [],
  "ingredients": [],
  "allergens": [],
  "utensils": [],
  "tags": [],
  "cuisines": [],
  "wines": [],
  "marketplaceItems": [],
  "author": null,
  "label": null,
  "yieldType": null,
  "yields": [],
  "steps": [],
  "averageRating": null,
  "ratingsCount": null,
  "favoritesCount": null,
  "active": false,
  "highlighted": false,
  "isDinnerToLunch": false,
  "isExcludedFromIndex": false,
  "isPremium": false,
  "websiteUrl": "https://www.hellofresh.de/recipes/champignon-pfanne-kung-boa-537237c5ff604d54078b456a",
  "clonedFrom": null,
  "canonical": null,
  "canonicalLink": null
}
