{
  "country": "DE",
  "id": "537cbf6cff604dd9b68b456b",
  "name": "Camembert-Prosciutto-Burger",
  "seoName": null,
  "category": null,
  "slug": "camembert-prosciutto-burger",
  "headline": "auf Sesambrötchen mit Kirschmarmelade dazu Kohlrabi-Wedges und grüner Salat",
  "description": "",
  "descriptionHTML": "",
  "descriptionMarkdown": "",
  "seoDescription": null,
  "comment": null,
  "difficulty": 2,
  "prepTime": "PT40M",
  "totalTime": null,
  "servingSize": 0,
  "createdAt": "2014-05-21T14:59:56+00:00",
  "updatedAt": "2016-01-29T10:53:55+00:00",
  "link": "https://hellofresh.com/recipes/537cbf6cff604dd9b68b456b",
  "imageLink": "https://d3hvwccx09j84u.cloudfront.net/0,0/image/537cbf6cff604dd9b68b456b.jpg",
  "cardLink": null,
  "videoLink": null,
  "nutrition": [],
  "ingredients": [],
  "allergens": [],
  "utensils": [],
  "tags": [],
  "cuisines": [],
  "wines": [],
  "marketplaceItems": [],
  "author": null,
  "label": null,
  "yieldType": null,
  "yields": [],
  "steps": [],
  "averageRating": 2.9,
  "ratingsCount": 8,
  "favoritesCount": 38,
  "active": true,
  "highlighted": false,
  "isDinnerToLunch": false,
  "isExcludedFromIndex": false,
  "isPremium": false,
  "websiteUrl": "https://www.hellofresh.de/recipes/camembert-prosciutto-burger-537cbf6cff604dd9b68b456b",
  "clonedFrom": null,
  "canonical": null,
  "canonicalLink": null
}
