{
  "country": "DE",
  "id": "537cc070ff604d54078b456d",
  "name": "Pikanter Chili-Bohnen-Eintopf",
  "seoName": null,
  "category": null,
  "slug": "pikanter-chili-bohnen-eintopf",
  "headline": "verfeinert mit Sauerrahm, dazu knusprige Kartoffel-Wedges ",
  "description": "",
  "descriptionHTML": "",
  "descriptionMarkdown": "",
  "seoDescription": null,
  "comment": null,
  "difficulty": 1,
  "prepTime": "PT40M",
  "totalTime": null,
  "servingSize": 0,
  "createdAt": "2014-05-21T15:04:16+00:00",
  "updatedAt": "2016-07-13T13:42:09+00:00",
  "link": "https://hellofresh.com/recipes/537cc070ff604d54078b456d",
  "imageLink": "https://d3hvwccx09j84u.cloudfront.net/0,0/image/537cc070ff604d54078b456d.jpg",
  "cardLink": null,
  "videoLink": null,
  "nutrition": [],
  "ingredients": [],
  "allergens": [],
  "utensils": [],
  "tags": [],
  "cuisines": [],
  "wines": [],
  "marketplaceItems": [],
  "author": null,
  "label": null,
  "yieldType": null,
  "yields": [],
  "steps": [],
  "averageRating": 3.2,
  "ratingsCount": 6,
  "favoritesCount": 20,
  "active": true,
  "highlighted": false,
  "isDinnerToLunch": false,
  "isExcludedFromIndex": false,
  "isPremium": false,
  "websiteUrl": "https://www.hellofresh.de/recipes/pikanter-chili-bohnen-eintopf-537cc070ff604d54078b456d",
  "clonedFrom": null,
  "canonical": null,
  "canonicalLink": null
}
