{
  "country": "DE",
  "id": "537cced7ff604dd4b68b456d",
  "name": "Medaillons mit Pestosoße",
  "seoName": null,
  "category": null,
  "slug": "medaillons-mit-pestososze",
  "headline": "",
  "description": "",
  "descriptionHTML": "",
  "descriptionMarkdown": "",
  "seoDescription": null,
  "comment": null,
  "difficulty": 0,
  "prepTime": "PT35M",
  "totalTime": null,
  "servingSize": 0,
  "createdAt": "2014-05-21T16:05:43+00:00",
  "updatedAt": "2015-12-21T21:41:24+00:00",
  "link": "https://hellofresh.com/recipes/537cced7ff604dd4b68b456d",
  "imageLink": "https://d3hvwccx09j84u.cloudfront.net/0,0/image/537cced7ff604dd4b68b456d.jpg",
  "cardLink": null,
  "videoLink": null,
  "nutrition": [],
  "ingredients": [],
  "allergens": [],
  "utensils": [],
  "tags": [],
  "cuisines": [],
  "wines": [],
  "marketplaceItems": [],
  "author": null,
  "label": null,
  "yieldType": null,
  "yields": [],
  "steps": [],
  "averageRating": 3.6,
  "ratingsCount": 7,
  "favoritesCount": 28,
  "active": true,
  "highlighted": false,
  "isDinnerToLunch": false,
  "isExcludedFromIndex": false,
  "isPremium": false,
  "websiteUrl": "https://www.hellofresh.de/recipes/medaillons-mit-pestososze-537cced7ff604dd4b68b456d",
  "clonedFrom": null,
  "canonical": null,
  "canonicalLink": null
}
