{
  "country": "DE",
  "id": "537cc837ff604dca608b456e",
  "name": "Quinoa-Couscous-Tabouleh",
  "seoName": null,
  "category": null,
  "slug": "quinoa-couscous-tabouleh",
  "headline": "mit in Sumac marinierter Grillkäse, verfeinert mit Minze und Petersilie",
  "description": "",
  "descriptionHTML": "",
  "descriptionMarkdown": "",
  "seoDescription": null,
  "comment": null,
  "difficulty": 2,
  "prepTime": "PT30M",
  "totalTime": null,
  "servingSize": 0,
  "createdAt": "2014-05-21T15:37:27+00:00",
  "updatedAt": "2016-07-13T13:42:18+00:00",
  "link": "https://hellofresh.com/recipes/537cc837ff604dca608b456e",
  "imageLink": "https://d3hvwccx09j84u.cloudfront.net/0,0/image/537cc837ff604dca608b456e.jpg",
  "cardLink": null,
  "videoLink": null,
  "nutrition": [],
  "ingredients": [],
  "allergens": [],
  "utensils": [],
  "tags": [],
  "cuisines": [],
  "wines": [],
  "marketplaceItems": [],
  "author": null,
  "label": null,
  "yieldType": null,
  "yields": [],
  "steps": [],
  "averageRating": 2.6,
  "ratingsCount": 13,
  "favoritesCount": 22,
  "active": true,
  "highlighted": false,
  "isDinnerToLunch": false,
  "isExcludedFromIndex": false,
  "isPremium": false,
  "websiteUrl": "https://www.hellofresh.de/recipes/quinoa-couscous-tabouleh-537cc837ff604dca608b456e",
  "clonedFrom": null,
  "canonical": null,
  "canonicalLink": null
}
