{
  "country": "DE",
  "id": "537cc57aff604dcc608b456b",
  "name": "Mexikanische Rindfleisch-Wraps „Enchiladas“",
  "seoName": null,
  "category": null,
  "slug": "mexikanische-rindfleisch-wraps-enchiladas",
  "headline": "verfeinert mit Cheddar-Käse und Joghurt, serviert einer Limettenspalte",
  "description": "",
  "descriptionHTML": "",
  "descriptionMarkdown": "",
  "seoDescription": null,
  "comment": null,
  "difficulty": 1,
  "prepTime": "PT35M",
  "totalTime": null,
  "servingSize": 0,
  "createdAt": "2014-05-21T15:25:46+00:00",
  "updatedAt": "2016-07-13T13:20:29+00:00",
  "link": "https://hellofresh.com/recipes/537cc57aff604dcc608b456b",
  "imageLink": "https://d3hvwccx09j84u.cloudfront.net/0,0/image/537cc57aff604dcc608b456b.jpg",
  "cardLink": null,
  "videoLink": null,
  "nutrition": [],
  "ingredients": [],
  "allergens": [],
  "utensils": [],
  "tags": [],
  "cuisines": [],
  "wines": [],
  "marketplaceItems": [],
  "author": null,
  "label": null,
  "yieldType": null,
  "yields": [],
  "steps": [],
  "averageRating": 3.9,
  "ratingsCount": 35,
  "favoritesCount": 89,
  "active": true,
  "highlighted": false,
  "isDinnerToLunch": false,
  "isExcludedFromIndex": false,
  "isPremium": false,
  "websiteUrl": "https://www.hellofresh.de/recipes/mexikanische-rindfleisch-wraps-enchiladas-537cc57aff604dcc608b456b",
  "clonedFrom": null,
  "canonical": null,
  "canonicalLink": null
}
