{
  "country": "DE",
  "id": "537ccad8ff604dd4b68b456c",
  "name": "Gemüse-Puten-Pfanne",
  "seoName": null,
  "category": null,
  "slug": "gemuse-puten-pfanne",
  "headline": "",
  "description": "",
  "descriptionHTML": "",
  "descriptionMarkdown": "",
  "seoDescription": null,
  "comment": null,
  "difficulty": 0,
  "prepTime": "PT25M",
  "totalTime": null,
  "servingSize": 0,
  "createdAt": "2014-05-21T15:48:40+00:00",
  "updatedAt": "2016-05-30T11:29:28+00:00",
  "link": "https://hellofresh.com/recipes/537ccad8ff604dd4b68b456c",
  "imageLink": "https://d3hvwccx09j84u.cloudfront.net/0,0/image/537ccad8ff604dd4b68b456c.jpg",
  "cardLink": null,
  "videoLink": null,
  "nutrition": [],
  "ingredients": [],
  "allergens": [],
  "utensils": [],
  "tags": [],
  "cuisines": [],
  "wines": [],
  "marketplaceItems": [],
  "author": null,
  "label": null,
  "yieldType": null,
  "yields": [],
  "steps": [],
  "averageRating": 3.8,
  "ratingsCount": 5,
  "favoritesCount": 37,
  "active": true,
  "highlighted": false,
  "isDinnerToLunch": false,
  "isExcludedFromIndex": false,
  "isPremium": false,
  "websiteUrl": "https://www.hellofresh.de/recipes/gemuse-puten-pfanne-537ccad8ff604dd4b68b456c",
  "clonedFrom": null,
  "canonical": null,
  "canonicalLink": null
}
