{
  "country": "DE",
  "id": "537ccf1eff604dd7b68b456c",
  "name": "Tortellini-Gemüse-Topf ",
  "seoName": null,
  "category": null,
  "slug": "tortellini-gemuse-topf",
  "headline": "",
  "description": "",
  "descriptionHTML": "",
  "descriptionMarkdown": "",
  "seoDescription": null,
  "comment": null,
  "difficulty": 0,
  "prepTime": "PT25M",
  "totalTime": null,
  "servingSize": 0,
  "createdAt": "2014-05-21T16:06:54+00:00",
  "updatedAt": "2016-01-12T12:50:22+00:00",
  "link": "https://hellofresh.com/recipes/537ccf1eff604dd7b68b456c",
  "imageLink": "https://d3hvwccx09j84u.cloudfront.net/0,0/image/537ccf1eff604dd7b68b456c.jpg",
  "cardLink": null,
  "videoLink": null,
  "nutrition": [],
  "ingredients": [],
  "allergens": [],
  "utensils": [],
  "tags": [],
  "cuisines": [],
  "wines": [],
  "marketplaceItems": [],
  "author": null,
  "label": null,
  "yieldType": null,
  "yields": [],
  "steps": [],
  "averageRating": 2.5,
  "ratingsCount": 10,
  "favoritesCount": 23,
  "active": true,
  "highlighted": false,
  "isDinnerToLunch": false,
  "isExcludedFromIndex": false,
  "isPremium": false,
  "websiteUrl": "https://www.hellofresh.de/recipes/tortellini-gemuse-topf-537ccf1eff604dd7b68b456c",
  "clonedFrom": null,
  "canonical": null,
  "canonicalLink": null
}
