{
  "country": "DE",
  "id": "537cc794ff604ddeb68b456d",
  "name": "Lauwarmer Mediterraner Brotsalat „Panzanella“",
  "seoName": null,
  "category": null,
  "slug": "lauwarmer-mediterraner-brotsalat-panzanella",
  "headline": "mit Bacon, geschmorter Paprika, Kirschtomaten und Mozzarella",
  "description": "",
  "descriptionHTML": "",
  "descriptionMarkdown": "",
  "seoDescription": null,
  "comment": null,
  "difficulty": 2,
  "prepTime": "PT30M",
  "totalTime": null,
  "servingSize": 0,
  "createdAt": "2014-05-21T15:34:44+00:00",
  "updatedAt": "2016-07-26T08:43:00+00:00",
  "link": "https://hellofresh.com/recipes/537cc794ff604ddeb68b456d",
  "imageLink": "https://d3hvwccx09j84u.cloudfront.net/0,0/image/537cc794ff604ddeb68b456d.jpg",
  "cardLink": null,
  "videoLink": null,
  "nutrition": [],
  "ingredients": [],
  "allergens": [],
  "utensils": [],
  "tags": [],
  "cuisines": [],
  "wines": [],
  "marketplaceItems": [],
  "author": null,
  "label": null,
  "yieldType": null,
  "yields": [],
  "steps": [],
  "averageRating": 3.6,
  "ratingsCount": 15,
  "favoritesCount": 61,
  "active": true,
  "highlighted": false,
  "isDinnerToLunch": false,
  "isExcludedFromIndex": false,
  "isPremium": false,
  "websiteUrl": "https://www.hellofresh.de/recipes/lauwarmer-mediterraner-brotsalat-panzanella-537cc794ff604ddeb68b456d",
  "clonedFrom": null,
  "canonical": null,
  "canonicalLink": null
}
