{
  "country": "DE",
  "id": "537cc123ff604dc9608b456b",
  "name": "Blumenkohl-Curry„Garam Masala“",
  "seoName": null,
  "category": null,
  "slug": "blumenkohl-currygaram-masala",
  "headline": "auf fluffigem Basmatireis, garniert mit frischem Koriander",
  "description": "",
  "descriptionHTML": "",
  "descriptionMarkdown": "",
  "seoDescription": null,
  "comment": null,
  "difficulty": 1,
  "prepTime": "PT35M",
  "totalTime": null,
  "servingSize": 0,
  "createdAt": "2014-05-21T15:07:15+00:00",
  "updatedAt": "2016-07-13T13:42:11+00:00",
  "link": "https://hellofresh.com/recipes/537cc123ff604dc9608b456b",
  "imageLink": "https://d3hvwccx09j84u.cloudfront.net/0,0/image/537cc123ff604dc9608b456b.jpg",
  "cardLink": null,
  "videoLink": null,
  "nutrition": [],
  "ingredients": [],
  "allergens": [],
  "utensils": [],
  "tags": [],
  "cuisines": [],
  "wines": [],
  "marketplaceItems": [],
  "author": null,
  "label": null,
  "yieldType": null,
  "yields": [],
  "steps": [],
  "averageRating": 2,
  "ratingsCount": 4,
  "favoritesCount": 14,
  "active": true,
  "highlighted": false,
  "isDinnerToLunch": false,
  "isExcludedFromIndex": false,
  "isPremium": false,
  "websiteUrl": "https://www.hellofresh.de/recipes/blumenkohl-currygaram-masala-537cc123ff604dc9608b456b",
  "clonedFrom": null,
  "canonical": null,
  "canonicalLink": null
}
