{
  "country": "DE",
  "id": "537cc609ff604dd3b68b456c",
  "name": "Hähnchensteaks in feiner Oregano-Zitronen-Knoblauch Marinade",
  "seoName": null,
  "category": null,
  "slug": "hahnchensteaks-in-feiner-oregano-zitronen-knoblauch-marinade",
  "headline": "dazu Blumenkohl in Petersilien Sahnesoße und knusprige Thymian-Kartoffelwürfel",
  "description": "",
  "descriptionHTML": "",
  "descriptionMarkdown": "",
  "seoDescription": null,
  "comment": null,
  "difficulty": 2,
  "prepTime": "PT40M",
  "totalTime": null,
  "servingSize": 0,
  "createdAt": "2014-05-21T15:28:09+00:00",
  "updatedAt": "2016-07-13T13:20:33+00:00",
  "link": "https://hellofresh.com/recipes/537cc609ff604dd3b68b456c",
  "imageLink": "https://d3hvwccx09j84u.cloudfront.net/0,0/image/537cc609ff604dd3b68b456c.jpg",
  "cardLink": null,
  "videoLink": null,
  "nutrition": [],
  "ingredients": [],
  "allergens": [],
  "utensils": [],
  "tags": [],
  "cuisines": [],
  "wines": [],
  "marketplaceItems": [],
  "author": null,
  "label": null,
  "yieldType": null,
  "yields": [],
  "steps": [],
  "averageRating": 3.4,
  "ratingsCount": 32,
  "favoritesCount": 90,
  "active": true,
  "highlighted": false,
  "isDinnerToLunch": false,
  "isExcludedFromIndex": false,
  "isPremium": false,
  "websiteUrl": "https://www.hellofresh.de/recipes/hahnchensteaks-in-feiner-oregano-zitronen-knoblauch-marinade-537cc609ff604dd3b68b456c",
  "clonedFrom": null,
  "canonical": null,
  "canonicalLink": null
}
