{
  "country": "DE",
  "id": "537cbd42ff604dd7b68b456b",
  "name": "Putenbrust mit pikanter Glasur",
  "seoName": null,
  "category": null,
  "slug": "putenbrust-mit-pikanter-glasur",
  "headline": "dazu Möhren vom Blech, Cashewkerne und fluffiger Basmatireis",
  "description": "",
  "descriptionHTML": "",
  "descriptionMarkdown": "",
  "seoDescription": null,
  "comment": null,
  "difficulty": 2,
  "prepTime": "PT40M",
  "totalTime": null,
  "servingSize": 0,
  "createdAt": "2014-05-21T14:50:42+00:00",
  "updatedAt": "2016-05-30T11:29:30+00:00",
  "link": "https://hellofresh.com/recipes/537cbd42ff604dd7b68b456b",
  "imageLink": "https://d3hvwccx09j84u.cloudfront.net/0,0/image/537cbd42ff604dd7b68b456b.jpg",
  "cardLink": null,
  "videoLink": null,
  "nutrition": [],
  "ingredients": [],
  "allergens": [],
  "utensils": [],
  "tags": [],
  "cuisines": [],
  "wines": [],
  "marketplaceItems": [],
  "author": null,
  "label": null,
  "yieldType": null,
  "yields": [],
  "steps": [],
  "averageRating": 3.6,
  "ratingsCount": 28,
  "favoritesCount": 76,
  "active": true,
  "highlighted": false,
  "isDinnerToLunch": false,
  "isExcludedFromIndex": false,
  "isPremium": false,
  "websiteUrl": "https://www.hellofresh.de/recipes/putenbrust-mit-pikanter-glasur-537cbd42ff604dd7b68b456b",
  "clonedFrom": null,
  "canonical": null,
  "canonicalLink": null
}
