{
  "country": "DE",
  "id": "537cc67fff604dd8b68b4572",
  "name": "Meeresmuschel Pasta in selbstgemachten Paprika-Chili Pesto",
  "seoName": null,
  "category": null,
  "slug": "meeresmuschel-pasta-in-selbstgemachten-paprika-chili-pesto",
  "headline": "serviert mit frisch geriebenen Parmesan und Basilikum",
  "description": "",
  "descriptionHTML": "",
  "descriptionMarkdown": "",
  "seoDescription": null,
  "comment": null,
  "difficulty": 1,
  "prepTime": "PT25M",
  "totalTime": null,
  "servingSize": 0,
  "createdAt": "2014-05-21T15:30:07+00:00",
  "updatedAt": "2016-01-31T17:31:53+00:00",
  "link": "https://hellofresh.com/recipes/537cc67fff604dd8b68b4572",
  "imageLink": "https://d3hvwccx09j84u.cloudfront.net/0,0/image/537cc67fff604dd8b68b4572.jpg",
  "cardLink": null,
  "videoLink": null,
  "nutrition": [],
  "ingredients": [],
  "allergens": [],
  "utensils": [],
  "tags": [],
  "cuisines": [],
  "wines": [],
  "marketplaceItems": [],
  "author": null,
  "label": null,
  "yieldType": null,
  "yields": [],
  "steps": [],
  "averageRating": 3.3,
  "ratingsCount": 41,
  "favoritesCount": 94,
  "active": true,
  "highlighted": false,
  "isDinnerToLunch": false,
  "isExcludedFromIndex": false,
  "isPremium": false,
  "websiteUrl": "https://www.hellofresh.de/recipes/meeresmuschel-pasta-in-selbstgemachten-paprika-chili-pesto-537cc67fff604dd8b68b4572",
  "clonedFrom": null,
  "canonical": null,
  "canonicalLink": null
}
