{
  "country": "DE",
  "id": "537cc874ff604dcc608b456c",
  "name": "Zucchini-Katoffel-Kuchen gespickt mit Feta",
  "seoName": null,
  "category": null,
  "slug": "zucchini-katoffel-kuchen-gespickt-mit-feta",
  "headline": "serviert mit Rucolasalat und Limetten-Crème fraîche",
  "description": "",
  "descriptionHTML": "",
  "descriptionMarkdown": "",
  "seoDescription": null,
  "comment": null,
  "difficulty": 2,
  "prepTime": "PT40M",
  "totalTime": null,
  "servingSize": 0,
  "createdAt": "2014-05-21T15:38:28+00:00",
  "updatedAt": "2016-07-13T13:42:20+00:00",
  "link": "https://hellofresh.com/recipes/537cc874ff604dcc608b456c",
  "imageLink": "https://d3hvwccx09j84u.cloudfront.net/0,0/image/537cc874ff604dcc608b456c.jpg",
  "cardLink": null,
  "videoLink": null,
  "nutrition": [],
  "ingredients": [],
  "allergens": [],
  "utensils": [],
  "tags": [],
  "cuisines": [],
  "wines": [],
  "marketplaceItems": [],
  "author": null,
  "label": null,
  "yieldType": null,
  "yields": [],
  "steps": [],
  "averageRating": 3.4,
  "ratingsCount": 10,
  "favoritesCount": 25,
  "active": true,
  "highlighted": false,
  "isDinnerToLunch": false,
  "isExcludedFromIndex": false,
  "isPremium": false,
  "websiteUrl": "https://www.hellofresh.de/recipes/zucchini-katoffel-kuchen-gespickt-mit-feta-537cc874ff604dcc608b456c",
  "clonedFrom": null,
  "canonical": null,
  "canonicalLink": null
}
