{
  "country": "DE",
  "id": "537cce23ff604dca608b456f",
  "name": "Putensteak mit fruchtigem Curryreis",
  "seoName": null,
  "category": null,
  "slug": "putensteak-mit-fruchtigem-curryreis",
  "headline": "",
  "description": "",
  "descriptionHTML": "",
  "descriptionMarkdown": "",
  "seoDescription": null,
  "comment": null,
  "difficulty": 0,
  "prepTime": "PT40M",
  "totalTime": null,
  "servingSize": 0,
  "createdAt": "2014-05-21T16:02:43+00:00",
  "updatedAt": "2016-05-30T11:29:33+00:00",
  "link": "https://hellofresh.com/recipes/537cce23ff604dca608b456f",
  "imageLink": "https://d3hvwccx09j84u.cloudfront.net/0,0/image/537cce23ff604dca608b456f.jpg",
  "cardLink": null,
  "videoLink": null,
  "nutrition": [],
  "ingredients": [],
  "allergens": [],
  "utensils": [],
  "tags": [],
  "cuisines": [],
  "wines": [],
  "marketplaceItems": [],
  "author": null,
  "label": null,
  "yieldType": null,
  "yields": [],
  "steps": [],
  "averageRating": 3,
  "ratingsCount": 7,
  "favoritesCount": 32,
  "active": true,
  "highlighted": false,
  "isDinnerToLunch": false,
  "isExcludedFromIndex": false,
  "isPremium": false,
  "websiteUrl": "https://www.hellofresh.de/recipes/putensteak-mit-fruchtigem-curryreis-537cce23ff604dca608b456f",
  "clonedFrom": null,
  "canonical": null,
  "canonicalLink": null
}
