{
  "country": "DE",
  "id": "537cbd8cff604ddcb68b4570",
  "name": "Schweinelachssteak „Italia“",
  "seoName": null,
  "category": null,
  "slug": "schweinelachssteak-italia",
  "headline": "in Parmesan-Kräuterpanade dazu Zitronen-Knoblauch-Kartoffelpüree und gedünstete grüne Bohnen",
  "description": "",
  "descriptionHTML": "",
  "descriptionMarkdown": "",
  "seoDescription": null,
  "comment": null,
  "difficulty": 1,
  "prepTime": "PT35M",
  "totalTime": null,
  "servingSize": 0,
  "createdAt": "2014-05-21T14:51:56+00:00",
  "updatedAt": "2016-07-17T07:38:24+00:00",
  "link": "https://hellofresh.com/recipes/537cbd8cff604ddcb68b4570",
  "imageLink": "https://d3hvwccx09j84u.cloudfront.net/0,0/image/537cbd8cff604ddcb68b4570.jpg",
  "cardLink": null,
  "videoLink": null,
  "nutrition": [],
  "ingredients": [],
  "allergens": [],
  "utensils": [],
  "tags": [],
  "cuisines": [],
  "wines": [],
  "marketplaceItems": [],
  "author": null,
  "label": null,
  "yieldType": null,
  "yields": [],
  "steps": [],
  "averageRating": 3.5,
  "ratingsCount": 24,
  "favoritesCount": 74,
  "active": true,
  "highlighted": false,
  "isDinnerToLunch": false,
  "isExcludedFromIndex": false,
  "isPremium": false,
  "websiteUrl": "https://www.hellofresh.de/recipes/schweinelachssteak-italia-537cbd8cff604ddcb68b4570",
  "clonedFrom": null,
  "canonical": null,
  "canonicalLink": null
}
