{
  "country": "DE",
  "id": "537cbdf1ff604dd3b68b456b",
  "name": "Flammkuchen mit Porree-Schmand-Boden",
  "seoName": null,
  "category": null,
  "slug": "flammkuchen-mit-porree-schmand-boden",
  "headline": "verfeinert mit Mozzarella, dazu Rucolasalat mit Äpfeln und Kürbiskernen",
  "description": "",
  "descriptionHTML": "",
  "descriptionMarkdown": "",
  "seoDescription": null,
  "comment": null,
  "difficulty": 1,
  "prepTime": "PT30M",
  "totalTime": null,
  "servingSize": 0,
  "createdAt": "2014-05-21T14:53:37+00:00",
  "updatedAt": "2016-07-17T07:38:26+00:00",
  "link": "https://hellofresh.com/recipes/537cbdf1ff604dd3b68b456b",
  "imageLink": "https://d3hvwccx09j84u.cloudfront.net/0,0/image/537cbdf1ff604dd3b68b456b.jpg",
  "cardLink": null,
  "videoLink": null,
  "nutrition": [],
  "ingredients": [],
  "allergens": [],
  "utensils": [],
  "tags": [],
  "cuisines": [],
  "wines": [],
  "marketplaceItems": [],
  "author": null,
  "label": null,
  "yieldType": null,
  "yields": [],
  "steps": [],
  "averageRating": 3.8,
  "ratingsCount": 36,
  "favoritesCount": 83,
  "active": true,
  "highlighted": false,
  "isDinnerToLunch": false,
  "isExcludedFromIndex": false,
  "isPremium": false,
  "websiteUrl": "https://www.hellofresh.de/recipes/flammkuchen-mit-porree-schmand-boden-537cbdf1ff604dd3b68b456b",
  "clonedFrom": null,
  "canonical": null,
  "canonicalLink": null
}
