{
  "country": "DE",
  "id": "537cc8ddff604dd3b68b456d",
  "name": "Veggie Döner mit Knoblauch-Joghurtsoße in Pita-Taschen",
  "seoName": null,
  "category": null,
  "slug": "veggie-doner-mit-knoblauch-joghurtsosze-in-pita-taschen",
  "headline": "serviert mit Karotten-Stäbchen",
  "description": "",
  "descriptionHTML": "",
  "descriptionMarkdown": "",
  "seoDescription": null,
  "comment": null,
  "difficulty": 1,
  "prepTime": "PT35M",
  "totalTime": null,
  "servingSize": 0,
  "createdAt": "2014-05-21T15:40:13+00:00",
  "updatedAt": "2016-02-05T13:31:09+00:00",
  "link": "https://hellofresh.com/recipes/537cc8ddff604dd3b68b456d",
  "imageLink": "https://d3hvwccx09j84u.cloudfront.net/0,0/image/537cc8ddff604dd3b68b456d.jpg",
  "cardLink": null,
  "videoLink": null,
  "nutrition": [],
  "ingredients": [],
  "allergens": [],
  "utensils": [],
  "tags": [],
  "cuisines": [],
  "wines": [],
  "marketplaceItems": [],
  "author": null,
  "label": null,
  "yieldType": null,
  "yields": [],
  "steps": [],
  "averageRating": 3.4,
  "ratingsCount": 5,
  "favoritesCount": 16,
  "active": true,
  "highlighted": false,
  "isDinnerToLunch": false,
  "isExcludedFromIndex": false,
  "isPremium": false,
  "websiteUrl": "https://www.hellofresh.de/recipes/veggie-doner-mit-knoblauch-joghurtsosze-in-pita-taschen-537cc8ddff604dd3b68b456d",
  "clonedFrom": null,
  "canonical": null,
  "canonicalLink": null
}
