{
  "country": "DE",
  "id": "537cbfe4ff604ddcb68b4571",
  "name": "Erfrischender „Yakisoba“ Nudelsalat",
  "seoName": null,
  "category": null,
  "slug": "erfrischender-yakisoba-nudelsalat",
  "headline": "mit Karotte und Paprika in feinem Erdnuss- Dressing „Süß-Sauer“",
  "description": "",
  "descriptionHTML": "",
  "descriptionMarkdown": "",
  "seoDescription": null,
  "comment": null,
  "difficulty": 1,
  "prepTime": "PT25M",
  "totalTime": null,
  "servingSize": 0,
  "createdAt": "2014-05-21T15:01:56+00:00",
  "updatedAt": "2016-04-08T20:27:35+00:00",
  "link": "https://hellofresh.com/recipes/537cbfe4ff604ddcb68b4571",
  "imageLink": "https://d3hvwccx09j84u.cloudfront.net/0,0/image/537cbfe4ff604ddcb68b4571.jpg",
  "cardLink": null,
  "videoLink": null,
  "nutrition": [],
  "ingredients": [],
  "allergens": [],
  "utensils": [],
  "tags": [],
  "cuisines": [],
  "wines": [],
  "marketplaceItems": [],
  "author": null,
  "label": null,
  "yieldType": null,
  "yields": [],
  "steps": [],
  "averageRating": 3.6,
  "ratingsCount": 8,
  "favoritesCount": 18,
  "active": true,
  "highlighted": false,
  "isDinnerToLunch": false,
  "isExcludedFromIndex": false,
  "isPremium": false,
  "websiteUrl": "https://www.hellofresh.de/recipes/erfrischender-yakisoba-nudelsalat-537cbfe4ff604ddcb68b4571",
  "clonedFrom": null,
  "canonical": null,
  "canonicalLink": null
}
