{
  "country": "DE",
  "id": "537cbe50ff604dd6b68b456d",
  "name": "Orecchiette-Pasta in sizilianischer Ricotta-Kirschtomatensoße",
  "seoName": null,
  "category": null,
  "slug": "orecchiette-pasta-in-sizilianischer-ricotta-kirschtomatensosze",
  "headline": "garniert mit frischem Basilikum",
  "description": "",
  "descriptionHTML": "",
  "descriptionMarkdown": "",
  "seoDescription": null,
  "comment": null,
  "difficulty": 1,
  "prepTime": "PT25M",
  "totalTime": null,
  "servingSize": 0,
  "createdAt": "2014-05-21T14:55:12+00:00",
  "updatedAt": "2016-07-13T13:42:04+00:00",
  "link": "https://hellofresh.com/recipes/537cbe50ff604dd6b68b456d",
  "imageLink": "https://d3hvwccx09j84u.cloudfront.net/0,0/image/537cbe50ff604dd6b68b456d.jpg",
  "cardLink": null,
  "videoLink": null,
  "nutrition": [],
  "ingredients": [],
  "allergens": [],
  "utensils": [],
  "tags": [],
  "cuisines": [],
  "wines": [],
  "marketplaceItems": [],
  "author": null,
  "label": null,
  "yieldType": null,
  "yields": [],
  "steps": [],
  "averageRating": 3,
  "ratingsCount": 11,
  "favoritesCount": 60,
  "active": true,
  "highlighted": false,
  "isDinnerToLunch": false,
  "isExcludedFromIndex": false,
  "isPremium": false,
  "websiteUrl": "https://www.hellofresh.de/recipes/orecchiette-pasta-in-sizilianischer-ricotta-kirschtomatensosze-537cbe50ff604dd6b68b456d",
  "clonedFrom": null,
  "canonical": null,
  "canonicalLink": null
}
