{
  "country": "DE",
  "id": "537cc6e4ff604ddbb68b456c",
  "name": "Delikater grüner Spargel-Porree Quiche",
  "seoName": null,
  "category": null,
  "slug": "delikater-gruner-spargel-porree-quiche",
  "headline": "verfeinert mit Schmand und Emmentaler, serviert mit Eichblattsalat ",
  "description": "",
  "descriptionHTML": "",
  "descriptionMarkdown": "",
  "seoDescription": null,
  "comment": null,
  "difficulty": 3,
  "prepTime": "PT40M",
  "totalTime": null,
  "servingSize": 0,
  "createdAt": "2014-05-21T15:31:48+00:00",
  "updatedAt": "2016-07-13T13:20:38+00:00",
  "link": "https://hellofresh.com/recipes/537cc6e4ff604ddbb68b456c",
  "imageLink": "https://d3hvwccx09j84u.cloudfront.net/0,0/image/537cc6e4ff604ddbb68b456c.jpg",
  "cardLink": null,
  "videoLink": null,
  "nutrition": [],
  "ingredients": [],
  "allergens": [],
  "utensils": [],
  "tags": [],
  "cuisines": [],
  "wines": [],
  "marketplaceItems": [],
  "author": null,
  "label": null,
  "yieldType": null,
  "yields": [],
  "steps": [],
  "averageRating": 3.2,
  "ratingsCount": 22,
  "favoritesCount": 45,
  "active": true,
  "highlighted": false,
  "isDinnerToLunch": false,
  "isExcludedFromIndex": false,
  "isPremium": false,
  "websiteUrl": "https://www.hellofresh.de/recipes/delikater-gruner-spargel-porree-quiche-537cc6e4ff604ddbb68b456c",
  "clonedFrom": null,
  "canonical": null,
  "canonicalLink": null
}
