{
  "country": "DE",
  "id": "53849befff604d43058b4567",
  "name": "Indisch gewürzte Linsen-Burger",
  "seoName": null,
  "category": null,
  "slug": "indisch-gewurzte-linsen-burger",
  "headline": "mit Kräuter-Joghurt-Soße, feinen Gurkenstreifen und Garam Masala-Süßkartoffel-Wedges",
  "description": "",
  "descriptionHTML": "",
  "descriptionMarkdown": "",
  "seoDescription": null,
  "comment": null,
  "difficulty": 2,
  "prepTime": "PT40M",
  "totalTime": null,
  "servingSize": 0,
  "createdAt": "2014-05-27T14:06:39+00:00",
  "updatedAt": "2016-07-13T13:42:36+00:00",
  "link": "https://hellofresh.com/recipes/53849befff604d43058b4567",
  "imageLink": "https://d3hvwccx09j84u.cloudfront.net/0,0/image/53849befff604d43058b4567.jpg",
  "cardLink": null,
  "videoLink": null,
  "nutrition": [],
  "ingredients": [],
  "allergens": [],
  "utensils": [],
  "tags": [],
  "cuisines": [],
  "wines": [],
  "marketplaceItems": [],
  "author": null,
  "label": null,
  "yieldType": null,
  "yields": [],
  "steps": [],
  "averageRating": 3.6,
  "ratingsCount": 11,
  "favoritesCount": 31,
  "active": true,
  "highlighted": false,
  "isDinnerToLunch": false,
  "isExcludedFromIndex": false,
  "isPremium": false,
  "websiteUrl": "https://www.hellofresh.de/recipes/indisch-gewurzte-linsen-burger-53849befff604d43058b4567",
  "clonedFrom": null,
  "canonical": null,
  "canonicalLink": null
}
