{
  "country": "DE",
  "id": "53849a44ff604d4a058b4567",
  "name": "Cremiges Thai „Massaman Curry“",
  "seoName": null,
  "category": null,
  "slug": "cremiges-thai-massaman-curry",
  "headline": "mit Putenbrust und Champignons verfeinert mit Erdnussbutter und Kokosmilch",
  "description": "",
  "descriptionHTML": "",
  "descriptionMarkdown": "",
  "seoDescription": null,
  "comment": null,
  "difficulty": 1,
  "prepTime": "PT35M",
  "totalTime": null,
  "servingSize": 0,
  "createdAt": "2014-05-27T13:59:32+00:00",
  "updatedAt": "2016-07-13T13:20:43+00:00",
  "link": "https://hellofresh.com/recipes/53849a44ff604d4a058b4567",
  "imageLink": "https://d3hvwccx09j84u.cloudfront.net/0,0/image/53849a44ff604d4a058b4567.jpg",
  "cardLink": null,
  "videoLink": null,
  "nutrition": [],
  "ingredients": [],
  "allergens": [],
  "utensils": [],
  "tags": [],
  "cuisines": [],
  "wines": [],
  "marketplaceItems": [],
  "author": null,
  "label": null,
  "yieldType": null,
  "yields": [],
  "steps": [],
  "averageRating": 3.6,
  "ratingsCount": 37,
  "favoritesCount": 120,
  "active": true,
  "highlighted": false,
  "isDinnerToLunch": false,
  "isExcludedFromIndex": false,
  "isPremium": false,
  "websiteUrl": "https://www.hellofresh.de/recipes/cremiges-thai-massaman-curry-53849a44ff604d4a058b4567",
  "clonedFrom": null,
  "canonical": null,
  "canonicalLink": null
}
