{
  "country": "DE",
  "id": "53849c27ff604d46058b4568",
  "name": "Grillvergnügen: Gemüsespieße in pikanter Glasur",
  "seoName": null,
  "category": null,
  "slug": "grillvergnugen-gemusespiesze-in-pikanter-glasur",
  "headline": "serviert mit Kräuter-Drilling-Kartoffelsalat",
  "description": "",
  "descriptionHTML": "",
  "descriptionMarkdown": "",
  "seoDescription": null,
  "comment": null,
  "difficulty": 1,
  "prepTime": "PT35M",
  "totalTime": null,
  "servingSize": 0,
  "createdAt": "2014-05-27T14:07:35+00:00",
  "updatedAt": "2016-07-13T13:42:46+00:00",
  "link": "https://hellofresh.com/recipes/53849c27ff604d46058b4568",
  "imageLink": "https://d3hvwccx09j84u.cloudfront.net/0,0/image/53849c27ff604d46058b4568.jpg",
  "cardLink": null,
  "videoLink": null,
  "nutrition": [],
  "ingredients": [],
  "allergens": [],
  "utensils": [],
  "tags": [],
  "cuisines": [],
  "wines": [],
  "marketplaceItems": [],
  "author": null,
  "label": null,
  "yieldType": null,
  "yields": [],
  "steps": [],
  "averageRating": 3.7,
  "ratingsCount": 12,
  "favoritesCount": 20,
  "active": true,
  "highlighted": false,
  "isDinnerToLunch": false,
  "isExcludedFromIndex": false,
  "isPremium": false,
  "websiteUrl": "https://www.hellofresh.de/recipes/grillvergnugen-gemusespiesze-in-pikanter-glasur-53849c27ff604d46058b4568",
  "clonedFrom": null,
  "canonical": null,
  "canonicalLink": null
}
