{
  "country": "DE",
  "id": "53849b45ff604d3e068b4567",
  "name": "Knusper „Grilled Cheese“ Sandwich",
  "seoName": null,
  "category": null,
  "slug": "knusper-grilled-cheese-sandwich",
  "headline": "mit selbstgemachter Guacamole, Tortilla-Chips und  Karottenstäbchen",
  "description": "",
  "descriptionHTML": "",
  "descriptionMarkdown": "",
  "seoDescription": null,
  "comment": null,
  "difficulty": 2,
  "prepTime": "PT40M",
  "totalTime": null,
  "servingSize": 0,
  "createdAt": "2014-05-27T14:03:49+00:00",
  "updatedAt": "2016-07-13T13:42:32+00:00",
  "link": "https://hellofresh.com/recipes/53849b45ff604d3e068b4567",
  "imageLink": "https://d3hvwccx09j84u.cloudfront.net/0,0/image/53849b45ff604d3e068b4567.jpg",
  "cardLink": null,
  "videoLink": null,
  "nutrition": [],
  "ingredients": [],
  "allergens": [],
  "utensils": [],
  "tags": [],
  "cuisines": [],
  "wines": [],
  "marketplaceItems": [],
  "author": null,
  "label": null,
  "yieldType": null,
  "yields": [],
  "steps": [],
  "averageRating": 3.4,
  "ratingsCount": 21,
  "favoritesCount": 89,
  "active": true,
  "highlighted": false,
  "isDinnerToLunch": false,
  "isExcludedFromIndex": false,
  "isPremium": false,
  "websiteUrl": "https://www.hellofresh.de/recipes/knusper-grilled-cheese-sandwich-53849b45ff604d3e068b4567",
  "clonedFrom": null,
  "canonical": null,
  "canonicalLink": null
}
