{
  "country": "DE",
  "id": "53849da0ff604d40068b4567",
  "name": "Hähnchen-Tomaten-Ragout",
  "seoName": null,
  "category": null,
  "slug": "hahnchen-tomaten-ragout",
  "headline": "",
  "description": "",
  "descriptionHTML": "",
  "descriptionMarkdown": "",
  "seoDescription": null,
  "comment": null,
  "difficulty": 0,
  "prepTime": "PT40M",
  "totalTime": null,
  "servingSize": 0,
  "createdAt": "2014-05-27T14:13:52+00:00",
  "updatedAt": "2016-01-24T15:29:02+00:00",
  "link": "https://hellofresh.com/recipes/53849da0ff604d40068b4567",
  "imageLink": "https://d3hvwccx09j84u.cloudfront.net/0,0/image/53849da0ff604d40068b4567.jpg",
  "cardLink": null,
  "videoLink": null,
  "nutrition": [],
  "ingredients": [],
  "allergens": [],
  "utensils": [],
  "tags": [],
  "cuisines": [],
  "wines": [],
  "marketplaceItems": [],
  "author": null,
  "label": null,
  "yieldType": null,
  "yields": [],
  "steps": [],
  "averageRating": 3.2,
  "ratingsCount": 9,
  "favoritesCount": 24,
  "active": true,
  "highlighted": false,
  "isDinnerToLunch": false,
  "isExcludedFromIndex": false,
  "isPremium": false,
  "websiteUrl": "https://www.hellofresh.de/recipes/hahnchen-tomaten-ragout-53849da0ff604d40068b4567",
  "clonedFrom": null,
  "canonical": null,
  "canonicalLink": null
}
