{
  "country": "DE",
  "id": "53849aaaff604d5b058b4567",
  "name": "Für den Grill: Schweinelachs-Gemüsespieße in herzhafter Glasur",
  "seoName": null,
  "category": null,
  "slug": "fur-den-grill-schweinelachs-gemusespiesze-in-herzhafter-glasur",
  "headline": "mit Brokkoli und  selbstgemachten Pommes",
  "description": "",
  "descriptionHTML": "",
  "descriptionMarkdown": "",
  "seoDescription": null,
  "comment": null,
  "difficulty": 2,
  "prepTime": "PT40M",
  "totalTime": null,
  "servingSize": 0,
  "createdAt": "2014-05-27T14:01:14+00:00",
  "updatedAt": "2016-07-17T07:39:14+00:00",
  "link": "https://hellofresh.com/recipes/53849aaaff604d5b058b4567",
  "imageLink": "https://d3hvwccx09j84u.cloudfront.net/0,0/image/53849aaaff604d5b058b4567.jpg",
  "cardLink": null,
  "videoLink": null,
  "nutrition": [],
  "ingredients": [],
  "allergens": [],
  "utensils": [],
  "tags": [],
  "cuisines": [],
  "wines": [],
  "marketplaceItems": [],
  "author": null,
  "label": null,
  "yieldType": null,
  "yields": [],
  "steps": [],
  "averageRating": 3.5,
  "ratingsCount": 29,
  "favoritesCount": 68,
  "active": true,
  "highlighted": false,
  "isDinnerToLunch": false,
  "isExcludedFromIndex": false,
  "isPremium": false,
  "websiteUrl": "https://www.hellofresh.de/recipes/fur-den-grill-schweinelachs-gemusespiesze-in-herzhafter-glasur-53849aaaff604d5b058b4567",
  "clonedFrom": null,
  "canonical": null,
  "canonicalLink": null
}
