{
  "country": "DE",
  "id": "53849ccdff604d5b058b4568",
  "name": "Auberginen Pilaf „Musakahn“",
  "seoName": null,
  "category": null,
  "slug": "auberginen-pilaf-musakahn",
  "headline": "auf fluffigem Basmatireis mit Pistazien, Knoblauch-Joghurt und Koriander ",
  "description": "",
  "descriptionHTML": "",
  "descriptionMarkdown": "",
  "seoDescription": null,
  "comment": null,
  "difficulty": 1,
  "prepTime": "PT35M",
  "totalTime": null,
  "servingSize": 0,
  "createdAt": "2014-05-27T14:10:21+00:00",
  "updatedAt": "2016-07-13T13:42:48+00:00",
  "link": "https://hellofresh.com/recipes/53849ccdff604d5b058b4568",
  "imageLink": "https://d3hvwccx09j84u.cloudfront.net/0,0/image/53849ccdff604d5b058b4568.jpg",
  "cardLink": null,
  "videoLink": null,
  "nutrition": [],
  "ingredients": [],
  "allergens": [],
  "utensils": [],
  "tags": [],
  "cuisines": [],
  "wines": [],
  "marketplaceItems": [],
  "author": null,
  "label": null,
  "yieldType": null,
  "yields": [],
  "steps": [],
  "averageRating": 2.7,
  "ratingsCount": 3,
  "favoritesCount": 10,
  "active": true,
  "highlighted": false,
  "isDinnerToLunch": false,
  "isExcludedFromIndex": false,
  "isPremium": false,
  "websiteUrl": "https://www.hellofresh.de/recipes/auberginen-pilaf-musakahn-53849ccdff604d5b058b4568",
  "clonedFrom": null,
  "canonical": null,
  "canonicalLink": null
}
