{
  "country": "DE",
  "id": "53849af1ff604d3b068b4567",
  "name": "Käse-Tortellini in Sommer-Gemüse- Alfredo-Sauce",
  "seoName": null,
  "category": null,
  "slug": "kase-tortellini-in-sommer-gemuse-alfredo-sauce",
  "headline": "mit Zucchini, Tomaten und frisch geriebenem Parmesan",
  "description": "",
  "descriptionHTML": "",
  "descriptionMarkdown": "",
  "seoDescription": null,
  "comment": null,
  "difficulty": 1,
  "prepTime": "PT25M",
  "totalTime": null,
  "servingSize": 0,
  "createdAt": "2014-05-27T14:02:25+00:00",
  "updatedAt": "2016-07-13T13:42:29+00:00",
  "link": "https://hellofresh.com/recipes/53849af1ff604d3b068b4567",
  "imageLink": "https://d3hvwccx09j84u.cloudfront.net/0,0/image/53849af1ff604d3b068b4567.jpg",
  "cardLink": null,
  "videoLink": null,
  "nutrition": [],
  "ingredients": [],
  "allergens": [],
  "utensils": [],
  "tags": [],
  "cuisines": [],
  "wines": [],
  "marketplaceItems": [],
  "author": null,
  "label": null,
  "yieldType": null,
  "yields": [],
  "steps": [],
  "averageRating": 3.6,
  "ratingsCount": 49,
  "favoritesCount": 88,
  "active": true,
  "highlighted": false,
  "isDinnerToLunch": false,
  "isExcludedFromIndex": false,
  "isPremium": false,
  "websiteUrl": "https://www.hellofresh.de/recipes/kase-tortellini-in-sommer-gemuse-alfredo-sauce-53849af1ff604d3b068b4567",
  "clonedFrom": null,
  "canonical": null,
  "canonicalLink": null
}
