{
  "country": "DE",
  "id": "53849d78ff604d3b068b4568",
  "name": "Rindfleischstreifen mit Gemüse",
  "seoName": null,
  "category": null,
  "slug": "rindfleischstreifen-mit-gemuse",
  "headline": "",
  "description": "",
  "descriptionHTML": "",
  "descriptionMarkdown": "",
  "seoDescription": null,
  "comment": null,
  "difficulty": 0,
  "prepTime": "PT35M",
  "totalTime": null,
  "servingSize": 0,
  "createdAt": "2014-05-27T14:13:12+00:00",
  "updatedAt": "2016-01-24T15:21:40+00:00",
  "link": "https://hellofresh.com/recipes/53849d78ff604d3b068b4568",
  "imageLink": "https://d3hvwccx09j84u.cloudfront.net/0,0/image/53849d78ff604d3b068b4568.jpg",
  "cardLink": null,
  "videoLink": null,
  "nutrition": [],
  "ingredients": [],
  "allergens": [],
  "utensils": [],
  "tags": [],
  "cuisines": [],
  "wines": [],
  "marketplaceItems": [],
  "author": null,
  "label": null,
  "yieldType": null,
  "yields": [],
  "steps": [],
  "averageRating": 2.8,
  "ratingsCount": 9,
  "favoritesCount": 20,
  "active": true,
  "highlighted": false,
  "isDinnerToLunch": false,
  "isExcludedFromIndex": false,
  "isPremium": false,
  "websiteUrl": "https://www.hellofresh.de/recipes/rindfleischstreifen-mit-gemuse-53849d78ff604d3b068b4568",
  "clonedFrom": null,
  "canonical": null,
  "canonicalLink": null
}
