{
  "country": "DE",
  "id": "53849b98ff604d41068b4567",
  "name": "Cremig-feurige Thunfisch-Fettuccine",
  "seoName": null,
  "category": null,
  "slug": "cremig-feurige-thunfisch-fettuccine",
  "headline": "mit frischem Oregano und Chiliflocken",
  "description": "",
  "descriptionHTML": "",
  "descriptionMarkdown": "",
  "seoDescription": null,
  "comment": null,
  "difficulty": 1,
  "prepTime": "PT25M",
  "totalTime": null,
  "servingSize": 0,
  "createdAt": "2014-05-27T14:05:12+00:00",
  "updatedAt": "2016-07-17T07:39:23+00:00",
  "link": "https://hellofresh.com/recipes/53849b98ff604d41068b4567",
  "imageLink": "https://d3hvwccx09j84u.cloudfront.net/0,0/image/53849b98ff604d41068b4567.jpg",
  "cardLink": null,
  "videoLink": null,
  "nutrition": [],
  "ingredients": [],
  "allergens": [],
  "utensils": [],
  "tags": [],
  "cuisines": [],
  "wines": [],
  "marketplaceItems": [],
  "author": null,
  "label": null,
  "yieldType": null,
  "yields": [],
  "steps": [],
  "averageRating": 3,
  "ratingsCount": 12,
  "favoritesCount": 78,
  "active": true,
  "highlighted": false,
  "isDinnerToLunch": false,
  "isExcludedFromIndex": false,
  "isPremium": false,
  "websiteUrl": "https://www.hellofresh.de/recipes/cremig-feurige-thunfisch-fettuccine-53849b98ff604d41068b4567",
  "clonedFrom": null,
  "canonical": null,
  "canonicalLink": null
}
