{
  "country": "DE",
  "id": "53849dc2ff604d42058b4567",
  "name": "Kartoffel-Gemüse-Auflauf",
  "seoName": null,
  "category": null,
  "slug": "kartoffel-gemuse-auflauf",
  "headline": "",
  "description": "",
  "descriptionHTML": "",
  "descriptionMarkdown": "",
  "seoDescription": null,
  "comment": null,
  "difficulty": 0,
  "prepTime": "PT60M",
  "totalTime": null,
  "servingSize": 0,
  "createdAt": "2014-05-27T14:14:26+00:00",
  "updatedAt": "2015-12-17T09:23:07+00:00",
  "link": "https://hellofresh.com/recipes/53849dc2ff604d42058b4567",
  "imageLink": "https://d3hvwccx09j84u.cloudfront.net/0,0/image/53849dc2ff604d42058b4567.jpg",
  "cardLink": null,
  "videoLink": null,
  "nutrition": [],
  "ingredients": [],
  "allergens": [],
  "utensils": [],
  "tags": [],
  "cuisines": [],
  "wines": [],
  "marketplaceItems": [],
  "author": null,
  "label": null,
  "yieldType": null,
  "yields": [],
  "steps": [],
  "averageRating": 2.4,
  "ratingsCount": 8,
  "favoritesCount": 24,
  "active": true,
  "highlighted": false,
  "isDinnerToLunch": false,
  "isExcludedFromIndex": false,
  "isPremium": false,
  "websiteUrl": "https://www.hellofresh.de/recipes/kartoffel-gemuse-auflauf-53849dc2ff604d42058b4567",
  "clonedFrom": null,
  "canonical": null,
  "canonicalLink": null
}
