{
  "country": "DE",
  "id": "53982f61ff604dfd7d8b4569",
  "name": "Knusprige Schwarzwälder Schinken-Kräuter Pizza ",
  "seoName": null,
  "category": null,
  "slug": "knusprige-schwarzwalder-schinken-krauter-pizza",
  "headline": "mit feinen Zwiebelstreifen und  Zucchini",
  "description": "",
  "descriptionHTML": "",
  "descriptionMarkdown": "",
  "seoDescription": null,
  "comment": null,
  "difficulty": 1,
  "prepTime": "PT25M",
  "totalTime": null,
  "servingSize": 0,
  "createdAt": "2014-06-11T10:28:49+00:00",
  "updatedAt": "2016-01-30T14:49:17+00:00",
  "link": "https://hellofresh.com/recipes/53982f61ff604dfd7d8b4569",
  "imageLink": "https://d3hvwccx09j84u.cloudfront.net/0,0/image/53982f61ff604dfd7d8b4569.jpg",
  "cardLink": null,
  "videoLink": null,
  "nutrition": [],
  "ingredients": [],
  "allergens": [],
  "utensils": [],
  "tags": [],
  "cuisines": [],
  "wines": [],
  "marketplaceItems": [],
  "author": null,
  "label": null,
  "yieldType": null,
  "yields": [],
  "steps": [],
  "averageRating": 3.6,
  "ratingsCount": 14,
  "favoritesCount": 46,
  "active": true,
  "highlighted": false,
  "isDinnerToLunch": false,
  "isExcludedFromIndex": false,
  "isPremium": false,
  "websiteUrl": "https://www.hellofresh.de/recipes/knusprige-schwarzwalder-schinken-krauter-pizza-53982f61ff604dfd7d8b4569",
  "clonedFrom": null,
  "canonical": null,
  "canonicalLink": null
}
