{
  "country": "DE",
  "id": "539830a0ff604df37d8b456c",
  "name": "Steak mit Kräuterbutter und Bohnen",
  "seoName": null,
  "category": null,
  "slug": "steak-mit-krauterbutter-und-bohnen",
  "headline": "",
  "description": "",
  "descriptionHTML": "",
  "descriptionMarkdown": "",
  "seoDescription": null,
  "comment": null,
  "difficulty": 0,
  "prepTime": "PT40M",
  "totalTime": null,
  "servingSize": 0,
  "createdAt": "2014-06-11T10:34:08+00:00",
  "updatedAt": "2016-09-10T02:23:05+00:00",
  "link": "https://hellofresh.com/recipes/539830a0ff604df37d8b456c",
  "imageLink": "https://d3hvwccx09j84u.cloudfront.net/0,0/image/539830a0ff604df37d8b456c.jpg",
  "cardLink": null,
  "videoLink": null,
  "nutrition": [],
  "ingredients": [],
  "allergens": [],
  "utensils": [],
  "tags": [],
  "cuisines": [],
  "wines": [],
  "marketplaceItems": [],
  "author": null,
  "label": null,
  "yieldType": null,
  "yields": [],
  "steps": [],
  "averageRating": 3.4,
  "ratingsCount": 7,
  "favoritesCount": 36,
  "active": true,
  "highlighted": false,
  "isDinnerToLunch": false,
  "isExcludedFromIndex": false,
  "isPremium": false,
  "websiteUrl": "https://www.hellofresh.de/recipes/steak-mit-krauterbutter-und-bohnen-539830a0ff604df37d8b456c",
  "clonedFrom": null,
  "canonical": null,
  "canonicalLink": null
}
