{
  "country": "DE",
  "id": "53982fa0ff604d027e8b456a",
  "name": "Delikate Zucchini Lasagne mit Dreierlei Käse",
  "seoName": null,
  "category": null,
  "slug": "delikate-zucchini-lasagne-mit-dreierlei-kase",
  "headline": "in Kräuter Tomatensoße, garniert mit frischem Basilikum ",
  "description": "",
  "descriptionHTML": "",
  "descriptionMarkdown": "",
  "seoDescription": null,
  "comment": null,
  "difficulty": 2,
  "prepTime": "PT40M",
  "totalTime": null,
  "servingSize": 0,
  "createdAt": "2014-06-11T10:29:52+00:00",
  "updatedAt": "2016-07-13T13:42:56+00:00",
  "link": "https://hellofresh.com/recipes/53982fa0ff604d027e8b456a",
  "imageLink": "https://d3hvwccx09j84u.cloudfront.net/0,0/image/53982fa0ff604d027e8b456a.jpg",
  "cardLink": null,
  "videoLink": null,
  "nutrition": [],
  "ingredients": [],
  "allergens": [],
  "utensils": [],
  "tags": [],
  "cuisines": [],
  "wines": [],
  "marketplaceItems": [],
  "author": null,
  "label": null,
  "yieldType": null,
  "yields": [],
  "steps": [],
  "averageRating": 3.8,
  "ratingsCount": 6,
  "favoritesCount": 29,
  "active": true,
  "highlighted": false,
  "isDinnerToLunch": false,
  "isExcludedFromIndex": false,
  "isPremium": false,
  "websiteUrl": "https://www.hellofresh.de/recipes/delikate-zucchini-lasagne-mit-dreierlei-kase-53982fa0ff604d027e8b456a",
  "clonedFrom": null,
  "canonical": null,
  "canonicalLink": null
}
