{
  "country": "DE",
  "id": "53982ee4ff604d027e8b4569",
  "name": "Erfrischender Bulgursalat in feiner Vinaigrette ",
  "seoName": null,
  "category": null,
  "slug": "erfrischender-bulgursalat-in-feiner-vinaigrette",
  "headline": "mit Paprikavariationen, Mandelblättchen und paniertem Feta ",
  "description": "",
  "descriptionHTML": "",
  "descriptionMarkdown": "",
  "seoDescription": null,
  "comment": null,
  "difficulty": 2,
  "prepTime": "PT35M",
  "totalTime": null,
  "servingSize": 0,
  "createdAt": "2014-06-11T10:26:44+00:00",
  "updatedAt": "2016-07-17T07:39:37+00:00",
  "link": "https://hellofresh.com/recipes/53982ee4ff604d027e8b4569",
  "imageLink": "https://d3hvwccx09j84u.cloudfront.net/0,0/image/53982ee4ff604d027e8b4569.jpg",
  "cardLink": null,
  "videoLink": null,
  "nutrition": [],
  "ingredients": [],
  "allergens": [],
  "utensils": [],
  "tags": [],
  "cuisines": [],
  "wines": [],
  "marketplaceItems": [],
  "author": null,
  "label": null,
  "yieldType": null,
  "yields": [],
  "steps": [],
  "averageRating": 3.2,
  "ratingsCount": 17,
  "favoritesCount": 50,
  "active": true,
  "highlighted": false,
  "isDinnerToLunch": false,
  "isExcludedFromIndex": false,
  "isPremium": false,
  "websiteUrl": "https://www.hellofresh.de/recipes/erfrischender-bulgursalat-in-feiner-vinaigrette-53982ee4ff604d027e8b4569",
  "clonedFrom": null,
  "canonical": null,
  "canonicalLink": null
}
