{
  "country": "DE",
  "id": "53982e39ff604df37d8b456b",
  "name": "Indische Hähnchenbrust Burger „Tandoori“ ",
  "seoName": null,
  "category": null,
  "slug": "indische-hahnchenbrust-burger-tandoori",
  "headline": "mit Garam Masala gewürzten Kartoffelwürfel und „Raita“ Joghurtsoße",
  "description": "",
  "descriptionHTML": "",
  "descriptionMarkdown": "",
  "seoDescription": null,
  "comment": null,
  "difficulty": 2,
  "prepTime": "PT40M",
  "totalTime": null,
  "servingSize": 0,
  "createdAt": "2014-06-11T10:23:53+00:00",
  "updatedAt": "2016-05-28T09:52:32+00:00",
  "link": "https://hellofresh.com/recipes/53982e39ff604df37d8b456b",
  "imageLink": "https://d3hvwccx09j84u.cloudfront.net/0,0/image/53982e39ff604df37d8b456b.jpg",
  "cardLink": null,
  "videoLink": null,
  "nutrition": [],
  "ingredients": [],
  "allergens": [],
  "utensils": [],
  "tags": [],
  "cuisines": [],
  "wines": [],
  "marketplaceItems": [],
  "author": null,
  "label": null,
  "yieldType": null,
  "yields": [],
  "steps": [],
  "averageRating": 3.7,
  "ratingsCount": 42,
  "favoritesCount": 99,
  "active": true,
  "highlighted": false,
  "isDinnerToLunch": false,
  "isExcludedFromIndex": false,
  "isPremium": false,
  "websiteUrl": "https://www.hellofresh.de/recipes/indische-hahnchenbrust-burger-tandoori-53982e39ff604df37d8b456b",
  "clonedFrom": null,
  "canonical": null,
  "canonicalLink": null
}
