{
  "country": "DE",
  "id": "53983079ff604dee7d8b4568",
  "name": "Würziges Mangohähnchen",
  "seoName": null,
  "category": null,
  "slug": "wurziges-mangohahnchen",
  "headline": "",
  "description": "",
  "descriptionHTML": "",
  "descriptionMarkdown": "",
  "seoDescription": null,
  "comment": null,
  "difficulty": 0,
  "prepTime": "PT40M",
  "totalTime": null,
  "servingSize": 0,
  "createdAt": "2014-06-11T10:33:29+00:00",
  "updatedAt": "2016-02-17T18:47:33+00:00",
  "link": "https://hellofresh.com/recipes/53983079ff604dee7d8b4568",
  "imageLink": "https://d3hvwccx09j84u.cloudfront.net/0,0/image/53983079ff604dee7d8b4568.jpg",
  "cardLink": null,
  "videoLink": null,
  "nutrition": [],
  "ingredients": [],
  "allergens": [],
  "utensils": [],
  "tags": [],
  "cuisines": [],
  "wines": [],
  "marketplaceItems": [],
  "author": null,
  "label": null,
  "yieldType": null,
  "yields": [],
  "steps": [],
  "averageRating": 3.4,
  "ratingsCount": 7,
  "favoritesCount": 34,
  "active": true,
  "highlighted": false,
  "isDinnerToLunch": false,
  "isExcludedFromIndex": false,
  "isPremium": false,
  "websiteUrl": "https://www.hellofresh.de/recipes/wurziges-mangohahnchen-53983079ff604dee7d8b4568",
  "clonedFrom": null,
  "canonical": null,
  "canonicalLink": null
}
