{
  "country": "DE",
  "id": "53982fe2ff604de77d8b4567",
  "name": "Knusprige Kumin-Kartoffelwürfel-Mexiko",
  "seoName": null,
  "category": null,
  "slug": "knusprige-kumin-kartoffelwurfel-mexiko",
  "headline": "serviert mit Maiskolben, selbstgemachter Guacamole und Tomaten-Salsa",
  "description": "",
  "descriptionHTML": "",
  "descriptionMarkdown": "",
  "seoDescription": null,
  "comment": null,
  "difficulty": 3,
  "prepTime": "PT40M",
  "totalTime": null,
  "servingSize": 0,
  "createdAt": "2014-06-11T10:30:58+00:00",
  "updatedAt": "2016-07-13T13:43:02+00:00",
  "link": "https://hellofresh.com/recipes/53982fe2ff604de77d8b4567",
  "imageLink": "https://d3hvwccx09j84u.cloudfront.net/0,0/image/53982fe2ff604de77d8b4567.jpg",
  "cardLink": null,
  "videoLink": null,
  "nutrition": [],
  "ingredients": [],
  "allergens": [],
  "utensils": [],
  "tags": [],
  "cuisines": [],
  "wines": [],
  "marketplaceItems": [],
  "author": null,
  "label": null,
  "yieldType": null,
  "yields": [],
  "steps": [],
  "averageRating": 4,
  "ratingsCount": 4,
  "favoritesCount": 18,
  "active": true,
  "highlighted": false,
  "isDinnerToLunch": false,
  "isExcludedFromIndex": false,
  "isPremium": false,
  "websiteUrl": "https://www.hellofresh.de/recipes/knusprige-kumin-kartoffelwurfel-mexiko-53982fe2ff604de77d8b4567",
  "clonedFrom": null,
  "canonical": null,
  "canonicalLink": null
}
