{
  "country": "DE",
  "id": "5398303aff604d007e8b4568",
  "name": "Marokkanisch gewürzte Quinoa Plätzchen mit Petersilienwurzel",
  "seoName": null,
  "category": null,
  "slug": "marokkanisch-gewurzte-quinoa-platzchen-mit-petersilienwurzel",
  "headline": "verfeinert mit Minze-Joghurtsoße, dazu Eichblattsalat ",
  "description": "",
  "descriptionHTML": "",
  "descriptionMarkdown": "",
  "seoDescription": null,
  "comment": null,
  "difficulty": 1,
  "prepTime": "PT40M",
  "totalTime": null,
  "servingSize": 0,
  "createdAt": "2014-06-11T10:32:26+00:00",
  "updatedAt": "2016-07-13T13:43:04+00:00",
  "link": "https://hellofresh.com/recipes/5398303aff604d007e8b4568",
  "imageLink": "https://d3hvwccx09j84u.cloudfront.net/0,0/image/5398303aff604d007e8b4568.jpg",
  "cardLink": null,
  "videoLink": null,
  "nutrition": [],
  "ingredients": [],
  "allergens": [],
  "utensils": [],
  "tags": [],
  "cuisines": [],
  "wines": [],
  "marketplaceItems": [],
  "author": null,
  "label": null,
  "yieldType": null,
  "yields": [],
  "steps": [],
  "averageRating": 3.5,
  "ratingsCount": 4,
  "favoritesCount": 15,
  "active": true,
  "highlighted": false,
  "isDinnerToLunch": false,
  "isExcludedFromIndex": false,
  "isPremium": false,
  "websiteUrl": "https://www.hellofresh.de/recipes/marokkanisch-gewurzte-quinoa-platzchen-mit-petersilienwurzel-5398303aff604d007e8b4568",
  "clonedFrom": null,
  "canonical": null,
  "canonicalLink": null
}
