{
  "country": "DE",
  "id": "539830ddff604dfa7d8b4569",
  "name": "Zucchinibällchen auf Tomatensoße",
  "seoName": null,
  "category": null,
  "slug": "zucchiniballchen-auf-tomatensosze",
  "headline": "",
  "description": "",
  "descriptionHTML": "",
  "descriptionMarkdown": "",
  "seoDescription": null,
  "comment": null,
  "difficulty": 0,
  "prepTime": "PT45M",
  "totalTime": null,
  "servingSize": 0,
  "createdAt": "2014-06-11T10:35:09+00:00",
  "updatedAt": "2016-02-15T21:42:13+00:00",
  "link": "https://hellofresh.com/recipes/539830ddff604dfa7d8b4569",
  "imageLink": "https://d3hvwccx09j84u.cloudfront.net/0,0/image/539830ddff604dfa7d8b4569.jpg",
  "cardLink": null,
  "videoLink": null,
  "nutrition": [],
  "ingredients": [],
  "allergens": [],
  "utensils": [],
  "tags": [],
  "cuisines": [],
  "wines": [],
  "marketplaceItems": [],
  "author": null,
  "label": null,
  "yieldType": null,
  "yields": [],
  "steps": [],
  "averageRating": 3.3,
  "ratingsCount": 7,
  "favoritesCount": 35,
  "active": true,
  "highlighted": false,
  "isDinnerToLunch": false,
  "isExcludedFromIndex": false,
  "isPremium": false,
  "websiteUrl": "https://www.hellofresh.de/recipes/zucchiniballchen-auf-tomatensosze-539830ddff604dfa7d8b4569",
  "clonedFrom": null,
  "canonical": null,
  "canonicalLink": null
}
