{
  "country": "DE",
  "id": "53982e7eff604dfa7d8b4568",
  "name": "Cremig gerührtes Sommer-Gemüse Risotto",
  "seoName": null,
  "category": null,
  "slug": "cremig-geruhrtes-sommer-gemuse-risotto",
  "headline": "mit grünen Bohnen und Rucola, verfeinert mit Crème fraîche",
  "description": "",
  "descriptionHTML": "",
  "descriptionMarkdown": "",
  "seoDescription": null,
  "comment": null,
  "difficulty": 2,
  "prepTime": "PT35M",
  "totalTime": null,
  "servingSize": 0,
  "createdAt": "2014-06-11T10:25:02+00:00",
  "updatedAt": "2016-01-30T14:48:33+00:00",
  "link": "https://hellofresh.com/recipes/53982e7eff604dfa7d8b4568",
  "imageLink": "https://d3hvwccx09j84u.cloudfront.net/0,0/image/53982e7eff604dfa7d8b4568.jpg",
  "cardLink": null,
  "videoLink": null,
  "nutrition": [],
  "ingredients": [],
  "allergens": [],
  "utensils": [],
  "tags": [],
  "cuisines": [],
  "wines": [],
  "marketplaceItems": [],
  "author": null,
  "label": null,
  "yieldType": null,
  "yields": [],
  "steps": [],
  "averageRating": 3.3,
  "ratingsCount": 35,
  "favoritesCount": 67,
  "active": true,
  "highlighted": false,
  "isDinnerToLunch": false,
  "isExcludedFromIndex": false,
  "isPremium": false,
  "websiteUrl": "https://www.hellofresh.de/recipes/cremig-geruhrtes-sommer-gemuse-risotto-53982e7eff604dfa7d8b4568",
  "clonedFrom": null,
  "canonical": null,
  "canonicalLink": null
}
