{
  "country": "DE",
  "id": "53982e06ff604deb7d8b4569",
  "name": "Rinderfilet Farfalle-Pasta „Caprese“",
  "seoName": null,
  "category": null,
  "slug": "rinderfilet-farfalle-pasta-caprese",
  "headline": "mit Mozzarella, Tomaten und Basilikum-Mandel-Crème",
  "description": "",
  "descriptionHTML": "",
  "descriptionMarkdown": "",
  "seoDescription": null,
  "comment": null,
  "difficulty": 1,
  "prepTime": "PT30M",
  "totalTime": null,
  "servingSize": 0,
  "createdAt": "2014-06-11T10:23:02+00:00",
  "updatedAt": "2016-07-13T13:20:57+00:00",
  "link": "https://hellofresh.com/recipes/53982e06ff604deb7d8b4569",
  "imageLink": "https://d3hvwccx09j84u.cloudfront.net/0,0/image/53982e06ff604deb7d8b4569.jpg",
  "cardLink": null,
  "videoLink": null,
  "nutrition": [],
  "ingredients": [],
  "allergens": [],
  "utensils": [],
  "tags": [],
  "cuisines": [],
  "wines": [],
  "marketplaceItems": [],
  "author": null,
  "label": null,
  "yieldType": null,
  "yields": [],
  "steps": [],
  "averageRating": 3.2,
  "ratingsCount": 33,
  "favoritesCount": 81,
  "active": true,
  "highlighted": false,
  "isDinnerToLunch": false,
  "isExcludedFromIndex": false,
  "isPremium": false,
  "websiteUrl": "https://www.hellofresh.de/recipes/rinderfilet-farfalle-pasta-caprese-53982e06ff604deb7d8b4569",
  "clonedFrom": null,
  "canonical": null,
  "canonicalLink": null
}
