{
  "country": "DE",
  "id": "53a19724ff604de52e8b4569",
  "name": "Mediterrane Fladenbrot „Roll Up“ Wraps  ",
  "seoName": null,
  "category": null,
  "slug": "mediterrane-fladenbrot-roll-up-wraps",
  "headline": "gefüllt mit Tomaten, Paprika,Zucchini und grüner Salat, gewürzt mit Za’atar",
  "description": "",
  "descriptionHTML": "",
  "descriptionMarkdown": "",
  "seoDescription": null,
  "comment": null,
  "difficulty": 2,
  "prepTime": "PT30M",
  "totalTime": null,
  "servingSize": 0,
  "createdAt": "2014-06-18T13:41:56+00:00",
  "updatedAt": "2016-01-30T19:31:11+00:00",
  "link": "https://hellofresh.com/recipes/53a19724ff604de52e8b4569",
  "imageLink": "https://d3hvwccx09j84u.cloudfront.net/0,0/image/53a19724ff604de52e8b4569.jpg",
  "cardLink": null,
  "videoLink": null,
  "nutrition": [],
  "ingredients": [],
  "allergens": [],
  "utensils": [],
  "tags": [],
  "cuisines": [],
  "wines": [],
  "marketplaceItems": [],
  "author": null,
  "label": null,
  "yieldType": null,
  "yields": [],
  "steps": [],
  "averageRating": 3.2,
  "ratingsCount": 179,
  "favoritesCount": 60,
  "active": true,
  "highlighted": false,
  "isDinnerToLunch": false,
  "isExcludedFromIndex": false,
  "isPremium": false,
  "websiteUrl": "https://www.hellofresh.de/recipes/mediterrane-fladenbrot-roll-up-wraps-53a19724ff604de52e8b4569",
  "clonedFrom": null,
  "canonical": null,
  "canonicalLink": null
}
