{
  "country": "DE",
  "id": "53a19be5ff604d46188b456a",
  "name": "Griechischer Kartoffelsalat   ",
  "seoName": null,
  "category": null,
  "slug": "griechischer-kartoffelsalat",
  "headline": "",
  "description": "",
  "descriptionHTML": "",
  "descriptionMarkdown": "",
  "seoDescription": null,
  "comment": null,
  "difficulty": 0,
  "prepTime": "PT45M",
  "totalTime": null,
  "servingSize": 0,
  "createdAt": "2014-06-18T14:02:13+00:00",
  "updatedAt": "2016-03-15T15:44:34+00:00",
  "link": "https://hellofresh.com/recipes/53a19be5ff604d46188b456a",
  "imageLink": "https://d3hvwccx09j84u.cloudfront.net/0,0/image/53a19be5ff604d46188b456a.jpg",
  "cardLink": null,
  "videoLink": null,
  "nutrition": [],
  "ingredients": [],
  "allergens": [],
  "utensils": [],
  "tags": [],
  "cuisines": [],
  "wines": [],
  "marketplaceItems": [],
  "author": null,
  "label": null,
  "yieldType": null,
  "yields": [],
  "steps": [],
  "averageRating": 3.2,
  "ratingsCount": 31,
  "favoritesCount": 38,
  "active": true,
  "highlighted": false,
  "isDinnerToLunch": false,
  "isExcludedFromIndex": false,
  "isPremium": false,
  "websiteUrl": "https://www.hellofresh.de/recipes/griechischer-kartoffelsalat-53a19be5ff604d46188b456a",
  "clonedFrom": null,
  "canonical": null,
  "canonicalLink": null
}
