{
  "country": "DE",
  "id": "53a1967fff604d45188b4567",
  "name": "Italienische Schnitzelröllchen „Saltimbocca“",
  "seoName": null,
  "category": null,
  "slug": "italienische-schnitzelrollchen-saltimbocca",
  "headline": "mit gedünstetem grünen Spargel, serviert auf Kartoffel-Runden mit cremiger Champignon-Soße ",
  "description": "",
  "descriptionHTML": "",
  "descriptionMarkdown": "",
  "seoDescription": null,
  "comment": null,
  "difficulty": 0,
  "prepTime": "PT40M",
  "totalTime": null,
  "servingSize": 0,
  "createdAt": "2014-06-18T13:39:11+00:00",
  "updatedAt": "2016-04-23T00:03:05+00:00",
  "link": "https://hellofresh.com/recipes/53a1967fff604d45188b4567",
  "imageLink": "https://d3hvwccx09j84u.cloudfront.net/0,0/image/53a1967fff604d45188b4567.jpg",
  "cardLink": null,
  "videoLink": null,
  "nutrition": [],
  "ingredients": [],
  "allergens": [],
  "utensils": [],
  "tags": [],
  "cuisines": [],
  "wines": [],
  "marketplaceItems": [],
  "author": null,
  "label": null,
  "yieldType": null,
  "yields": [],
  "steps": [],
  "averageRating": 3.5,
  "ratingsCount": 500,
  "favoritesCount": 153,
  "active": true,
  "highlighted": false,
  "isDinnerToLunch": false,
  "isExcludedFromIndex": false,
  "isPremium": false,
  "websiteUrl": "https://www.hellofresh.de/recipes/italienische-schnitzelrollchen-saltimbocca-53a1967fff604d45188b4567",
  "clonedFrom": null,
  "canonical": null,
  "canonicalLink": null
}
