{
  "country": "DE",
  "id": "53a1963fff604d6c428b4567",
  "name": " Putenbrust in pikanter Chili-Limetten-Mango-Glasur",
  "seoName": null,
  "category": null,
  "slug": "putenbrust-in-pikanter-chili-limetten-mango-glasur",
  "headline": "dazu fluffiger Basmatireis und grüner Salat ",
  "description": "",
  "descriptionHTML": "",
  "descriptionMarkdown": "",
  "seoDescription": null,
  "comment": null,
  "difficulty": 3,
  "prepTime": "PT35M",
  "totalTime": null,
  "servingSize": 0,
  "createdAt": "2014-06-18T13:38:07+00:00",
  "updatedAt": "2016-07-13T13:21:13+00:00",
  "link": "https://hellofresh.com/recipes/53a1963fff604d6c428b4567",
  "imageLink": "https://d3hvwccx09j84u.cloudfront.net/0,0/image/53a1963fff604d6c428b4567.jpg",
  "cardLink": null,
  "videoLink": null,
  "nutrition": [],
  "ingredients": [],
  "allergens": [],
  "utensils": [],
  "tags": [],
  "cuisines": [],
  "wines": [],
  "marketplaceItems": [],
  "author": null,
  "label": null,
  "yieldType": null,
  "yields": [],
  "steps": [],
  "averageRating": 3,
  "ratingsCount": 509,
  "favoritesCount": 113,
  "active": true,
  "highlighted": false,
  "isDinnerToLunch": false,
  "isExcludedFromIndex": false,
  "isPremium": false,
  "websiteUrl": "https://www.hellofresh.de/recipes/putenbrust-in-pikanter-chili-limetten-mango-glasur-53a1963fff604d6c428b4567",
  "clonedFrom": null,
  "canonical": null,
  "canonicalLink": null
}
