{
  "country": "DE",
  "id": "53a19767ff604d6c428b4568",
  "name": "Kross gebratene Schupfnudeln mit köstlicher Spitzkohl-Schinken-Soße",
  "seoName": null,
  "category": null,
  "slug": "kross-gebratene-schupfnudeln-mit-kostlicher-spitzkohl-schinken-sosze",
  "headline": "an verfeinertem Schnittlauch",
  "description": "",
  "descriptionHTML": "",
  "descriptionMarkdown": null,
  "seoDescription": null,
  "comment": null,
  "difficulty": 1,
  "prepTime": "PT30M",
  "totalTime": null,
  "servingSize": 0,
  "createdAt": "2014-06-18T13:43:03+00:00",
  "updatedAt": "2016-07-17T07:39:58+00:00",
  "link": "https://hellofresh.com/recipes/53a19767ff604d6c428b4568",
  "imageLink": "https://d3hvwccx09j84u.cloudfront.net/0,0/image/53a19767ff604d6c428b4568.jpg",
  "cardLink": null,
  "videoLink": null,
  "nutrition": [
    {
      "type": "57b42a48b7e8697d4b305304",
      "name": "Energie (kcal)",
      "amount": 0,
      "unit": "kcal"
    },
    {
      "type": "57b42a48b7e8697d4b305307",
      "name": "Fett",
      "amount": 0,
      "unit": "g"
    },
    {
      "type": "57b42a48b7e8697d4b305308",
      "name": "davon gesättigte Fettsäuren",
      "amount": 0,
      "unit": "g"
    },
    {
      "type": "57b42a48b7e8697d4b305305",
      "name": "Kohlenhydrate",
      "amount": 0,
      "unit": "g"
    },
    {
      "type": "57b42a48b7e8697d4b305306",
      "name": "davon Zucker",
      "amount": 0,
      "unit": "g"
    },
    {
      "type": "57b42a48b7e8697d4b30530a",
      "name": "Ballaststoffe",
      "amount": 0,
      "unit": "g"
    },
    {
      "type": "57b42a48b7e8697d4b305309",
      "name": "Eiweiß",
      "amount": 0,
      "unit": "g"
    },
    {
      "type": "57b42a48b7e8697d4b30530b",
      "name": "Salz",
      "amount": 0,
      "unit": "g"
    }
  ],
  "ingredients": [],
  "allergens": [],
  "utensils": [],
  "tags": [],
  "cuisines": [],
  "wines": [],
  "marketplaceItems": [],
  "author": null,
  "label": null,
  "yieldType": "servings",
  "yields": [],
  "steps": [],
  "averageRating": 3.3,
  "ratingsCount": 144,
  "favoritesCount": 63,
  "active": true,
  "highlighted": false,
  "isDinnerToLunch": false,
  "isExcludedFromIndex": false,
  "isPremium": false,
  "websiteUrl": "https://www.hellofresh.de/recipes/kross-gebratene-schupfnudeln-mit-kostlicher-spitzkohl-schinken-sosze-53a19767ff604d6c428b4568",
  "clonedFrom": null,
  "canonical": null,
  "canonicalLink": null
}
