{
  "country": "DE",
  "id": "53a19b90ff604de52e8b456b",
  "name": "Putencurry-Topf",
  "seoName": null,
  "category": null,
  "slug": "putencurry-topf",
  "headline": "",
  "description": "",
  "descriptionHTML": "",
  "descriptionMarkdown": "",
  "seoDescription": null,
  "comment": null,
  "difficulty": 0,
  "prepTime": "PT40M",
  "totalTime": null,
  "servingSize": 0,
  "createdAt": "2014-06-18T14:00:48+00:00",
  "updatedAt": "2016-01-19T23:41:33+00:00",
  "link": "https://hellofresh.com/recipes/53a19b90ff604de52e8b456b",
  "imageLink": "https://d3hvwccx09j84u.cloudfront.net/0,0/image/53a19b90ff604de52e8b456b.jpg",
  "cardLink": null,
  "videoLink": null,
  "nutrition": [],
  "ingredients": [],
  "allergens": [],
  "utensils": [],
  "tags": [],
  "cuisines": [],
  "wines": [],
  "marketplaceItems": [],
  "author": null,
  "label": null,
  "yieldType": null,
  "yields": [],
  "steps": [],
  "averageRating": 3.3,
  "ratingsCount": 34,
  "favoritesCount": 22,
  "active": true,
  "highlighted": false,
  "isDinnerToLunch": false,
  "isExcludedFromIndex": false,
  "isPremium": false,
  "websiteUrl": "https://www.hellofresh.de/recipes/putencurry-topf-53a19b90ff604de52e8b456b",
  "clonedFrom": null,
  "canonical": null,
  "canonicalLink": null
}
