{
  "country": "DE",
  "id": "53a19844ff604d46188b4569",
  "name": "Knusprige Blumenkohl Bratlinge",
  "seoName": null,
  "category": null,
  "slug": "knusprige-blumenkohl-bratlinge",
  "headline": "mit Kartoffelpüree und grünen Salat, serviert mit Crème fraîche",
  "description": "",
  "descriptionHTML": "",
  "descriptionMarkdown": "",
  "seoDescription": null,
  "comment": null,
  "difficulty": 3,
  "prepTime": "PT40M",
  "totalTime": null,
  "servingSize": 0,
  "createdAt": "2014-06-18T13:46:44+00:00",
  "updatedAt": "2016-04-08T20:28:40+00:00",
  "link": "https://hellofresh.com/recipes/53a19844ff604d46188b4569",
  "imageLink": "https://d3hvwccx09j84u.cloudfront.net/0,0/image/53a19844ff604d46188b4569.jpg",
  "cardLink": null,
  "videoLink": null,
  "nutrition": [],
  "ingredients": [],
  "allergens": [],
  "utensils": [],
  "tags": [],
  "cuisines": [],
  "wines": [],
  "marketplaceItems": [],
  "author": null,
  "label": null,
  "yieldType": null,
  "yields": [],
  "steps": [],
  "averageRating": 3,
  "ratingsCount": 131,
  "favoritesCount": 41,
  "active": true,
  "highlighted": false,
  "isDinnerToLunch": false,
  "isExcludedFromIndex": false,
  "isPremium": false,
  "websiteUrl": "https://www.hellofresh.de/recipes/knusprige-blumenkohl-bratlinge-53a19844ff604d46188b4569",
  "clonedFrom": null,
  "canonical": null,
  "canonicalLink": null
}
