{
  "country": "DE",
  "id": "53a19bc0ff604d6c428b4569",
  "name": "Spaghetti mit Schnitzel-Soße   ",
  "seoName": null,
  "category": null,
  "slug": "spaghetti-mit-schnitzel-sosze",
  "headline": "",
  "description": "",
  "descriptionHTML": "",
  "descriptionMarkdown": "",
  "seoDescription": null,
  "comment": null,
  "difficulty": 0,
  "prepTime": "PT30M",
  "totalTime": null,
  "servingSize": 0,
  "createdAt": "2014-06-18T14:01:36+00:00",
  "updatedAt": "2015-12-17T09:23:00+00:00",
  "link": "https://hellofresh.com/recipes/53a19bc0ff604d6c428b4569",
  "imageLink": "https://d3hvwccx09j84u.cloudfront.net/0,0/image/53a19bc0ff604d6c428b4569.jpg",
  "cardLink": null,
  "videoLink": null,
  "nutrition": [],
  "ingredients": [],
  "allergens": [],
  "utensils": [],
  "tags": [],
  "cuisines": [],
  "wines": [],
  "marketplaceItems": [],
  "author": null,
  "label": null,
  "yieldType": null,
  "yields": [],
  "steps": [],
  "averageRating": 3.4,
  "ratingsCount": 31,
  "favoritesCount": 18,
  "active": true,
  "highlighted": false,
  "isDinnerToLunch": false,
  "isExcludedFromIndex": false,
  "isPremium": false,
  "websiteUrl": "https://www.hellofresh.de/recipes/spaghetti-mit-schnitzel-sosze-53a19bc0ff604d6c428b4569",
  "clonedFrom": null,
  "canonical": null,
  "canonicalLink": null
}
