{
  "country": "DE",
  "id": "53a196b7ff604d46188b4568",
  "name": "Paprika Spaghetti a la Provence",
  "seoName": null,
  "category": null,
  "slug": "paprika-spaghetti-a-la-provence",
  "headline": "mit Thymian und Rosmarin, verfeinert mit frisch geriebenem Parmesan und Basilikum",
  "description": "",
  "descriptionHTML": "",
  "descriptionMarkdown": "",
  "seoDescription": null,
  "comment": null,
  "difficulty": 1,
  "prepTime": "PT25M",
  "totalTime": null,
  "servingSize": 0,
  "createdAt": "2014-06-18T13:40:07+00:00",
  "updatedAt": "2016-07-17T07:39:49+00:00",
  "link": "https://hellofresh.com/recipes/53a196b7ff604d46188b4568",
  "imageLink": "https://d3hvwccx09j84u.cloudfront.net/0,0/image/53a196b7ff604d46188b4568.jpg",
  "cardLink": null,
  "videoLink": null,
  "nutrition": [],
  "ingredients": [],
  "allergens": [],
  "utensils": [],
  "tags": [],
  "cuisines": [],
  "wines": [],
  "marketplaceItems": [],
  "author": null,
  "label": null,
  "yieldType": null,
  "yields": [],
  "steps": [],
  "averageRating": 2.7,
  "ratingsCount": 604,
  "favoritesCount": 115,
  "active": true,
  "highlighted": false,
  "isDinnerToLunch": false,
  "isExcludedFromIndex": false,
  "isPremium": false,
  "websiteUrl": "https://www.hellofresh.de/recipes/paprika-spaghetti-a-la-provence-53a196b7ff604d46188b4568",
  "clonedFrom": null,
  "canonical": null,
  "canonicalLink": null
}
