{
  "country": "DE",
  "id": "53a19896ff604de52e8b456a",
  "name": "Bunter Couscous-Salat „Chimichurri“ ",
  "seoName": null,
  "category": null,
  "slug": "bunter-couscous-salat-chimichurri",
  "headline": "mit Tomate, Paprika und Gurke",
  "description": "",
  "descriptionHTML": "",
  "descriptionMarkdown": "",
  "seoDescription": null,
  "comment": null,
  "difficulty": 1,
  "prepTime": "PT20M",
  "totalTime": null,
  "servingSize": 0,
  "createdAt": "2014-06-18T13:48:06+00:00",
  "updatedAt": "2015-12-21T21:38:25+00:00",
  "link": "https://hellofresh.com/recipes/53a19896ff604de52e8b456a",
  "imageLink": "https://d3hvwccx09j84u.cloudfront.net/0,0/image/53a19896ff604de52e8b456a.jpg",
  "cardLink": null,
  "videoLink": null,
  "nutrition": [],
  "ingredients": [],
  "allergens": [],
  "utensils": [],
  "tags": [],
  "cuisines": [],
  "wines": [],
  "marketplaceItems": [],
  "author": null,
  "label": null,
  "yieldType": null,
  "yields": [],
  "steps": [],
  "averageRating": 3.2,
  "ratingsCount": 34,
  "favoritesCount": 15,
  "active": true,
  "highlighted": false,
  "isDinnerToLunch": false,
  "isExcludedFromIndex": false,
  "isPremium": false,
  "websiteUrl": "https://www.hellofresh.de/recipes/bunter-couscous-salat-chimichurri-53a19896ff604de52e8b456a",
  "clonedFrom": null,
  "canonical": null,
  "canonicalLink": null
}
