{
  "country": "DE",
  "id": "53aaa62bff604d6aa88b4569",
  "name": "Hähnchenbrust mit Tomaten-Salsa",
  "seoName": null,
  "category": null,
  "slug": "hahnchenbrust-mit-tomaten-salsa",
  "headline": "",
  "description": "",
  "descriptionHTML": "",
  "descriptionMarkdown": "",
  "seoDescription": null,
  "comment": null,
  "difficulty": 0,
  "prepTime": "PT35M",
  "totalTime": null,
  "servingSize": 0,
  "createdAt": "2014-06-25T10:36:27+00:00",
  "updatedAt": "2016-02-04T21:13:07+00:00",
  "link": "https://hellofresh.com/recipes/53aaa62bff604d6aa88b4569",
  "imageLink": "https://d3hvwccx09j84u.cloudfront.net/0,0/image/53aaa62bff604d6aa88b4569.jpg",
  "cardLink": null,
  "videoLink": null,
  "nutrition": [],
  "ingredients": [],
  "allergens": [],
  "utensils": [],
  "tags": [],
  "cuisines": [],
  "wines": [],
  "marketplaceItems": [],
  "author": null,
  "label": null,
  "yieldType": null,
  "yields": [],
  "steps": [],
  "averageRating": 3.6,
  "ratingsCount": 35,
  "favoritesCount": 32,
  "active": true,
  "highlighted": false,
  "isDinnerToLunch": false,
  "isExcludedFromIndex": false,
  "isPremium": false,
  "websiteUrl": "https://www.hellofresh.de/recipes/hahnchenbrust-mit-tomaten-salsa-53aaa62bff604d6aa88b4569",
  "clonedFrom": null,
  "canonical": null,
  "canonicalLink": null
}
