{
  "country": "DE",
  "id": "53aaa698ff604df06e8b456a",
  "name": "Blumenkohl-Curry",
  "seoName": null,
  "category": null,
  "slug": "blumenkohl-curry",
  "headline": "",
  "description": "",
  "descriptionHTML": "",
  "descriptionMarkdown": "",
  "seoDescription": null,
  "comment": null,
  "difficulty": 0,
  "prepTime": "PT40M",
  "totalTime": null,
  "servingSize": 0,
  "createdAt": "2014-06-25T10:38:16+00:00",
  "updatedAt": "2016-01-24T15:16:47+00:00",
  "link": "https://hellofresh.com/recipes/53aaa698ff604df06e8b456a",
  "imageLink": "https://d3hvwccx09j84u.cloudfront.net/0,0/image/53aaa698ff604df06e8b456a.jpg",
  "cardLink": null,
  "videoLink": null,
  "nutrition": [],
  "ingredients": [],
  "allergens": [],
  "utensils": [],
  "tags": [],
  "cuisines": [],
  "wines": [],
  "marketplaceItems": [],
  "author": null,
  "label": null,
  "yieldType": null,
  "yields": [],
  "steps": [],
  "averageRating": 2.4,
  "ratingsCount": 35,
  "favoritesCount": 25,
  "active": true,
  "highlighted": false,
  "isDinnerToLunch": false,
  "isExcludedFromIndex": false,
  "isPremium": false,
  "websiteUrl": "https://www.hellofresh.de/recipes/blumenkohl-curry-53aaa698ff604df06e8b456a",
  "clonedFrom": null,
  "canonical": null,
  "canonicalLink": null
}
