{
  "country": "DE",
  "id": "53aaa6a6ff604df16e8b456a",
  "name": "Pizza met verse groenten, rozemarijn en rucola",
  "seoName": null,
  "category": null,
  "slug": "pizza-met-verse-groenten-rozemarijn-en-rucola",
  "headline": "Met een handgemaakte pizzabodem uit Italië",
  "description": "",
  "descriptionHTML": "",
  "descriptionMarkdown": "",
  "seoDescription": null,
  "comment": null,
  "difficulty": 1,
  "prepTime": "PT35M",
  "totalTime": null,
  "servingSize": 0,
  "createdAt": "2014-06-25T10:38:30+00:00",
  "updatedAt": "2014-06-25T10:38:32+00:00",
  "link": "https://hellofresh.com/recipes/53aaa6a6ff604df16e8b456a",
  "imageLink": "https://d3hvwccx09j84u.cloudfront.net/0,0/image/53aaa6a6ff604df16e8b456a.jpg",
  "cardLink": null,
  "videoLink": null,
  "nutrition": [],
  "ingredients": [],
  "allergens": [],
  "utensils": [],
  "tags": [],
  "cuisines": [],
  "wines": [],
  "marketplaceItems": [],
  "author": null,
  "label": null,
  "yieldType": null,
  "yields": [],
  "steps": [],
  "averageRating": null,
  "ratingsCount": null,
  "favoritesCount": null,
  "active": false,
  "highlighted": false,
  "isDinnerToLunch": false,
  "isExcludedFromIndex": false,
  "isPremium": false,
  "websiteUrl": "https://www.hellofresh.de/recipes/pizza-met-verse-groenten-rozemarijn-en-rucola-53aaa6a6ff604df16e8b456a",
  "clonedFrom": null,
  "canonical": null,
  "canonicalLink": null
}
