{
  "country": "DE",
  "id": "53aaa444ff604df16e8b4568",
  "name": "Cajun-gewürzte Hähnchenbrust ",
  "seoName": null,
  "category": null,
  "slug": "cajun-gewurzte-hahnchenbrust",
  "headline": "mit knusprigen Kartoffelwedges und gedünsteten Bohnen, dazu feine Kräuter-Crème fraîche",
  "description": "",
  "descriptionHTML": "",
  "descriptionMarkdown": "",
  "seoDescription": null,
  "comment": null,
  "difficulty": 3,
  "prepTime": "PT40M",
  "totalTime": null,
  "servingSize": 0,
  "createdAt": "2014-06-25T10:28:20+00:00",
  "updatedAt": "2016-06-13T19:37:55+00:00",
  "link": "https://hellofresh.com/recipes/53aaa444ff604df16e8b4568",
  "imageLink": "https://d3hvwccx09j84u.cloudfront.net/0,0/image/53aaa444ff604df16e8b4568.jpg",
  "cardLink": null,
  "videoLink": null,
  "nutrition": [],
  "ingredients": [],
  "allergens": [],
  "utensils": [],
  "tags": [],
  "cuisines": [],
  "wines": [],
  "marketplaceItems": [],
  "author": null,
  "label": null,
  "yieldType": null,
  "yields": [],
  "steps": [],
  "averageRating": 3.6,
  "ratingsCount": 509,
  "favoritesCount": 189,
  "active": true,
  "highlighted": false,
  "isDinnerToLunch": false,
  "isExcludedFromIndex": false,
  "isPremium": false,
  "websiteUrl": "https://www.hellofresh.de/recipes/cajun-gewurzte-hahnchenbrust-53aaa444ff604df16e8b4568",
  "clonedFrom": null,
  "canonical": null,
  "canonicalLink": null
}
