{
  "country": "DE",
  "id": "53aaa59cff604d6aa88b4568",
  "name": "Gemischte Gemüse-Oliven-Pizza",
  "seoName": null,
  "category": null,
  "slug": "gemischte-gemuse-oliven-pizza",
  "headline": "mit Kirschtomaten und Zucchini, verfeinert mit zweierlei Käse und Rucola",
  "description": "",
  "descriptionHTML": "",
  "descriptionMarkdown": "",
  "seoDescription": null,
  "comment": null,
  "difficulty": 1,
  "prepTime": "PT30M",
  "totalTime": null,
  "servingSize": 0,
  "createdAt": "2014-06-25T10:34:04+00:00",
  "updatedAt": "2016-07-13T13:43:40+00:00",
  "link": "https://hellofresh.com/recipes/53aaa59cff604d6aa88b4568",
  "imageLink": "https://d3hvwccx09j84u.cloudfront.net/0,0/image/53aaa59cff604d6aa88b4568.jpg",
  "cardLink": null,
  "videoLink": null,
  "nutrition": [],
  "ingredients": [],
  "allergens": [],
  "utensils": [],
  "tags": [],
  "cuisines": [],
  "wines": [],
  "marketplaceItems": [],
  "author": null,
  "label": null,
  "yieldType": null,
  "yields": [],
  "steps": [],
  "averageRating": 3.8,
  "ratingsCount": 58,
  "favoritesCount": 26,
  "active": true,
  "highlighted": false,
  "isDinnerToLunch": false,
  "isExcludedFromIndex": false,
  "isPremium": false,
  "websiteUrl": "https://www.hellofresh.de/recipes/gemischte-gemuse-oliven-pizza-53aaa59cff604d6aa88b4568",
  "clonedFrom": null,
  "canonical": null,
  "canonicalLink": null
}
