{
  "country": "DE",
  "id": "53aaa418ff604df06e8b4568",
  "name": "Unser Steakhouse Ceasar Salat",
  "seoName": null,
  "category": null,
  "slug": "unser-steakhouse-ceasar-salat",
  "headline": "mit zarten Rinderfiletstreifen, Avocado und Ciabatta-Croutons in cremigem Dressing ",
  "description": "",
  "descriptionHTML": "",
  "descriptionMarkdown": "",
  "seoDescription": null,
  "comment": null,
  "difficulty": 1,
  "prepTime": "PT25M",
  "totalTime": null,
  "servingSize": 0,
  "createdAt": "2014-06-25T10:27:36+00:00",
  "updatedAt": "2016-06-05T22:47:59+00:00",
  "link": "https://hellofresh.com/recipes/53aaa418ff604df06e8b4568",
  "imageLink": "https://d3hvwccx09j84u.cloudfront.net/0,0/image/53aaa418ff604df06e8b4568.jpg",
  "cardLink": null,
  "videoLink": null,
  "nutrition": [],
  "ingredients": [],
  "allergens": [],
  "utensils": [],
  "tags": [],
  "cuisines": [],
  "wines": [],
  "marketplaceItems": [],
  "author": null,
  "label": null,
  "yieldType": null,
  "yields": [],
  "steps": [],
  "averageRating": 3.1,
  "ratingsCount": 558,
  "favoritesCount": 198,
  "active": true,
  "highlighted": false,
  "isDinnerToLunch": false,
  "isExcludedFromIndex": false,
  "isPremium": false,
  "websiteUrl": "https://www.hellofresh.de/recipes/unser-steakhouse-ceasar-salat-53aaa418ff604df06e8b4568",
  "clonedFrom": null,
  "canonical": null,
  "canonicalLink": null
}
