{
  "country": "DE",
  "id": "53aaa532ff604df16e8b4569",
  "name": "Veggie Ofen-„Enchiladas“",
  "seoName": null,
  "category": null,
  "slug": "veggie-ofen-enchiladas",
  "headline": "mit herzhaft pikanter Bohnen-Tomatensoße",
  "description": "",
  "descriptionHTML": "",
  "descriptionMarkdown": "",
  "seoDescription": null,
  "comment": null,
  "difficulty": 2,
  "prepTime": "PT35M",
  "totalTime": null,
  "servingSize": 0,
  "createdAt": "2014-06-25T10:32:18+00:00",
  "updatedAt": "2016-07-13T13:43:31+00:00",
  "link": "https://hellofresh.com/recipes/53aaa532ff604df16e8b4569",
  "imageLink": "https://d3hvwccx09j84u.cloudfront.net/0,0/image/53aaa532ff604df16e8b4569.jpg",
  "cardLink": null,
  "videoLink": null,
  "nutrition": [],
  "ingredients": [],
  "allergens": [],
  "utensils": [],
  "tags": [],
  "cuisines": [],
  "wines": [],
  "marketplaceItems": [],
  "author": null,
  "label": null,
  "yieldType": null,
  "yields": [],
  "steps": [],
  "averageRating": 3.4,
  "ratingsCount": 178,
  "favoritesCount": 69,
  "active": true,
  "highlighted": false,
  "isDinnerToLunch": false,
  "isExcludedFromIndex": false,
  "isPremium": false,
  "websiteUrl": "https://www.hellofresh.de/recipes/veggie-ofen-enchiladas-53aaa532ff604df16e8b4569",
  "clonedFrom": null,
  "canonical": null,
  "canonicalLink": null
}
