{
  "country": "DE",
  "id": "53aaa505ff604df06e8b4569",
  "name": "Fussili-Stremellachs-Zucchini-Pasta",
  "seoName": null,
  "category": null,
  "slug": "fussili-stremellachs-zucchini-pasta",
  "headline": "mit cremiger Dill-und Kräuterfrischkäse-Soße, garniert mit Rucola",
  "description": "",
  "descriptionHTML": "",
  "descriptionMarkdown": "",
  "seoDescription": null,
  "comment": null,
  "difficulty": 1,
  "prepTime": "PT25M",
  "totalTime": null,
  "servingSize": 0,
  "createdAt": "2014-06-25T10:31:33+00:00",
  "updatedAt": "2016-07-17T07:40:28+00:00",
  "link": "https://hellofresh.com/recipes/53aaa505ff604df06e8b4569",
  "imageLink": "https://d3hvwccx09j84u.cloudfront.net/0,0/image/53aaa505ff604df06e8b4569.jpg",
  "cardLink": null,
  "videoLink": null,
  "nutrition": [],
  "ingredients": [],
  "allergens": [],
  "utensils": [],
  "tags": [],
  "cuisines": [],
  "wines": [],
  "marketplaceItems": [],
  "author": null,
  "label": null,
  "yieldType": null,
  "yields": [],
  "steps": [],
  "averageRating": 3.1,
  "ratingsCount": 160,
  "favoritesCount": 71,
  "active": true,
  "highlighted": false,
  "isDinnerToLunch": false,
  "isExcludedFromIndex": false,
  "isPremium": false,
  "websiteUrl": "https://www.hellofresh.de/recipes/fussili-stremellachs-zucchini-pasta-53aaa505ff604df06e8b4569",
  "clonedFrom": null,
  "canonical": null,
  "canonicalLink": null
}
