{
  "country": "DE",
  "id": "53aaa499ff604d6aa88b4567",
  "name": "Fluffiges Türkisches Basmatireis Pilau",
  "seoName": null,
  "category": null,
  "slug": "fluffiges-turkisches-basmatireis-pilau",
  "headline": "mit Paprika, getrockneter Aprikosen und gerösteten Mandelblättchen",
  "description": "",
  "descriptionHTML": "",
  "descriptionMarkdown": "",
  "seoDescription": null,
  "comment": null,
  "difficulty": 2,
  "prepTime": "PT35M",
  "totalTime": null,
  "servingSize": 0,
  "createdAt": "2014-06-25T10:29:45+00:00",
  "updatedAt": "2016-07-13T13:43:29+00:00",
  "link": "https://hellofresh.com/recipes/53aaa499ff604d6aa88b4567",
  "imageLink": "https://d3hvwccx09j84u.cloudfront.net/0,0/image/53aaa499ff604d6aa88b4567.jpg",
  "cardLink": null,
  "videoLink": null,
  "nutrition": [],
  "ingredients": [],
  "allergens": [],
  "utensils": [],
  "tags": [],
  "cuisines": [],
  "wines": [],
  "marketplaceItems": [],
  "author": null,
  "label": null,
  "yieldType": null,
  "yields": [],
  "steps": [],
  "averageRating": 2.8,
  "ratingsCount": 192,
  "favoritesCount": 43,
  "active": true,
  "highlighted": false,
  "isDinnerToLunch": false,
  "isExcludedFromIndex": false,
  "isPremium": false,
  "websiteUrl": "https://www.hellofresh.de/recipes/fluffiges-turkisches-basmatireis-pilau-53aaa499ff604d6aa88b4567",
  "clonedFrom": null,
  "canonical": null,
  "canonicalLink": null
}
