{
  "country": "DE",
  "id": "53aaa570ff604d63688b456a",
  "name": "Indisch gewürzte „Gujarati“ Kartoffel-Spitzkohlpfanne",
  "seoName": null,
  "category": null,
  "slug": "indisch-gewurzte-gujarati-kartoffel-spitzkohlpfanne",
  "headline": "verfeinert mit Kokosmilch, serviert mit Naan-Brot ",
  "description": "",
  "descriptionHTML": "",
  "descriptionMarkdown": "",
  "seoDescription": null,
  "comment": null,
  "difficulty": 0,
  "prepTime": "",
  "totalTime": null,
  "servingSize": 0,
  "createdAt": "2014-06-25T10:33:20+00:00",
  "updatedAt": "2015-11-25T13:47:33+00:00",
  "link": "https://hellofresh.com/recipes/53aaa570ff604d63688b456a",
  "imageLink": "https://d3hvwccx09j84u.cloudfront.net/0,0/image/53aaa570ff604d63688b456a.jpg",
  "cardLink": null,
  "videoLink": null,
  "nutrition": [],
  "ingredients": [],
  "allergens": [],
  "utensils": [],
  "tags": [],
  "cuisines": [],
  "wines": [],
  "marketplaceItems": [],
  "author": null,
  "label": null,
  "yieldType": null,
  "yields": [],
  "steps": [],
  "averageRating": 3,
  "ratingsCount": 166,
  "favoritesCount": 44,
  "active": true,
  "highlighted": false,
  "isDinnerToLunch": false,
  "isExcludedFromIndex": false,
  "isPremium": false,
  "websiteUrl": "https://www.hellofresh.de/recipes/indisch-gewurzte-gujarati-kartoffel-spitzkohlpfanne-53aaa570ff604d63688b456a",
  "clonedFrom": null,
  "canonical": null,
  "canonicalLink": null
}
