{
  "country": "DE",
  "id": "53aaa46dff604d63688b4568",
  "name": "Käse-Spätzle „Zigeuner“",
  "seoName": null,
  "category": null,
  "slug": "kase-spatzle-zigeuner",
  "headline": "mit Tomaten und Schnittlauch in delikater Paprika Emmentaler Soße",
  "description": "",
  "descriptionHTML": "",
  "descriptionMarkdown": "",
  "seoDescription": null,
  "comment": null,
  "difficulty": 1,
  "prepTime": "PT25M",
  "totalTime": null,
  "servingSize": 0,
  "createdAt": "2014-06-25T10:29:01+00:00",
  "updatedAt": "2016-07-17T07:40:13+00:00",
  "link": "https://hellofresh.com/recipes/53aaa46dff604d63688b4568",
  "imageLink": "https://d3hvwccx09j84u.cloudfront.net/0,0/image/53aaa46dff604d63688b4568.jpg",
  "cardLink": null,
  "videoLink": null,
  "nutrition": [],
  "ingredients": [],
  "allergens": [],
  "utensils": [],
  "tags": [],
  "cuisines": [],
  "wines": [],
  "marketplaceItems": [],
  "author": null,
  "label": null,
  "yieldType": null,
  "yields": [],
  "steps": [],
  "averageRating": 3.1,
  "ratingsCount": 674,
  "favoritesCount": 177,
  "active": true,
  "highlighted": false,
  "isDinnerToLunch": false,
  "isExcludedFromIndex": false,
  "isPremium": false,
  "websiteUrl": "https://www.hellofresh.de/recipes/kase-spatzle-zigeuner-53aaa46dff604d63688b4568",
  "clonedFrom": null,
  "canonical": null,
  "canonicalLink": null
}
