{
  "country": "DE",
  "id": "53aaa662ff604d6aa88b456a",
  "name": "Schweinefilet-Käse-Spieße  ",
  "seoName": null,
  "category": null,
  "slug": "schweinefilet-kase-spiesze",
  "headline": "",
  "description": "",
  "descriptionHTML": "",
  "descriptionMarkdown": "",
  "seoDescription": null,
  "comment": null,
  "difficulty": 0,
  "prepTime": "PT50M",
  "totalTime": null,
  "servingSize": 0,
  "createdAt": "2014-06-25T10:37:22+00:00",
  "updatedAt": "2016-01-19T23:41:44+00:00",
  "link": "https://hellofresh.com/recipes/53aaa662ff604d6aa88b456a",
  "imageLink": "https://d3hvwccx09j84u.cloudfront.net/0,0/image/53aaa662ff604d6aa88b456a.jpg",
  "cardLink": null,
  "videoLink": null,
  "nutrition": [],
  "ingredients": [],
  "allergens": [],
  "utensils": [],
  "tags": [],
  "cuisines": [],
  "wines": [],
  "marketplaceItems": [],
  "author": null,
  "label": null,
  "yieldType": null,
  "yields": [],
  "steps": [],
  "averageRating": 3.5,
  "ratingsCount": 37,
  "favoritesCount": 44,
  "active": true,
  "highlighted": false,
  "isDinnerToLunch": false,
  "isExcludedFromIndex": false,
  "isPremium": false,
  "websiteUrl": "https://www.hellofresh.de/recipes/schweinefilet-kase-spiesze-53aaa662ff604d6aa88b456a",
  "clonedFrom": null,
  "canonical": null,
  "canonicalLink": null
}
