{
  "country": "DE",
  "id": "53b3d07cff604dbe828b456a",
  "name": "Kartoffelpuffer mit Räucherforelle  ",
  "seoName": null,
  "category": null,
  "slug": "kartoffelpuffer-mit-raucherforelle",
  "headline": "",
  "description": "",
  "descriptionHTML": "",
  "descriptionMarkdown": "",
  "seoDescription": null,
  "comment": null,
  "difficulty": 0,
  "prepTime": "PT40M",
  "totalTime": null,
  "servingSize": 0,
  "createdAt": "2014-07-02T09:27:24+00:00",
  "updatedAt": "2016-01-19T23:41:52+00:00",
  "link": "https://hellofresh.com/recipes/53b3d07cff604dbe828b456a",
  "imageLink": "https://d3hvwccx09j84u.cloudfront.net/0,0/image/53b3d07cff604dbe828b456a.jpg",
  "cardLink": null,
  "videoLink": null,
  "nutrition": [],
  "ingredients": [],
  "allergens": [],
  "utensils": [],
  "tags": [],
  "cuisines": [],
  "wines": [],
  "marketplaceItems": [],
  "author": null,
  "label": null,
  "yieldType": null,
  "yields": [],
  "steps": [],
  "averageRating": 2.7,
  "ratingsCount": 38,
  "favoritesCount": 19,
  "active": true,
  "highlighted": false,
  "isDinnerToLunch": false,
  "isExcludedFromIndex": false,
  "isPremium": false,
  "websiteUrl": "https://www.hellofresh.de/recipes/kartoffelpuffer-mit-raucherforelle-53b3d07cff604dbe828b456a",
  "clonedFrom": null,
  "canonical": null,
  "canonicalLink": null
}
