{
  "country": "DE",
  "id": "53b3cde6ff604ddc0c8b4569",
  "name": "Gnocchi in Kirschtomaten-Basilikum-Butter",
  "seoName": null,
  "category": null,
  "slug": "gnocchi-in-kirschtomaten-basilikum-butter",
  "headline": "verfeinert mit frisch geriebenem Parmesan",
  "description": "",
  "descriptionHTML": "",
  "descriptionMarkdown": "",
  "seoDescription": null,
  "comment": null,
  "difficulty": 2,
  "prepTime": "PT25M",
  "totalTime": null,
  "servingSize": 0,
  "createdAt": "2014-07-02T09:16:22+00:00",
  "updatedAt": "2016-07-13T13:43:43+00:00",
  "link": "https://hellofresh.com/recipes/53b3cde6ff604ddc0c8b4569",
  "imageLink": "https://d3hvwccx09j84u.cloudfront.net/0,0/image/53b3cde6ff604ddc0c8b4569.jpg",
  "cardLink": null,
  "videoLink": null,
  "nutrition": [],
  "ingredients": [],
  "allergens": [],
  "utensils": [],
  "tags": [],
  "cuisines": [],
  "wines": [],
  "marketplaceItems": [],
  "author": null,
  "label": null,
  "yieldType": null,
  "yields": [],
  "steps": [],
  "averageRating": 2.8,
  "ratingsCount": 711,
  "favoritesCount": 170,
  "active": true,
  "highlighted": false,
  "isDinnerToLunch": false,
  "isExcludedFromIndex": false,
  "isPremium": false,
  "websiteUrl": "https://www.hellofresh.de/recipes/gnocchi-in-kirschtomaten-basilikum-butter-53b3cde6ff604ddc0c8b4569",
  "clonedFrom": null,
  "canonical": null,
  "canonicalLink": null
}
