{
  "country": "DE",
  "id": "53b3d059ff604dbd828b456b",
  "name": "Brokkoligemüse mit Pute   ",
  "seoName": null,
  "category": null,
  "slug": "brokkoligemuse-mit-pute",
  "headline": "",
  "description": "",
  "descriptionHTML": "",
  "descriptionMarkdown": "",
  "seoDescription": null,
  "comment": null,
  "difficulty": 0,
  "prepTime": "PT30M",
  "totalTime": null,
  "servingSize": 0,
  "createdAt": "2014-07-02T09:26:49+00:00",
  "updatedAt": "2016-06-07T17:12:18+00:00",
  "link": "https://hellofresh.com/recipes/53b3d059ff604dbd828b456b",
  "imageLink": "https://d3hvwccx09j84u.cloudfront.net/0,0/image/53b3d059ff604dbd828b456b.jpg",
  "cardLink": null,
  "videoLink": null,
  "nutrition": [],
  "ingredients": [],
  "allergens": [],
  "utensils": [],
  "tags": [],
  "cuisines": [],
  "wines": [],
  "marketplaceItems": [],
  "author": null,
  "label": null,
  "yieldType": null,
  "yields": [],
  "steps": [],
  "averageRating": 2.7,
  "ratingsCount": 40,
  "favoritesCount": 15,
  "active": true,
  "highlighted": false,
  "isDinnerToLunch": false,
  "isExcludedFromIndex": false,
  "isPremium": false,
  "websiteUrl": "https://www.hellofresh.de/recipes/brokkoligemuse-mit-pute-53b3d059ff604dbd828b456b",
  "clonedFrom": null,
  "canonical": null,
  "canonicalLink": null
}
