{
  "country": "DE",
  "id": "53b3cf55ff604dbe828b4569",
  "name": "Knusprige Polenta-Ecken mit zweierlei Sommer-Relish",
  "seoName": null,
  "category": null,
  "slug": "knusprige-polenta-ecken-mit-zweierlei-sommer-relish",
  "headline": " serviert mit frischem Koriander",
  "description": "",
  "descriptionHTML": "",
  "descriptionMarkdown": "",
  "seoDescription": null,
  "comment": null,
  "difficulty": 3,
  "prepTime": "PT35M",
  "totalTime": null,
  "servingSize": 0,
  "createdAt": "2014-07-02T09:22:29+00:00",
  "updatedAt": "2016-07-13T13:43:59+00:00",
  "link": "https://hellofresh.com/recipes/53b3cf55ff604dbe828b4569",
  "imageLink": "https://d3hvwccx09j84u.cloudfront.net/0,0/image/53b3cf55ff604dbe828b4569.jpg",
  "cardLink": null,
  "videoLink": null,
  "nutrition": [],
  "ingredients": [],
  "allergens": [],
  "utensils": [],
  "tags": [],
  "cuisines": [],
  "wines": [],
  "marketplaceItems": [],
  "author": null,
  "label": null,
  "yieldType": null,
  "yields": [],
  "steps": [],
  "averageRating": 2.8,
  "ratingsCount": 50,
  "favoritesCount": 16,
  "active": true,
  "highlighted": false,
  "isDinnerToLunch": false,
  "isExcludedFromIndex": false,
  "isPremium": false,
  "websiteUrl": "https://www.hellofresh.de/recipes/knusprige-polenta-ecken-mit-zweierlei-sommer-relish-53b3cf55ff604dbe828b4569",
  "clonedFrom": null,
  "canonical": null,
  "canonicalLink": null
}
