{
  "country": "DE",
  "id": "53b3ced6ff604dbe828b4568",
  "name": "Marokkanischer,,Tagine‘‘ Gemüseeintopf",
  "seoName": null,
  "category": null,
  "slug": "marokkanischer-tagine-gemuseeintopf",
  "headline": "auf Basmatireis serviert mit Joghurtsoße",
  "description": "",
  "descriptionHTML": "",
  "descriptionMarkdown": "",
  "seoDescription": null,
  "comment": null,
  "difficulty": 2,
  "prepTime": "PT30M",
  "totalTime": null,
  "servingSize": 0,
  "createdAt": "2014-07-02T09:20:22+00:00",
  "updatedAt": "2016-07-13T13:43:49+00:00",
  "link": "https://hellofresh.com/recipes/53b3ced6ff604dbe828b4568",
  "imageLink": "https://d3hvwccx09j84u.cloudfront.net/0,0/image/53b3ced6ff604dbe828b4568.jpg",
  "cardLink": null,
  "videoLink": null,
  "nutrition": [],
  "ingredients": [],
  "allergens": [],
  "utensils": [],
  "tags": [],
  "cuisines": [],
  "wines": [],
  "marketplaceItems": [],
  "author": null,
  "label": null,
  "yieldType": null,
  "yields": [],
  "steps": [],
  "averageRating": 3.2,
  "ratingsCount": 176,
  "favoritesCount": 49,
  "active": true,
  "highlighted": false,
  "isDinnerToLunch": false,
  "isExcludedFromIndex": false,
  "isPremium": false,
  "websiteUrl": "https://www.hellofresh.de/recipes/marokkanischer-tagine-gemuseeintopf-53b3ced6ff604dbe828b4568",
  "clonedFrom": null,
  "canonical": null,
  "canonicalLink": null
}
