{
  "country": "DE",
  "id": "53b3d0a8ff604ddc0c8b456a",
  "name": "Asia-Bratreis mit buntem Gemüse",
  "seoName": null,
  "category": null,
  "slug": "asia-bratreis-mit-buntem-gemuse",
  "headline": "",
  "description": "",
  "descriptionHTML": "",
  "descriptionMarkdown": "",
  "seoDescription": null,
  "comment": null,
  "difficulty": 0,
  "prepTime": "PT25M",
  "totalTime": null,
  "servingSize": 0,
  "createdAt": "2014-07-02T09:28:08+00:00",
  "updatedAt": "2016-02-04T21:13:25+00:00",
  "link": "https://hellofresh.com/recipes/53b3d0a8ff604ddc0c8b456a",
  "imageLink": "https://d3hvwccx09j84u.cloudfront.net/0,0/image/53b3d0a8ff604ddc0c8b456a.jpg",
  "cardLink": null,
  "videoLink": null,
  "nutrition": [],
  "ingredients": [],
  "allergens": [],
  "utensils": [],
  "tags": [],
  "cuisines": [],
  "wines": [],
  "marketplaceItems": [],
  "author": null,
  "label": null,
  "yieldType": null,
  "yields": [],
  "steps": [],
  "averageRating": 3.2,
  "ratingsCount": 37,
  "favoritesCount": 21,
  "active": true,
  "highlighted": false,
  "isDinnerToLunch": false,
  "isExcludedFromIndex": false,
  "isPremium": false,
  "websiteUrl": "https://www.hellofresh.de/recipes/asia-bratreis-mit-buntem-gemuse-53b3d0a8ff604ddc0c8b456a",
  "clonedFrom": null,
  "canonical": null,
  "canonicalLink": null
}
