{
  "country": "DE",
  "id": "53b3ce16ff604d37758b4569",
  "name": "Mediterrane Pita-Pizza",
  "seoName": null,
  "category": null,
  "slug": "mediterrane-pita-pizza",
  "headline": "mit gebratenen Brokkoli, Feta und Tomate  verfeinert mit Sumac und frischer Petersilie",
  "description": "",
  "descriptionHTML": "",
  "descriptionMarkdown": "",
  "seoDescription": null,
  "comment": null,
  "difficulty": 3,
  "prepTime": "PT30M",
  "totalTime": null,
  "servingSize": 0,
  "createdAt": "2014-07-02T09:17:10+00:00",
  "updatedAt": "2016-01-30T19:32:24+00:00",
  "link": "https://hellofresh.com/recipes/53b3ce16ff604d37758b4569",
  "imageLink": "https://d3hvwccx09j84u.cloudfront.net/0,0/image/53b3ce16ff604d37758b4569.jpg",
  "cardLink": null,
  "videoLink": null,
  "nutrition": [],
  "ingredients": [],
  "allergens": [],
  "utensils": [],
  "tags": [],
  "cuisines": [],
  "wines": [],
  "marketplaceItems": [],
  "author": null,
  "label": null,
  "yieldType": null,
  "yields": [],
  "steps": [],
  "averageRating": 3.2,
  "ratingsCount": 211,
  "favoritesCount": 67,
  "active": true,
  "highlighted": false,
  "isDinnerToLunch": false,
  "isExcludedFromIndex": false,
  "isPremium": false,
  "websiteUrl": "https://www.hellofresh.de/recipes/mediterrane-pita-pizza-53b3ce16ff604d37758b4569",
  "clonedFrom": null,
  "canonical": null,
  "canonicalLink": null
}
