{
  "country": "DE",
  "id": "53b3cf0dff604dbd828b456a",
  "name": "Lauwarmer Kartoffel-Champignon Salat",
  "seoName": null,
  "category": null,
  "slug": "lauwarmer-kartoffel-champignon-salat",
  "headline": "verfeinert mit gerösteten Walnüssen und Petersilie, dazu Zitronen-Crème fraîche",
  "description": "",
  "descriptionHTML": "",
  "descriptionMarkdown": "",
  "seoDescription": null,
  "comment": null,
  "difficulty": 2,
  "prepTime": "PT40M",
  "totalTime": null,
  "servingSize": 0,
  "createdAt": "2014-07-02T09:21:17+00:00",
  "updatedAt": "2016-05-03T17:10:01+00:00",
  "link": "https://hellofresh.com/recipes/53b3cf0dff604dbd828b456a",
  "imageLink": "https://d3hvwccx09j84u.cloudfront.net/0,0/image/53b3cf0dff604dbd828b456a.jpg",
  "cardLink": null,
  "videoLink": null,
  "nutrition": [],
  "ingredients": [],
  "allergens": [],
  "utensils": [],
  "tags": [],
  "cuisines": [],
  "wines": [],
  "marketplaceItems": [],
  "author": null,
  "label": null,
  "yieldType": null,
  "yields": [],
  "steps": [],
  "averageRating": 3.2,
  "ratingsCount": 176,
  "favoritesCount": 45,
  "active": true,
  "highlighted": false,
  "isDinnerToLunch": false,
  "isExcludedFromIndex": false,
  "isPremium": false,
  "websiteUrl": "https://www.hellofresh.de/recipes/lauwarmer-kartoffel-champignon-salat-53b3cf0dff604dbd828b456a",
  "clonedFrom": null,
  "canonical": null,
  "canonicalLink": null
}
