{
  "country": "DE",
  "id": "53b3cd75ff604dbd828b4568",
  "name": "Schweinefilet mit delikater Champignon-Soße ",
  "seoName": null,
  "category": null,
  "slug": "schweinefilet-mit-delikater-champignon-sosze",
  "headline": "dazu cremiger Kartoffelstampf und gedünstete Stangenbohnen",
  "description": "",
  "descriptionHTML": "",
  "descriptionMarkdown": "",
  "seoDescription": null,
  "comment": null,
  "difficulty": 3,
  "prepTime": "PT40M",
  "totalTime": null,
  "servingSize": 0,
  "createdAt": "2014-07-02T09:14:29+00:00",
  "updatedAt": "2016-07-20T22:10:32+00:00",
  "link": "https://hellofresh.com/recipes/53b3cd75ff604dbd828b4568",
  "imageLink": "https://d3hvwccx09j84u.cloudfront.net/0,0/image/53b3cd75ff604dbd828b4568.jpg",
  "cardLink": null,
  "videoLink": null,
  "nutrition": [],
  "ingredients": [],
  "allergens": [],
  "utensils": [],
  "tags": [],
  "cuisines": [],
  "wines": [],
  "marketplaceItems": [],
  "author": null,
  "label": null,
  "yieldType": null,
  "yields": [],
  "steps": [],
  "averageRating": 3.6,
  "ratingsCount": 1538,
  "favoritesCount": 529,
  "active": true,
  "highlighted": false,
  "isDinnerToLunch": false,
  "isExcludedFromIndex": false,
  "isPremium": false,
  "websiteUrl": "https://www.hellofresh.de/recipes/schweinefilet-mit-delikater-champignon-sosze-53b3cd75ff604dbd828b4568",
  "clonedFrom": null,
  "canonical": null,
  "canonicalLink": null
}
