{
  "country": "DE",
  "id": "53b3cdb3ff604dbe828b4567",
  "name": "Putenbrust „Süß-Sauer“ mit Zucchini und Karotten ",
  "seoName": null,
  "category": null,
  "slug": "putenbrust-susz-sauer-mit-zucchini-und-karotten",
  "headline": "serviert mit mit Kokosmilch-Basmatireis und gerösteten Cashewkernen ",
  "description": "",
  "descriptionHTML": "",
  "descriptionMarkdown": "",
  "seoDescription": null,
  "comment": null,
  "difficulty": 2,
  "prepTime": "PT35M",
  "totalTime": null,
  "servingSize": 0,
  "createdAt": "2014-07-02T09:15:31+00:00",
  "updatedAt": "2016-07-20T22:10:35+00:00",
  "link": "https://hellofresh.com/recipes/53b3cdb3ff604dbe828b4567",
  "imageLink": "https://d3hvwccx09j84u.cloudfront.net/0,0/image/53b3cdb3ff604dbe828b4567.jpg",
  "cardLink": null,
  "videoLink": null,
  "nutrition": [],
  "ingredients": [],
  "allergens": [],
  "utensils": [],
  "tags": [],
  "cuisines": [],
  "wines": [],
  "marketplaceItems": [],
  "author": null,
  "label": null,
  "yieldType": null,
  "yields": [],
  "steps": [],
  "averageRating": 3.5,
  "ratingsCount": 1496,
  "favoritesCount": 543,
  "active": true,
  "highlighted": false,
  "isDinnerToLunch": false,
  "isExcludedFromIndex": false,
  "isPremium": false,
  "websiteUrl": "https://www.hellofresh.de/recipes/putenbrust-susz-sauer-mit-zucchini-und-karotten-53b3cdb3ff604dbe828b4567",
  "clonedFrom": null,
  "canonical": null,
  "canonicalLink": null
}
