{
  "country": "DE",
  "id": "53b3d120ff604dbe828b456b",
  "name": "Gefüllte Paprika „Italia“",
  "seoName": null,
  "category": null,
  "slug": "gefullte-paprika-italia",
  "headline": "mit Salsiccia, Orzo und Mozzarella, serviert mit grünem Salat ",
  "description": "",
  "descriptionHTML": "",
  "descriptionMarkdown": "",
  "seoDescription": null,
  "comment": null,
  "difficulty": 3,
  "prepTime": "PT40M",
  "totalTime": null,
  "servingSize": 0,
  "createdAt": "2014-07-02T09:30:08+00:00",
  "updatedAt": "2016-07-05T20:36:23+00:00",
  "link": "https://hellofresh.com/recipes/53b3d120ff604dbe828b456b",
  "imageLink": "https://d3hvwccx09j84u.cloudfront.net/0,0/image/53b3d120ff604dbe828b456b.jpg",
  "cardLink": null,
  "videoLink": null,
  "nutrition": [],
  "ingredients": [],
  "allergens": [],
  "utensils": [],
  "tags": [],
  "cuisines": [],
  "wines": [],
  "marketplaceItems": [],
  "author": null,
  "label": null,
  "yieldType": null,
  "yields": [],
  "steps": [],
  "averageRating": 3,
  "ratingsCount": 158,
  "favoritesCount": 59,
  "active": true,
  "highlighted": false,
  "isDinnerToLunch": false,
  "isExcludedFromIndex": false,
  "isPremium": false,
  "websiteUrl": "https://www.hellofresh.de/recipes/gefullte-paprika-italia-53b3d120ff604dbe828b456b",
  "clonedFrom": null,
  "canonical": null,
  "canonicalLink": null
}
