{
  "country": "DE",
  "id": "53bd2772ff604d1ea88b456e",
  "name": "Koreanische Rinderfiletwraps mit eingelegten Gurken",
  "seoName": null,
  "category": null,
  "slug": "koreanische-rinderfiletwraps-mit-eingelegten-gurken",
  "headline": "dazu Salat und Frühlingszwiebeln  ",
  "description": "",
  "descriptionHTML": "",
  "descriptionMarkdown": "",
  "seoDescription": null,
  "comment": null,
  "difficulty": 3,
  "prepTime": "PT30M",
  "totalTime": null,
  "servingSize": 0,
  "createdAt": "2014-07-09T11:28:50+00:00",
  "updatedAt": "2016-07-23T14:04:36+00:00",
  "link": "https://hellofresh.com/recipes/53bd2772ff604d1ea88b456e",
  "imageLink": "https://d3hvwccx09j84u.cloudfront.net/0,0/image/53bd2772ff604d1ea88b456e.jpg",
  "cardLink": null,
  "videoLink": null,
  "nutrition": [],
  "ingredients": [],
  "allergens": [],
  "utensils": [],
  "tags": [],
  "cuisines": [],
  "wines": [],
  "marketplaceItems": [],
  "author": null,
  "label": null,
  "yieldType": null,
  "yields": [],
  "steps": [],
  "averageRating": 3.1,
  "ratingsCount": 561,
  "favoritesCount": 150,
  "active": true,
  "highlighted": false,
  "isDinnerToLunch": false,
  "isExcludedFromIndex": false,
  "isPremium": false,
  "websiteUrl": "https://www.hellofresh.de/recipes/koreanische-rinderfiletwraps-mit-eingelegten-gurken-53bd2772ff604d1ea88b456e",
  "clonedFrom": null,
  "canonical": null,
  "canonicalLink": null
}
