{
  "country": "DE",
  "id": "53bd2945ff604d285f8b456d",
  "name": "Schaschlik mit Reis ",
  "seoName": null,
  "category": null,
  "slug": "schaschlik-mit-reis",
  "headline": "",
  "description": "",
  "descriptionHTML": "",
  "descriptionMarkdown": "",
  "seoDescription": null,
  "comment": null,
  "difficulty": 0,
  "prepTime": "PT35M",
  "totalTime": null,
  "servingSize": 0,
  "createdAt": "2014-07-09T11:36:37+00:00",
  "updatedAt": "2015-12-26T22:49:44+00:00",
  "link": "https://hellofresh.com/recipes/53bd2945ff604d285f8b456d",
  "imageLink": "https://d3hvwccx09j84u.cloudfront.net/0,0/image/53bd2945ff604d285f8b456d.jpg",
  "cardLink": null,
  "videoLink": null,
  "nutrition": [],
  "ingredients": [],
  "allergens": [],
  "utensils": [],
  "tags": [],
  "cuisines": [],
  "wines": [],
  "marketplaceItems": [],
  "author": null,
  "label": null,
  "yieldType": null,
  "yields": [],
  "steps": [],
  "averageRating": 2.8,
  "ratingsCount": 21,
  "favoritesCount": 13,
  "active": true,
  "highlighted": false,
  "isDinnerToLunch": false,
  "isExcludedFromIndex": false,
  "isPremium": false,
  "websiteUrl": "https://www.hellofresh.de/recipes/schaschlik-mit-reis-53bd2945ff604d285f8b456d",
  "clonedFrom": null,
  "canonical": null,
  "canonicalLink": null
}
