{
  "country": "DE",
  "id": "53bd285cff604d295f8b456e",
  "name": "Libanesischer „Fattoush-Salat“",
  "seoName": null,
  "category": null,
  "slug": "libanesischer-fattoush-salat",
  "headline": "mit kross gebratenem Haloumi und Pita-Taschen",
  "description": "",
  "descriptionHTML": "",
  "descriptionMarkdown": "",
  "seoDescription": null,
  "comment": null,
  "difficulty": 2,
  "prepTime": "PT30M",
  "totalTime": null,
  "servingSize": 0,
  "createdAt": "2014-07-09T11:32:44+00:00",
  "updatedAt": "2016-07-13T13:44:05+00:00",
  "link": "https://hellofresh.com/recipes/53bd285cff604d295f8b456e",
  "imageLink": "https://d3hvwccx09j84u.cloudfront.net/0,0/image/53bd285cff604d295f8b456e.jpg",
  "cardLink": null,
  "videoLink": null,
  "nutrition": [],
  "ingredients": [],
  "allergens": [],
  "utensils": [],
  "tags": [],
  "cuisines": [],
  "wines": [],
  "marketplaceItems": [],
  "author": null,
  "label": null,
  "yieldType": null,
  "yields": [],
  "steps": [],
  "averageRating": 3.3,
  "ratingsCount": 179,
  "favoritesCount": 44,
  "active": true,
  "highlighted": false,
  "isDinnerToLunch": false,
  "isExcludedFromIndex": false,
  "isPremium": false,
  "websiteUrl": "https://www.hellofresh.de/recipes/libanesischer-fattoush-salat-53bd285cff604d295f8b456e",
  "clonedFrom": null,
  "canonical": null,
  "canonicalLink": null
}
