{
  "country": "DE",
  "id": "53bd282bff604d1ea88b456f",
  "name": "Feine Pfifferlings-Pfanne",
  "seoName": null,
  "category": null,
  "slug": "feine-pfifferlings-pfanne",
  "headline": "mit Schwarzwälder Schinken auf cremigem Risotto",
  "description": "",
  "descriptionHTML": "",
  "descriptionMarkdown": "",
  "seoDescription": null,
  "comment": null,
  "difficulty": 2,
  "prepTime": "PT30M",
  "totalTime": null,
  "servingSize": 0,
  "createdAt": "2014-07-09T11:31:55+00:00",
  "updatedAt": "2016-07-17T07:41:19+00:00",
  "link": "https://hellofresh.com/recipes/53bd282bff604d1ea88b456f",
  "imageLink": "https://d3hvwccx09j84u.cloudfront.net/0,0/image/53bd282bff604d1ea88b456f.jpg",
  "cardLink": null,
  "videoLink": null,
  "nutrition": [],
  "ingredients": [],
  "allergens": [],
  "utensils": [],
  "tags": [],
  "cuisines": [],
  "wines": [],
  "marketplaceItems": [],
  "author": null,
  "label": null,
  "yieldType": null,
  "yields": [],
  "steps": [],
  "averageRating": 3.1,
  "ratingsCount": 145,
  "favoritesCount": 60,
  "active": true,
  "highlighted": false,
  "isDinnerToLunch": false,
  "isExcludedFromIndex": false,
  "isPremium": false,
  "websiteUrl": "https://www.hellofresh.de/recipes/feine-pfifferlings-pfanne-53bd282bff604d1ea88b456f",
  "clonedFrom": null,
  "canonical": null,
  "canonicalLink": null
}
