{
  "country": "DE",
  "id": "53bd2983ff604d295f8b456f",
  "name": "Gemüse-Spaghetti mit Feta   ",
  "seoName": null,
  "category": null,
  "slug": "gemuse-spaghetti-mit-feta",
  "headline": "",
  "description": "",
  "descriptionHTML": "",
  "descriptionMarkdown": "",
  "seoDescription": null,
  "comment": null,
  "difficulty": 0,
  "prepTime": "",
  "totalTime": null,
  "servingSize": 0,
  "createdAt": "2014-07-09T11:37:39+00:00",
  "updatedAt": "2016-01-19T23:42:01+00:00",
  "link": "https://hellofresh.com/recipes/53bd2983ff604d295f8b456f",
  "imageLink": "https://d3hvwccx09j84u.cloudfront.net/0,0/image/53bd2983ff604d295f8b456f.jpg",
  "cardLink": null,
  "videoLink": null,
  "nutrition": [],
  "ingredients": [],
  "allergens": [],
  "utensils": [],
  "tags": [],
  "cuisines": [],
  "wines": [],
  "marketplaceItems": [],
  "author": null,
  "label": null,
  "yieldType": null,
  "yields": [],
  "steps": [],
  "averageRating": 2.8,
  "ratingsCount": 24,
  "favoritesCount": 19,
  "active": true,
  "highlighted": false,
  "isDinnerToLunch": false,
  "isExcludedFromIndex": false,
  "isPremium": false,
  "websiteUrl": "https://www.hellofresh.de/recipes/gemuse-spaghetti-mit-feta-53bd2983ff604d295f8b456f",
  "clonedFrom": null,
  "canonical": null,
  "canonicalLink": null
}
