{
  "country": "DE",
  "id": "53bd289dff604d285f8b456b",
  "name": "Kartoffelpfanne „Napoli“",
  "seoName": null,
  "category": null,
  "slug": "kartoffelpfanne-napoli",
  "headline": "mit getrockneten Tomaten, Mozzarella, grünen Bohnen und Basilikum-Mandelcreme",
  "description": "",
  "descriptionHTML": "",
  "descriptionMarkdown": "",
  "seoDescription": null,
  "comment": null,
  "difficulty": 2,
  "prepTime": "PT30M",
  "totalTime": null,
  "servingSize": 0,
  "createdAt": "2014-07-09T11:33:49+00:00",
  "updatedAt": "2016-07-13T13:44:12+00:00",
  "link": "https://hellofresh.com/recipes/53bd289dff604d285f8b456b",
  "imageLink": "https://d3hvwccx09j84u.cloudfront.net/0,0/image/53bd289dff604d285f8b456b.jpg",
  "cardLink": null,
  "videoLink": null,
  "nutrition": [],
  "ingredients": [],
  "allergens": [],
  "utensils": [],
  "tags": [],
  "cuisines": [],
  "wines": [],
  "marketplaceItems": [],
  "author": null,
  "label": null,
  "yieldType": null,
  "yields": [],
  "steps": [],
  "averageRating": 3.4,
  "ratingsCount": 155,
  "favoritesCount": 48,
  "active": true,
  "highlighted": false,
  "isDinnerToLunch": false,
  "isExcludedFromIndex": false,
  "isPremium": false,
  "websiteUrl": "https://www.hellofresh.de/recipes/kartoffelpfanne-napoli-53bd289dff604d285f8b456b",
  "clonedFrom": null,
  "canonical": null,
  "canonicalLink": null
}
