{
  "country": "DE",
  "id": "53bd28d0ff604d285f8b456c",
  "name": "In Sojasoße und Sesam marinierte Aubergine",
  "seoName": null,
  "category": null,
  "slug": "in-sojasosze-und-sesam-marinierte-aubergine",
  "headline": "auf Jasminreis dazu erfrischende eingelegte Gurke",
  "description": "",
  "descriptionHTML": "",
  "descriptionMarkdown": "",
  "seoDescription": null,
  "comment": null,
  "difficulty": 2,
  "prepTime": "PT30M",
  "totalTime": null,
  "servingSize": 0,
  "createdAt": "2014-07-09T11:34:40+00:00",
  "updatedAt": "2016-07-13T13:44:11+00:00",
  "link": "https://hellofresh.com/recipes/53bd28d0ff604d285f8b456c",
  "imageLink": "https://d3hvwccx09j84u.cloudfront.net/0,0/image/53bd28d0ff604d285f8b456c.jpg",
  "cardLink": null,
  "videoLink": null,
  "nutrition": [],
  "ingredients": [],
  "allergens": [],
  "utensils": [],
  "tags": [],
  "cuisines": [],
  "wines": [],
  "marketplaceItems": [],
  "author": null,
  "label": null,
  "yieldType": null,
  "yields": [],
  "steps": [],
  "averageRating": 2.6,
  "ratingsCount": 50,
  "favoritesCount": 12,
  "active": true,
  "highlighted": false,
  "isDinnerToLunch": false,
  "isExcludedFromIndex": false,
  "isPremium": false,
  "websiteUrl": "https://www.hellofresh.de/recipes/in-sojasosze-und-sesam-marinierte-aubergine-53bd28d0ff604d285f8b456c",
  "clonedFrom": null,
  "canonical": null,
  "canonicalLink": null
}
