{
  "country": "DE",
  "id": "53bd27ddff604d285f8b456a",
  "name": "Sommerlicher Flammkuchen",
  "seoName": null,
  "category": null,
  "slug": "sommerlicher-flammkuchen",
  "headline": "mit Rucola-Schmand Boden, Paprika und  Mozzarella",
  "description": "",
  "descriptionHTML": "",
  "descriptionMarkdown": "",
  "seoDescription": null,
  "comment": null,
  "difficulty": 1,
  "prepTime": "PT25M",
  "totalTime": null,
  "servingSize": 0,
  "createdAt": "2014-07-09T11:30:37+00:00",
  "updatedAt": "2016-07-13T13:43:58+00:00",
  "link": "https://hellofresh.com/recipes/53bd27ddff604d285f8b456a",
  "imageLink": "https://d3hvwccx09j84u.cloudfront.net/0,0/image/53bd27ddff604d285f8b456a.jpg",
  "cardLink": null,
  "videoLink": null,
  "nutrition": [],
  "ingredients": [],
  "allergens": [],
  "utensils": [],
  "tags": [],
  "cuisines": [],
  "wines": [],
  "marketplaceItems": [],
  "author": null,
  "label": null,
  "yieldType": null,
  "yields": [],
  "steps": [],
  "averageRating": 3.3,
  "ratingsCount": 684,
  "favoritesCount": 177,
  "active": true,
  "highlighted": false,
  "isDinnerToLunch": false,
  "isExcludedFromIndex": false,
  "isPremium": false,
  "websiteUrl": "https://www.hellofresh.de/recipes/sommerlicher-flammkuchen-53bd27ddff604d285f8b456a",
  "clonedFrom": null,
  "canonical": null,
  "canonicalLink": null
}
