{
  "country": "DE",
  "id": "53bd2915ff604dc89e8b456c",
  "name": "Hähnchen mit Pesto-Püree   ",
  "seoName": null,
  "category": null,
  "slug": "hahnchen-mit-pesto-puree",
  "headline": "",
  "description": "",
  "descriptionHTML": "",
  "descriptionMarkdown": "",
  "seoDescription": null,
  "comment": null,
  "difficulty": 0,
  "prepTime": "PT30M",
  "totalTime": null,
  "servingSize": 0,
  "createdAt": "2014-07-09T11:35:49+00:00",
  "updatedAt": "2015-12-08T12:07:23+00:00",
  "link": "https://hellofresh.com/recipes/53bd2915ff604dc89e8b456c",
  "imageLink": "https://d3hvwccx09j84u.cloudfront.net/0,0/image/53bd2915ff604dc89e8b456c.jpg",
  "cardLink": null,
  "videoLink": null,
  "nutrition": [],
  "ingredients": [],
  "allergens": [],
  "utensils": [],
  "tags": [],
  "cuisines": [],
  "wines": [],
  "marketplaceItems": [],
  "author": null,
  "label": null,
  "yieldType": null,
  "yields": [],
  "steps": [],
  "averageRating": 3.2,
  "ratingsCount": 22,
  "favoritesCount": 11,
  "active": true,
  "highlighted": false,
  "isDinnerToLunch": false,
  "isExcludedFromIndex": false,
  "isPremium": false,
  "websiteUrl": "https://www.hellofresh.de/recipes/hahnchen-mit-pesto-puree-53bd2915ff604dc89e8b456c",
  "clonedFrom": null,
  "canonical": null,
  "canonicalLink": null
}
