{
  "country": "DE",
  "id": "53bd2800ff604dc89e8b456b",
  "name": "Spirelli-Pasta „Gremolata“",
  "seoName": null,
  "category": null,
  "slug": "spirelli-pasta-gremolata",
  "headline": "mit cremiger Zucchini-Parmesan-Soße, Pinienkernen und Chili",
  "description": "",
  "descriptionHTML": "",
  "descriptionMarkdown": "",
  "seoDescription": null,
  "comment": null,
  "difficulty": 2,
  "prepTime": "PT30M",
  "totalTime": null,
  "servingSize": 0,
  "createdAt": "2014-07-09T11:31:12+00:00",
  "updatedAt": "2016-07-13T13:44:02+00:00",
  "link": "https://hellofresh.com/recipes/53bd2800ff604dc89e8b456b",
  "imageLink": "https://d3hvwccx09j84u.cloudfront.net/0,0/image/53bd2800ff604dc89e8b456b.jpg",
  "cardLink": null,
  "videoLink": null,
  "nutrition": [],
  "ingredients": [],
  "allergens": [],
  "utensils": [],
  "tags": [],
  "cuisines": [],
  "wines": [],
  "marketplaceItems": [],
  "author": null,
  "label": null,
  "yieldType": null,
  "yields": [],
  "steps": [],
  "averageRating": 3.1,
  "ratingsCount": 188,
  "favoritesCount": 61,
  "active": true,
  "highlighted": false,
  "isDinnerToLunch": false,
  "isExcludedFromIndex": false,
  "isPremium": false,
  "websiteUrl": "https://www.hellofresh.de/recipes/spirelli-pasta-gremolata-53bd2800ff604dc89e8b456b",
  "clonedFrom": null,
  "canonical": null,
  "canonicalLink": null
}
