{
  "country": "DE",
  "id": "53bd27a4ff604dc89e8b456a",
  "name": "Mit Gouda, Bacon und Tomate gefüllte Hähnchenbrust",
  "seoName": null,
  "category": null,
  "slug": "mit-gouda-bacon-und-tomate-gefullte-hahnchenbrust",
  "headline": "dazu knusprige Drillinge und grünen Salat ",
  "description": "",
  "descriptionHTML": "",
  "descriptionMarkdown": "",
  "seoDescription": null,
  "comment": null,
  "difficulty": 3,
  "prepTime": "PT30M",
  "totalTime": null,
  "servingSize": 0,
  "createdAt": "2014-07-09T11:29:40+00:00",
  "updatedAt": "2016-05-24T13:43:29+00:00",
  "link": "https://hellofresh.com/recipes/53bd27a4ff604dc89e8b456a",
  "imageLink": "https://d3hvwccx09j84u.cloudfront.net/0,0/image/53bd27a4ff604dc89e8b456a.jpg",
  "cardLink": null,
  "videoLink": null,
  "nutrition": [],
  "ingredients": [],
  "allergens": [],
  "utensils": [],
  "tags": [],
  "cuisines": [],
  "wines": [],
  "marketplaceItems": [],
  "author": null,
  "label": null,
  "yieldType": null,
  "yields": [],
  "steps": [],
  "averageRating": 3.6,
  "ratingsCount": 534,
  "favoritesCount": 195,
  "active": true,
  "highlighted": false,
  "isDinnerToLunch": false,
  "isExcludedFromIndex": false,
  "isPremium": false,
  "websiteUrl": "https://www.hellofresh.de/recipes/mit-gouda-bacon-und-tomate-gefullte-hahnchenbrust-53bd27a4ff604dc89e8b456a",
  "clonedFrom": null,
  "canonical": null,
  "canonicalLink": null
}
