{
  "country": "DE",
  "id": "53c3f221ff604d08298b4567",
  "name": "Sommerliche Mascarpone-Brokkoli-Penne",
  "seoName": null,
  "category": null,
  "slug": "sommerliche-mascarpone-brokkoli-penne",
  "headline": "verfeinert mit frischen Basilikum, Parmesan und Zitrone",
  "description": "",
  "descriptionHTML": "",
  "descriptionMarkdown": "",
  "seoDescription": null,
  "comment": null,
  "difficulty": 1,
  "prepTime": "PT25M",
  "totalTime": null,
  "servingSize": 0,
  "createdAt": "2014-07-14T15:07:13+00:00",
  "updatedAt": "2016-07-17T07:41:29+00:00",
  "link": "https://hellofresh.com/recipes/53c3f221ff604d08298b4567",
  "imageLink": "https://d3hvwccx09j84u.cloudfront.net/0,0/image/53c3f221ff604d08298b4567.jpg",
  "cardLink": null,
  "videoLink": null,
  "nutrition": [],
  "ingredients": [],
  "allergens": [],
  "utensils": [],
  "tags": [],
  "cuisines": [],
  "wines": [],
  "marketplaceItems": [],
  "author": null,
  "label": null,
  "yieldType": null,
  "yields": [],
  "steps": [],
  "averageRating": 2.8,
  "ratingsCount": 729,
  "favoritesCount": 131,
  "active": true,
  "highlighted": false,
  "isDinnerToLunch": false,
  "isExcludedFromIndex": false,
  "isPremium": false,
  "websiteUrl": "https://www.hellofresh.de/recipes/sommerliche-mascarpone-brokkoli-penne-53c3f221ff604d08298b4567",
  "clonedFrom": null,
  "canonical": null,
  "canonicalLink": null
}
