{
  "country": "DE",
  "id": "53c3f27eff604d31528b4568",
  "name": "Für den Grill: Bratwurst-Gemüsespieße",
  "seoName": null,
  "category": null,
  "slug": "fur-den-grill-bratwurst-gemusespiesze",
  "headline": "in delikater Thymian-Marinade, dazu Dinkel- Brötchen und selbstgemachter Kräuterquark",
  "description": "",
  "descriptionHTML": "",
  "descriptionMarkdown": "",
  "seoDescription": null,
  "comment": null,
  "difficulty": 1,
  "prepTime": "PT35M",
  "totalTime": null,
  "servingSize": 0,
  "createdAt": "2014-07-14T15:08:46+00:00",
  "updatedAt": "2016-01-05T18:45:59+00:00",
  "link": "https://hellofresh.com/recipes/53c3f27eff604d31528b4568",
  "imageLink": "https://d3hvwccx09j84u.cloudfront.net/0,0/image/53c3f27eff604d31528b4568.jpg",
  "cardLink": null,
  "videoLink": null,
  "nutrition": [],
  "ingredients": [],
  "allergens": [],
  "utensils": [],
  "tags": [],
  "cuisines": [],
  "wines": [],
  "marketplaceItems": [],
  "author": null,
  "label": null,
  "yieldType": null,
  "yields": [],
  "steps": [],
  "averageRating": 2.8,
  "ratingsCount": 160,
  "favoritesCount": 34,
  "active": true,
  "highlighted": false,
  "isDinnerToLunch": false,
  "isExcludedFromIndex": false,
  "isPremium": false,
  "websiteUrl": "https://www.hellofresh.de/recipes/fur-den-grill-bratwurst-gemusespiesze-53c3f27eff604d31528b4568",
  "clonedFrom": null,
  "canonical": null,
  "canonicalLink": null
}
