{
  "country": "DE",
  "id": "53c3f255ff604d37528b456c",
  "name": "Pikante Spanische Reispfanne",
  "seoName": null,
  "category": null,
  "slug": "pikante-spanische-reispfanne",
  "headline": "serviert mit spritzigem Avocado-Petersilien Salat und Joghurtsoße",
  "description": "",
  "descriptionHTML": "",
  "descriptionMarkdown": "",
  "seoDescription": null,
  "comment": null,
  "difficulty": 1,
  "prepTime": "PT30M",
  "totalTime": null,
  "servingSize": 0,
  "createdAt": "2014-07-14T15:08:05+00:00",
  "updatedAt": "2016-04-10T06:07:46+00:00",
  "link": "https://hellofresh.com/recipes/53c3f255ff604d37528b456c",
  "imageLink": "https://d3hvwccx09j84u.cloudfront.net/0,0/image/53c3f255ff604d37528b456c.jpg",
  "cardLink": null,
  "videoLink": null,
  "nutrition": [],
  "ingredients": [],
  "allergens": [],
  "utensils": [],
  "tags": [],
  "cuisines": [],
  "wines": [],
  "marketplaceItems": [],
  "author": null,
  "label": null,
  "yieldType": null,
  "yields": [],
  "steps": [],
  "averageRating": 2.7,
  "ratingsCount": 194,
  "favoritesCount": 47,
  "active": true,
  "highlighted": false,
  "isDinnerToLunch": false,
  "isExcludedFromIndex": false,
  "isPremium": false,
  "websiteUrl": "https://www.hellofresh.de/recipes/pikante-spanische-reispfanne-53c3f255ff604d37528b456c",
  "clonedFrom": null,
  "canonical": null,
  "canonicalLink": null
}
