{
  "country": "DE",
  "id": "53c3f1faff604d36528b456c",
  "name": "Erfrischender Griechischer Salat",
  "seoName": null,
  "category": null,
  "slug": "erfrischender-griechischer-salat",
  "headline": "mit knusprigen Pita-Taschen, Feta und gegrillter Putenbrust",
  "description": "",
  "descriptionHTML": "",
  "descriptionMarkdown": "",
  "seoDescription": null,
  "comment": null,
  "difficulty": 3,
  "prepTime": "PT35M",
  "totalTime": null,
  "servingSize": 0,
  "createdAt": "2014-07-14T15:06:34+00:00",
  "updatedAt": "2016-07-17T07:41:27+00:00",
  "link": "https://hellofresh.com/recipes/53c3f1faff604d36528b456c",
  "imageLink": "https://d3hvwccx09j84u.cloudfront.net/0,0/image/53c3f1faff604d36528b456c.jpg",
  "cardLink": null,
  "videoLink": null,
  "nutrition": [],
  "ingredients": [],
  "allergens": [],
  "utensils": [],
  "tags": [],
  "cuisines": [],
  "wines": [],
  "marketplaceItems": [],
  "author": null,
  "label": null,
  "yieldType": null,
  "yields": [],
  "steps": [],
  "averageRating": 3.4,
  "ratingsCount": 572,
  "favoritesCount": 182,
  "active": true,
  "highlighted": false,
  "isDinnerToLunch": false,
  "isExcludedFromIndex": false,
  "isPremium": false,
  "websiteUrl": "https://www.hellofresh.de/recipes/erfrischender-griechischer-salat-53c3f1faff604d36528b456c",
  "clonedFrom": null,
  "canonical": null,
  "canonicalLink": null
}
