{
  "country": "DE",
  "id": "53c3f2bbff604d36528b456d",
  "name": "Mexikanische „Fajita“ Gemüsewraps",
  "seoName": null,
  "category": null,
  "slug": "mexikanische-fajita-gemusewraps",
  "headline": "mit Kidneybohnen, Schmand und Gouda, verfeinert mit frischem Koriander",
  "description": "",
  "descriptionHTML": "",
  "descriptionMarkdown": "",
  "seoDescription": null,
  "comment": null,
  "difficulty": 2,
  "prepTime": "PT30M",
  "totalTime": null,
  "servingSize": 0,
  "createdAt": "2014-07-14T15:09:47+00:00",
  "updatedAt": "2016-07-13T13:44:21+00:00",
  "link": "https://hellofresh.com/recipes/53c3f2bbff604d36528b456d",
  "imageLink": "https://d3hvwccx09j84u.cloudfront.net/0,0/image/53c3f2bbff604d36528b456d.jpg",
  "cardLink": null,
  "videoLink": null,
  "nutrition": [],
  "ingredients": [],
  "allergens": [],
  "utensils": [],
  "tags": [],
  "cuisines": [],
  "wines": [],
  "marketplaceItems": [],
  "author": null,
  "label": null,
  "yieldType": null,
  "yields": [],
  "steps": [],
  "averageRating": 3.3,
  "ratingsCount": 458,
  "favoritesCount": 105,
  "active": true,
  "highlighted": false,
  "isDinnerToLunch": false,
  "isExcludedFromIndex": false,
  "isPremium": false,
  "websiteUrl": "https://www.hellofresh.de/recipes/mexikanische-fajita-gemusewraps-53c3f2bbff604d36528b456d",
  "clonedFrom": null,
  "canonical": null,
  "canonicalLink": null
}
