{
  "country": "DE",
  "id": "53c3f30dff604d37528b456d",
  "name": "Salat Lentilles du Puy",
  "seoName": null,
  "category": null,
  "slug": "salat-lentilles-du-puy",
  "headline": "mit Ziegenkäse, Walnüssen, grünen Bohnen und Rucola",
  "description": "",
  "descriptionHTML": "",
  "descriptionMarkdown": "",
  "seoDescription": null,
  "comment": null,
  "difficulty": 2,
  "prepTime": "PT35M",
  "totalTime": null,
  "servingSize": 0,
  "createdAt": "2014-07-14T15:11:09+00:00",
  "updatedAt": "2015-02-02T21:15:39+00:00",
  "link": "https://hellofresh.com/recipes/53c3f30dff604d37528b456d",
  "imageLink": "https://d3hvwccx09j84u.cloudfront.net/0,0/image/53c3f30dff604d37528b456d.jpg",
  "cardLink": null,
  "videoLink": null,
  "nutrition": [],
  "ingredients": [],
  "allergens": [],
  "utensils": [],
  "tags": [],
  "cuisines": [],
  "wines": [],
  "marketplaceItems": [],
  "author": null,
  "label": null,
  "yieldType": null,
  "yields": [],
  "steps": [],
  "averageRating": 2.6,
  "ratingsCount": 36,
  "favoritesCount": 11,
  "active": true,
  "highlighted": false,
  "isDinnerToLunch": false,
  "isExcludedFromIndex": false,
  "isPremium": false,
  "websiteUrl": "https://www.hellofresh.de/recipes/salat-lentilles-du-puy-53c3f30dff604d37528b456d",
  "clonedFrom": null,
  "canonical": null,
  "canonicalLink": null
}
