{
  "country": "DE",
  "id": "53c3f2e3ff604d08298b4568",
  "name": "Kross gebratene Vegan Gyros Pfanne",
  "seoName": null,
  "category": null,
  "slug": "kross-gebratene-vegan-gyros-pfanne",
  "headline": "mit Kirschtomaten-Zucchini-Relish und knusprigen Kartoffelwedges",
  "description": "",
  "descriptionHTML": "",
  "descriptionMarkdown": "",
  "seoDescription": null,
  "comment": null,
  "difficulty": 1,
  "prepTime": "PT40M",
  "totalTime": null,
  "servingSize": 0,
  "createdAt": "2014-07-14T15:10:27+00:00",
  "updatedAt": "2016-07-13T13:44:25+00:00",
  "link": "https://hellofresh.com/recipes/53c3f2e3ff604d08298b4568",
  "imageLink": "https://d3hvwccx09j84u.cloudfront.net/0,0/image/53c3f2e3ff604d08298b4568.jpg",
  "cardLink": null,
  "videoLink": null,
  "nutrition": [],
  "ingredients": [],
  "allergens": [],
  "utensils": [],
  "tags": [],
  "cuisines": [],
  "wines": [],
  "marketplaceItems": [],
  "author": null,
  "label": null,
  "yieldType": null,
  "yields": [],
  "steps": [],
  "averageRating": 3.1,
  "ratingsCount": 161,
  "favoritesCount": 34,
  "active": true,
  "highlighted": false,
  "isDinnerToLunch": false,
  "isExcludedFromIndex": false,
  "isPremium": false,
  "websiteUrl": "https://www.hellofresh.de/recipes/kross-gebratene-vegan-gyros-pfanne-53c3f2e3ff604d08298b4568",
  "clonedFrom": null,
  "canonical": "53c3f2e3ff604d08298b4568",
  "canonicalLink": "https://www.hellofresh.de/recipes/kross-gebratene-vegan-gyros-pfanne-53c3f2e3ff604d08298b4568"
}
