{
  "country": "DE",
  "id": "53c3f1c8ff604d31528b4567",
  "name": "Delikates Schweinefilet mit Senfkruste",
  "seoName": null,
  "category": null,
  "slug": "delikates-schweinefilet-mit-senfkruste",
  "headline": "auf Drillingen und feinem Rahmgemüse",
  "description": "",
  "descriptionHTML": "",
  "descriptionMarkdown": "",
  "seoDescription": null,
  "comment": null,
  "difficulty": 2,
  "prepTime": "PT35M",
  "totalTime": null,
  "servingSize": 0,
  "createdAt": "2014-07-14T15:05:44+00:00",
  "updatedAt": "2016-07-17T07:41:23+00:00",
  "link": "https://hellofresh.com/recipes/53c3f1c8ff604d31528b4567",
  "imageLink": "https://d3hvwccx09j84u.cloudfront.net/0,0/image/53c3f1c8ff604d31528b4567.jpg",
  "cardLink": null,
  "videoLink": null,
  "nutrition": [],
  "ingredients": [],
  "allergens": [],
  "utensils": [],
  "tags": [],
  "cuisines": [],
  "wines": [],
  "marketplaceItems": [],
  "author": null,
  "label": null,
  "yieldType": null,
  "yields": [],
  "steps": [],
  "averageRating": 3.6,
  "ratingsCount": 607,
  "favoritesCount": 231,
  "active": true,
  "highlighted": false,
  "isDinnerToLunch": false,
  "isExcludedFromIndex": false,
  "isPremium": false,
  "websiteUrl": "https://www.hellofresh.de/recipes/delikates-schweinefilet-mit-senfkruste-53c3f1c8ff604d31528b4567",
  "clonedFrom": null,
  "canonical": null,
  "canonicalLink": null
}
