{
  "country": "DE",
  "id": "53c79b3dff604dcca08b4567",
  "name": "Hähnchenfilet mit Spinatnudeln",
  "seoName": null,
  "category": null,
  "slug": "hahnchenfilet-mit-spinatnudeln",
  "headline": "",
  "description": "",
  "descriptionHTML": "",
  "descriptionMarkdown": "",
  "seoDescription": null,
  "comment": null,
  "difficulty": 0,
  "prepTime": "PT25M",
  "totalTime": null,
  "servingSize": 0,
  "createdAt": "2014-07-17T09:45:33+00:00",
  "updatedAt": "2016-04-13T07:38:31+00:00",
  "link": "https://hellofresh.com/recipes/53c79b3dff604dcca08b4567",
  "imageLink": "https://d3hvwccx09j84u.cloudfront.net/0,0/image/53c79b3dff604dcca08b4567.jpg",
  "cardLink": null,
  "videoLink": null,
  "nutrition": [],
  "ingredients": [],
  "allergens": [],
  "utensils": [],
  "tags": [],
  "cuisines": [],
  "wines": [],
  "marketplaceItems": [],
  "author": null,
  "label": null,
  "yieldType": null,
  "yields": [],
  "steps": [],
  "averageRating": 3.3,
  "ratingsCount": 51,
  "favoritesCount": 42,
  "active": true,
  "highlighted": false,
  "isDinnerToLunch": false,
  "isExcludedFromIndex": false,
  "isPremium": false,
  "websiteUrl": "https://www.hellofresh.de/recipes/hahnchenfilet-mit-spinatnudeln-53c79b3dff604dcca08b4567",
  "clonedFrom": null,
  "canonical": null,
  "canonicalLink": null
}
