{
  "country": "DE",
  "id": "53c79e23ff604dc8a08b4567",
  "name": "Risotto mit Salsiccia",
  "seoName": null,
  "category": null,
  "slug": "risotto-mit-salsiccia",
  "headline": "",
  "description": "",
  "descriptionHTML": "",
  "descriptionMarkdown": "",
  "seoDescription": null,
  "comment": null,
  "difficulty": 0,
  "prepTime": "PT35M",
  "totalTime": null,
  "servingSize": 0,
  "createdAt": "2014-07-17T09:57:55+00:00",
  "updatedAt": "2015-12-26T22:50:01+00:00",
  "link": "https://hellofresh.com/recipes/53c79e23ff604dc8a08b4567",
  "imageLink": "https://d3hvwccx09j84u.cloudfront.net/0,0/image/53c79e23ff604dc8a08b4567.jpg",
  "cardLink": null,
  "videoLink": null,
  "nutrition": [],
  "ingredients": [],
  "allergens": [],
  "utensils": [],
  "tags": [],
  "cuisines": [],
  "wines": [],
  "marketplaceItems": [],
  "author": null,
  "label": null,
  "yieldType": null,
  "yields": [],
  "steps": [],
  "averageRating": 2.3,
  "ratingsCount": 45,
  "favoritesCount": 12,
  "active": true,
  "highlighted": false,
  "isDinnerToLunch": false,
  "isExcludedFromIndex": false,
  "isPremium": false,
  "websiteUrl": "https://www.hellofresh.de/recipes/risotto-mit-salsiccia-53c79e23ff604dc8a08b4567",
  "clonedFrom": null,
  "canonical": null,
  "canonicalLink": null
}
