{
  "country": "DE",
  "id": "53c79ebcff604db1a18b4567",
  "name": "Kartoffelgulasch mit Paprika",
  "seoName": null,
  "category": null,
  "slug": "kartoffelgulasch-mit-paprika",
  "headline": "",
  "description": "",
  "descriptionHTML": "",
  "descriptionMarkdown": "",
  "seoDescription": null,
  "comment": null,
  "difficulty": 0,
  "prepTime": "PT40M",
  "totalTime": null,
  "servingSize": 0,
  "createdAt": "2014-07-17T10:00:28+00:00",
  "updatedAt": "2015-12-26T22:50:15+00:00",
  "link": "https://hellofresh.com/recipes/53c79ebcff604db1a18b4567",
  "imageLink": "https://d3hvwccx09j84u.cloudfront.net/0,0/image/53c79ebcff604db1a18b4567.jpg",
  "cardLink": null,
  "videoLink": null,
  "nutrition": [],
  "ingredients": [],
  "allergens": [],
  "utensils": [],
  "tags": [],
  "cuisines": [],
  "wines": [],
  "marketplaceItems": [],
  "author": null,
  "label": null,
  "yieldType": null,
  "yields": [],
  "steps": [],
  "averageRating": 3,
  "ratingsCount": 40,
  "favoritesCount": 19,
  "active": true,
  "highlighted": false,
  "isDinnerToLunch": false,
  "isExcludedFromIndex": false,
  "isPremium": false,
  "websiteUrl": "https://www.hellofresh.de/recipes/kartoffelgulasch-mit-paprika-53c79ebcff604db1a18b4567",
  "clonedFrom": null,
  "canonical": null,
  "canonicalLink": null
}
