{
  "country": "DE",
  "id": "53c92101ff604d5d308b4567",
  "name": "Bunte Kartoffelpfanne mit Tomaten         ",
  "seoName": null,
  "category": null,
  "slug": "bunte-kartoffelpfanne-mit-tomaten",
  "headline": "",
  "description": "",
  "descriptionHTML": "",
  "descriptionMarkdown": "",
  "seoDescription": null,
  "comment": null,
  "difficulty": 0,
  "prepTime": "PT40M",
  "totalTime": null,
  "servingSize": 0,
  "createdAt": "2014-07-18T13:28:33+00:00",
  "updatedAt": "2016-01-11T21:32:59+00:00",
  "link": "https://hellofresh.com/recipes/53c92101ff604d5d308b4567",
  "imageLink": "https://d3hvwccx09j84u.cloudfront.net/0,0/image/53c92101ff604d5d308b4567.jpg",
  "cardLink": null,
  "videoLink": null,
  "nutrition": [],
  "ingredients": [],
  "allergens": [],
  "utensils": [],
  "tags": [],
  "cuisines": [],
  "wines": [],
  "marketplaceItems": [],
  "author": null,
  "label": null,
  "yieldType": null,
  "yields": [],
  "steps": [],
  "averageRating": 3.3,
  "ratingsCount": 36,
  "favoritesCount": 21,
  "active": true,
  "highlighted": false,
  "isDinnerToLunch": false,
  "isExcludedFromIndex": false,
  "isPremium": false,
  "websiteUrl": "https://www.hellofresh.de/recipes/bunte-kartoffelpfanne-mit-tomaten-53c92101ff604d5d308b4567",
  "clonedFrom": null,
  "canonical": null,
  "canonicalLink": null
}
