{
  "country": "DE",
  "id": "53c922beff604d5d308b4569",
  "name": "Braun gebratenes Bacon-Süßkartoffel-Hash",
  "seoName": null,
  "category": null,
  "slug": "braun-gebratenes-bacon-suszkartoffel-hash",
  "headline": "garniert mit frischem Schnittlauch, dazu  sommerlichen Avocado-Paprika-Relish",
  "description": "",
  "descriptionHTML": "",
  "descriptionMarkdown": "",
  "seoDescription": null,
  "comment": null,
  "difficulty": 2,
  "prepTime": "PT30M",
  "totalTime": null,
  "servingSize": 0,
  "createdAt": "2014-07-18T13:35:58+00:00",
  "updatedAt": "2016-07-13T13:22:44+00:00",
  "link": "https://hellofresh.com/recipes/53c922beff604d5d308b4569",
  "imageLink": "https://d3hvwccx09j84u.cloudfront.net/0,0/image/53c922beff604d5d308b4569.jpg",
  "cardLink": null,
  "videoLink": null,
  "nutrition": [],
  "ingredients": [],
  "allergens": [],
  "utensils": [],
  "tags": [],
  "cuisines": [],
  "wines": [],
  "marketplaceItems": [],
  "author": null,
  "label": null,
  "yieldType": null,
  "yields": [],
  "steps": [],
  "averageRating": 2.8,
  "ratingsCount": 144,
  "favoritesCount": 39,
  "active": true,
  "highlighted": false,
  "isDinnerToLunch": false,
  "isExcludedFromIndex": false,
  "isPremium": false,
  "websiteUrl": "https://www.hellofresh.de/recipes/braun-gebratenes-bacon-suszkartoffel-hash-53c922beff604d5d308b4569",
  "clonedFrom": null,
  "canonical": null,
  "canonicalLink": null
}
