{
  "country": "DE",
  "id": "53c9221cff604d5d308b4568",
  "name": "Asiatisch gewürzte Paprika- Champignon-Hähnchenpäckchen",
  "seoName": null,
  "category": null,
  "slug": "asiatisch-gewurzte-paprika-champignon-hahnchenpackchen",
  "headline": "in feiner Süß-Saurer-Soße, serviert mit Basmatireis",
  "description": "",
  "descriptionHTML": "",
  "descriptionMarkdown": "",
  "seoDescription": null,
  "comment": null,
  "difficulty": 3,
  "prepTime": "PT35M",
  "totalTime": null,
  "servingSize": 0,
  "createdAt": "2014-07-18T13:33:16+00:00",
  "updatedAt": "2016-06-13T19:40:06+00:00",
  "link": "https://hellofresh.com/recipes/53c9221cff604d5d308b4568",
  "imageLink": "https://d3hvwccx09j84u.cloudfront.net/0,0/image/53c9221cff604d5d308b4568.jpg",
  "cardLink": null,
  "videoLink": null,
  "nutrition": [],
  "ingredients": [],
  "allergens": [],
  "utensils": [],
  "tags": [],
  "cuisines": [],
  "wines": [],
  "marketplaceItems": [],
  "author": null,
  "label": null,
  "yieldType": null,
  "yields": [],
  "steps": [],
  "averageRating": 3.1,
  "ratingsCount": 486,
  "favoritesCount": 91,
  "active": true,
  "highlighted": false,
  "isDinnerToLunch": false,
  "isExcludedFromIndex": false,
  "isPremium": false,
  "websiteUrl": "https://www.hellofresh.de/recipes/asiatisch-gewurzte-paprika-champignon-hahnchenpackchen-53c9221cff604d5d308b4568",
  "clonedFrom": null,
  "canonical": null,
  "canonicalLink": null
}
