{
  "country": "DE",
  "id": "53c92364ff604d5c308b4569",
  "name": "Feine Schupfnudel-Feta-Pfanne",
  "seoName": null,
  "category": null,
  "slug": "feine-schupfnudel-feta-pfanne",
  "headline": "mit zweierlei Paprika, garniert mit frischer Petersilie",
  "description": "",
  "descriptionHTML": "",
  "descriptionMarkdown": "",
  "seoDescription": null,
  "comment": null,
  "difficulty": 1,
  "prepTime": "PT25M",
  "totalTime": null,
  "servingSize": 0,
  "createdAt": "2014-07-18T13:38:44+00:00",
  "updatedAt": "2016-01-28T01:51:49+00:00",
  "link": "https://hellofresh.com/recipes/53c92364ff604d5c308b4569",
  "imageLink": "https://d3hvwccx09j84u.cloudfront.net/0,0/image/53c92364ff604d5c308b4569.jpg",
  "cardLink": null,
  "videoLink": null,
  "nutrition": [],
  "ingredients": [],
  "allergens": [],
  "utensils": [],
  "tags": [],
  "cuisines": [],
  "wines": [],
  "marketplaceItems": [],
  "author": null,
  "label": null,
  "yieldType": null,
  "yields": [],
  "steps": [],
  "averageRating": 3.3,
  "ratingsCount": 42,
  "favoritesCount": 27,
  "active": true,
  "highlighted": false,
  "isDinnerToLunch": false,
  "isExcludedFromIndex": false,
  "isPremium": false,
  "websiteUrl": "https://www.hellofresh.de/recipes/feine-schupfnudel-feta-pfanne-53c92364ff604d5c308b4569",
  "clonedFrom": null,
  "canonical": null,
  "canonicalLink": null
}
