{
  "country": "DE",
  "id": "53c921d5ff604d772f8b4567",
  "name": "Der Steak-Haus-Klassiker",
  "seoName": null,
  "category": null,
  "slug": "der-steak-haus-klassiker",
  "headline": "Zarte Rinderhüfte mit Folienkartoffeln, gemischtem Gemüse und Kräuterquark",
  "description": "",
  "descriptionHTML": "",
  "descriptionMarkdown": "",
  "seoDescription": null,
  "comment": null,
  "difficulty": 1,
  "prepTime": "PT40M",
  "totalTime": null,
  "servingSize": 0,
  "createdAt": "2014-07-18T13:32:05+00:00",
  "updatedAt": "2016-07-01T06:07:28+00:00",
  "link": "https://hellofresh.com/recipes/53c921d5ff604d772f8b4567",
  "imageLink": "https://d3hvwccx09j84u.cloudfront.net/0,0/image/53c921d5ff604d772f8b4567.jpg",
  "cardLink": null,
  "videoLink": null,
  "nutrition": [],
  "ingredients": [],
  "allergens": [],
  "utensils": [],
  "tags": [],
  "cuisines": [],
  "wines": [],
  "marketplaceItems": [],
  "author": null,
  "label": null,
  "yieldType": null,
  "yields": [],
  "steps": [],
  "averageRating": 3.1,
  "ratingsCount": 508,
  "favoritesCount": 125,
  "active": true,
  "highlighted": false,
  "isDinnerToLunch": false,
  "isExcludedFromIndex": false,
  "isPremium": false,
  "websiteUrl": "https://www.hellofresh.de/recipes/der-steak-haus-klassiker-53c921d5ff604d772f8b4567",
  "clonedFrom": null,
  "canonical": null,
  "canonicalLink": null
}
