{
  "country": "DE",
  "id": "53c92267ff604d722f8b4568",
  "name": "Knusprige Pizza „Caprese“",
  "seoName": null,
  "category": null,
  "slug": "knusprige-pizza-caprese",
  "headline": "mit Basilikum-Mandelcreme Boden, Tomaten  und Mozzarella, dazu grünen Salat",
  "description": "",
  "descriptionHTML": "",
  "descriptionMarkdown": "",
  "seoDescription": null,
  "comment": null,
  "difficulty": 1,
  "prepTime": "PT30M",
  "totalTime": null,
  "servingSize": 0,
  "createdAt": "2014-07-18T13:34:31+00:00",
  "updatedAt": "2016-06-06T15:58:15+00:00",
  "link": "https://hellofresh.com/recipes/53c92267ff604d722f8b4568",
  "imageLink": "https://d3hvwccx09j84u.cloudfront.net/0,0/image/53c92267ff604d722f8b4568.jpg",
  "cardLink": null,
  "videoLink": null,
  "nutrition": [],
  "ingredients": [],
  "allergens": [],
  "utensils": [],
  "tags": [],
  "cuisines": [],
  "wines": [],
  "marketplaceItems": [],
  "author": null,
  "label": null,
  "yieldType": null,
  "yields": [],
  "steps": [],
  "averageRating": 3.3,
  "ratingsCount": 196,
  "favoritesCount": 60,
  "active": true,
  "highlighted": false,
  "isDinnerToLunch": false,
  "isExcludedFromIndex": false,
  "isPremium": false,
  "websiteUrl": "https://www.hellofresh.de/recipes/knusprige-pizza-caprese-53c92267ff604d722f8b4568",
  "clonedFrom": null,
  "canonical": null,
  "canonicalLink": null
}
