{
  "country": "DE",
  "id": "53c9212aff604d5c308b4567",
  "name": " Schnitzel mit Zitronensoße       ",
  "seoName": null,
  "category": null,
  "slug": "schnitzel-mit-zitronensosze",
  "headline": "",
  "description": "",
  "descriptionHTML": "",
  "descriptionMarkdown": "",
  "seoDescription": null,
  "comment": null,
  "difficulty": 0,
  "prepTime": "PT25M",
  "totalTime": null,
  "servingSize": 0,
  "createdAt": "2014-07-18T13:29:14+00:00",
  "updatedAt": "2016-01-19T23:42:13+00:00",
  "link": "https://hellofresh.com/recipes/53c9212aff604d5c308b4567",
  "imageLink": "https://d3hvwccx09j84u.cloudfront.net/0,0/image/53c9212aff604d5c308b4567.jpg",
  "cardLink": null,
  "videoLink": null,
  "nutrition": [],
  "ingredients": [],
  "allergens": [],
  "utensils": [],
  "tags": [],
  "cuisines": [],
  "wines": [],
  "marketplaceItems": [],
  "author": null,
  "label": null,
  "yieldType": null,
  "yields": [],
  "steps": [],
  "averageRating": 3,
  "ratingsCount": 41,
  "favoritesCount": 28,
  "active": true,
  "highlighted": false,
  "isDinnerToLunch": false,
  "isExcludedFromIndex": false,
  "isPremium": false,
  "websiteUrl": "https://www.hellofresh.de/recipes/schnitzel-mit-zitronensosze-53c9212aff604d5c308b4567",
  "clonedFrom": null,
  "canonical": null,
  "canonicalLink": null
}
