{
  "country": "DE",
  "id": "53c9232cff604d5d308b456a",
  "name": "Feuriges Kartoffel-Blumenkohl Curry",
  "seoName": null,
  "category": null,
  "slug": "feuriges-kartoffel-blumenkohl-curry",
  "headline": "serviert mit Naan-Brot und Zitronen- Sahne Kefir",
  "description": "",
  "descriptionHTML": "",
  "descriptionMarkdown": "",
  "seoDescription": null,
  "comment": null,
  "difficulty": 2,
  "prepTime": "PT40M",
  "totalTime": null,
  "servingSize": 0,
  "createdAt": "2014-07-18T13:37:48+00:00",
  "updatedAt": "2016-02-05T13:32:34+00:00",
  "link": "https://hellofresh.com/recipes/53c9232cff604d5d308b456a",
  "imageLink": "https://d3hvwccx09j84u.cloudfront.net/0,0/image/53c9232cff604d5d308b456a.jpg",
  "cardLink": null,
  "videoLink": null,
  "nutrition": [],
  "ingredients": [],
  "allergens": [],
  "utensils": [],
  "tags": [],
  "cuisines": [],
  "wines": [],
  "marketplaceItems": [],
  "author": null,
  "label": null,
  "yieldType": null,
  "yields": [],
  "steps": [],
  "averageRating": 3.1,
  "ratingsCount": 138,
  "favoritesCount": 39,
  "active": true,
  "highlighted": false,
  "isDinnerToLunch": false,
  "isExcludedFromIndex": false,
  "isPremium": false,
  "websiteUrl": "https://www.hellofresh.de/recipes/feuriges-kartoffel-blumenkohl-curry-53c9232cff604d5d308b456a",
  "clonedFrom": null,
  "canonical": null,
  "canonicalLink": null
}
