{
  "country": "DE",
  "id": "53c9215cff604d722f8b4567",
  "name": " Hähnchen-Zucchini-Wok",
  "seoName": null,
  "category": null,
  "slug": "hahnchen-zucchini-wok",
  "headline": "",
  "description": "",
  "descriptionHTML": "",
  "descriptionMarkdown": "",
  "seoDescription": null,
  "comment": null,
  "difficulty": 0,
  "prepTime": "PT30M",
  "totalTime": null,
  "servingSize": 0,
  "createdAt": "2014-07-18T13:30:04+00:00",
  "updatedAt": "2015-12-21T21:43:44+00:00",
  "link": "https://hellofresh.com/recipes/53c9215cff604d722f8b4567",
  "imageLink": "https://d3hvwccx09j84u.cloudfront.net/0,0/image/53c9215cff604d722f8b4567.jpg",
  "cardLink": null,
  "videoLink": null,
  "nutrition": [],
  "ingredients": [],
  "allergens": [],
  "utensils": [],
  "tags": [],
  "cuisines": [],
  "wines": [],
  "marketplaceItems": [],
  "author": null,
  "label": null,
  "yieldType": null,
  "yields": [],
  "steps": [],
  "averageRating": 3.4,
  "ratingsCount": 36,
  "favoritesCount": 18,
  "active": true,
  "highlighted": false,
  "isDinnerToLunch": false,
  "isExcludedFromIndex": false,
  "isPremium": false,
  "websiteUrl": "https://www.hellofresh.de/recipes/hahnchen-zucchini-wok-53c9215cff604d722f8b4567",
  "clonedFrom": null,
  "canonical": null,
  "canonicalLink": null
}
