{
  "country": "DE",
  "id": "53c922eaff604d772f8b4568",
  "name": "Marokkanisch gewürzte Champignons",
  "seoName": null,
  "category": null,
  "slug": "marokkanisch-gewurzte-champignons",
  "headline": "mit Rosinen-Couscous und Gurken-Joghurt-Soße",
  "description": "",
  "descriptionHTML": "",
  "descriptionMarkdown": "",
  "seoDescription": null,
  "comment": null,
  "difficulty": 2,
  "prepTime": "PT30M",
  "totalTime": null,
  "servingSize": 0,
  "createdAt": "2014-07-18T13:36:42+00:00",
  "updatedAt": "2016-07-13T13:44:36+00:00",
  "link": "https://hellofresh.com/recipes/53c922eaff604d772f8b4568",
  "imageLink": "https://d3hvwccx09j84u.cloudfront.net/0,0/image/53c922eaff604d772f8b4568.jpg",
  "cardLink": null,
  "videoLink": null,
  "nutrition": [],
  "ingredients": [],
  "allergens": [],
  "utensils": [],
  "tags": [],
  "cuisines": [],
  "wines": [],
  "marketplaceItems": [],
  "author": null,
  "label": null,
  "yieldType": null,
  "yields": [],
  "steps": [],
  "averageRating": 3.3,
  "ratingsCount": 143,
  "favoritesCount": 45,
  "active": true,
  "highlighted": false,
  "isDinnerToLunch": false,
  "isExcludedFromIndex": false,
  "isPremium": false,
  "websiteUrl": "https://www.hellofresh.de/recipes/marokkanisch-gewurzte-champignons-53c922eaff604d772f8b4568",
  "clonedFrom": null,
  "canonical": null,
  "canonicalLink": null
}
