{
  "country": "DE",
  "id": "53c92245ff604d5c308b4568",
  "name": "Kross gebratene Ricotta-Tortellini in Zucchini-Tomaten-Soße",
  "seoName": null,
  "category": null,
  "slug": "kross-gebratene-ricotta-tortellini-in-zucchini-tomaten-sosze",
  "headline": "verfeinert mit frisch geriebenem Parmesan und Basilikum",
  "description": "",
  "descriptionHTML": "",
  "descriptionMarkdown": "",
  "seoDescription": null,
  "comment": null,
  "difficulty": 1,
  "prepTime": "PT25M",
  "totalTime": null,
  "servingSize": 0,
  "createdAt": "2014-07-18T13:33:57+00:00",
  "updatedAt": "2016-01-08T14:10:50+00:00",
  "link": "https://hellofresh.com/recipes/53c92245ff604d5c308b4568",
  "imageLink": "https://d3hvwccx09j84u.cloudfront.net/0,0/image/53c92245ff604d5c308b4568.jpg",
  "cardLink": null,
  "videoLink": null,
  "nutrition": [],
  "ingredients": [],
  "allergens": [],
  "utensils": [],
  "tags": [],
  "cuisines": [],
  "wines": [],
  "marketplaceItems": [],
  "author": null,
  "label": null,
  "yieldType": null,
  "yields": [],
  "steps": [],
  "averageRating": 3.3,
  "ratingsCount": 623,
  "favoritesCount": 161,
  "active": true,
  "highlighted": false,
  "isDinnerToLunch": false,
  "isExcludedFromIndex": false,
  "isPremium": false,
  "websiteUrl": "https://www.hellofresh.de/recipes/kross-gebratene-ricotta-tortellini-in-zucchini-tomaten-sosze-53c92245ff604d5c308b4568",
  "clonedFrom": null,
  "canonical": null,
  "canonicalLink": null
}
