{
  "country": "DE",
  "id": "53d8ded6ff604d66708b456a",
  "name": "Feine Schupfnudeln in delikater Kohlrabi-Soße",
  "seoName": null,
  "category": null,
  "slug": "feine-schupfnudeln-in-delikater-kohlrabi-sosze",
  "headline": "verfeinert mit Prosciutto, Salbei und Frühlingszwiebeln",
  "description": "",
  "descriptionHTML": "",
  "descriptionMarkdown": "",
  "seoDescription": null,
  "comment": null,
  "difficulty": 1,
  "prepTime": "PT30M",
  "totalTime": null,
  "servingSize": 0,
  "createdAt": "2014-07-30T12:02:30+00:00",
  "updatedAt": "2016-05-24T13:44:33+00:00",
  "link": "https://hellofresh.com/recipes/53d8ded6ff604d66708b456a",
  "imageLink": "https://d3hvwccx09j84u.cloudfront.net/0,0/image/53d8ded6ff604d66708b456a.jpg",
  "cardLink": null,
  "videoLink": null,
  "nutrition": [],
  "ingredients": [],
  "allergens": [],
  "utensils": [],
  "tags": [],
  "cuisines": [],
  "wines": [],
  "marketplaceItems": [],
  "author": null,
  "label": null,
  "yieldType": null,
  "yields": [],
  "steps": [],
  "averageRating": 3.2,
  "ratingsCount": 46,
  "favoritesCount": 43,
  "active": true,
  "highlighted": false,
  "isDinnerToLunch": false,
  "isExcludedFromIndex": false,
  "isPremium": false,
  "websiteUrl": "https://www.hellofresh.de/recipes/feine-schupfnudeln-in-delikater-kohlrabi-sosze-53d8ded6ff604d66708b456a",
  "clonedFrom": null,
  "canonical": null,
  "canonicalLink": null
}
