{
  "country": "DE",
  "id": "53d8dfa3ff604d3f678b456b",
  "name": "Spritziges Rote Beete Tabouleh",
  "seoName": null,
  "category": null,
  "slug": "spritziges-rote-beete-tabouleh",
  "headline": "mit Bulgur, Tomaten und Petersilie, verfeinert mit Feta",
  "description": "",
  "descriptionHTML": "",
  "descriptionMarkdown": "",
  "seoDescription": null,
  "comment": null,
  "difficulty": 2,
  "prepTime": "PT35M",
  "totalTime": null,
  "servingSize": 0,
  "createdAt": "2014-07-30T12:05:55+00:00",
  "updatedAt": "2016-07-13T13:44:59+00:00",
  "link": "https://hellofresh.com/recipes/53d8dfa3ff604d3f678b456b",
  "imageLink": "https://d3hvwccx09j84u.cloudfront.net/0,0/image/53d8dfa3ff604d3f678b456b.jpg",
  "cardLink": null,
  "videoLink": null,
  "nutrition": [],
  "ingredients": [],
  "allergens": [],
  "utensils": [],
  "tags": [],
  "cuisines": [],
  "wines": [],
  "marketplaceItems": [],
  "author": null,
  "label": null,
  "yieldType": null,
  "yields": [],
  "steps": [],
  "averageRating": 3.8,
  "ratingsCount": 5,
  "favoritesCount": 16,
  "active": true,
  "highlighted": false,
  "isDinnerToLunch": false,
  "isExcludedFromIndex": false,
  "isPremium": false,
  "websiteUrl": "https://www.hellofresh.de/recipes/spritziges-rote-beete-tabouleh-53d8dfa3ff604d3f678b456b",
  "clonedFrom": null,
  "canonical": null,
  "canonicalLink": null
}
