{
  "country": "DE",
  "id": "53d8e1a0ff604d66708b456b",
  "name": "Putenspieße mit Paprikasoße",
  "seoName": null,
  "category": null,
  "slug": "putenspiesze-mit-paprikasosze",
  "headline": "",
  "description": "",
  "descriptionHTML": "",
  "descriptionMarkdown": "",
  "seoDescription": null,
  "comment": null,
  "difficulty": 0,
  "prepTime": "PT30M",
  "totalTime": null,
  "servingSize": 0,
  "createdAt": "2014-07-30T12:14:24+00:00",
  "updatedAt": "2015-12-30T10:24:53+00:00",
  "link": "https://hellofresh.com/recipes/53d8e1a0ff604d66708b456b",
  "imageLink": "https://d3hvwccx09j84u.cloudfront.net/0,0/image/53d8e1a0ff604d66708b456b.jpg",
  "cardLink": null,
  "videoLink": null,
  "nutrition": [],
  "ingredients": [],
  "allergens": [],
  "utensils": [],
  "tags": [],
  "cuisines": [],
  "wines": [],
  "marketplaceItems": [],
  "author": null,
  "label": null,
  "yieldType": null,
  "yields": [],
  "steps": [],
  "averageRating": 3.4,
  "ratingsCount": 11,
  "favoritesCount": 14,
  "active": true,
  "highlighted": false,
  "isDinnerToLunch": false,
  "isExcludedFromIndex": false,
  "isPremium": false,
  "websiteUrl": "https://www.hellofresh.de/recipes/putenspiesze-mit-paprikasosze-53d8e1a0ff604d66708b456b",
  "clonedFrom": null,
  "canonical": null,
  "canonicalLink": null
}
