{
  "country": "DE",
  "id": "53d8deaeff604d3f678b456a",
  "name": "Krosse Zucchini-Tostadas",
  "seoName": null,
  "category": null,
  "slug": "krosse-zucchini-tostadas",
  "headline": "mit mexikanischem Kidneybohnenpüree, Avocado-Tomaten-Salsa und Emmentaler",
  "description": "",
  "descriptionHTML": "",
  "descriptionMarkdown": "",
  "seoDescription": null,
  "comment": null,
  "difficulty": 2,
  "prepTime": "PT30M",
  "totalTime": null,
  "servingSize": 0,
  "createdAt": "2014-07-30T12:01:50+00:00",
  "updatedAt": "2016-07-13T13:22:50+00:00",
  "link": "https://hellofresh.com/recipes/53d8deaeff604d3f678b456a",
  "imageLink": "https://d3hvwccx09j84u.cloudfront.net/0,0/image/53d8deaeff604d3f678b456a.jpg",
  "cardLink": null,
  "videoLink": null,
  "nutrition": [],
  "ingredients": [],
  "allergens": [],
  "utensils": [],
  "tags": [],
  "cuisines": [],
  "wines": [],
  "marketplaceItems": [],
  "author": null,
  "label": null,
  "yieldType": null,
  "yields": [],
  "steps": [],
  "averageRating": 3.1,
  "ratingsCount": 54,
  "favoritesCount": 51,
  "active": true,
  "highlighted": false,
  "isDinnerToLunch": false,
  "isExcludedFromIndex": false,
  "isPremium": false,
  "websiteUrl": "https://www.hellofresh.de/recipes/krosse-zucchini-tostadas-53d8deaeff604d3f678b456a",
  "clonedFrom": null,
  "canonical": null,
  "canonicalLink": null
}
