{
  "country": "DE",
  "id": "53d8df28ff604d64708b4567",
  "name": "Thailändische Nudelpfanne „Pad See Ew“",
  "seoName": null,
  "category": null,
  "slug": "thailandische-nudelpfanne-pad-see-ew",
  "headline": "mit kross gebratenem Tofu, Karotte und Brokkoli",
  "description": "",
  "descriptionHTML": "",
  "descriptionMarkdown": "",
  "seoDescription": null,
  "comment": null,
  "difficulty": 2,
  "prepTime": "PT30M",
  "totalTime": null,
  "servingSize": 0,
  "createdAt": "2014-07-30T12:03:52+00:00",
  "updatedAt": "2015-05-29T19:03:40+00:00",
  "link": "https://hellofresh.com/recipes/53d8df28ff604d64708b4567",
  "imageLink": "https://d3hvwccx09j84u.cloudfront.net/0,0/image/53d8df28ff604d64708b4567.jpg",
  "cardLink": null,
  "videoLink": null,
  "nutrition": [],
  "ingredients": [],
  "allergens": [],
  "utensils": [],
  "tags": [],
  "cuisines": [],
  "wines": [],
  "marketplaceItems": [],
  "author": null,
  "label": null,
  "yieldType": null,
  "yields": [],
  "steps": [],
  "averageRating": 2,
  "ratingsCount": 26,
  "favoritesCount": 15,
  "active": true,
  "highlighted": false,
  "isDinnerToLunch": false,
  "isExcludedFromIndex": false,
  "isPremium": false,
  "websiteUrl": "https://www.hellofresh.de/recipes/thailandische-nudelpfanne-pad-see-ew-53d8df28ff604d64708b4567",
  "clonedFrom": null,
  "canonical": null,
  "canonicalLink": null
}
