{
  "country": "DE",
  "id": "53d8e221ff604d66708b456c",
  "name": "Bandnudeln mit Zucchini und Pilzen",
  "seoName": null,
  "category": null,
  "slug": "bandnudeln-mit-zucchini-und-pilzen",
  "headline": "",
  "description": "",
  "descriptionHTML": "",
  "descriptionMarkdown": "",
  "seoDescription": null,
  "comment": null,
  "difficulty": 0,
  "prepTime": "PT25M",
  "totalTime": null,
  "servingSize": 0,
  "createdAt": "2014-07-30T12:16:33+00:00",
  "updatedAt": "2016-04-13T07:39:10+00:00",
  "link": "https://hellofresh.com/recipes/53d8e221ff604d66708b456c",
  "imageLink": "https://d3hvwccx09j84u.cloudfront.net/0,0/image/53d8e221ff604d66708b456c.jpg",
  "cardLink": null,
  "videoLink": null,
  "nutrition": [],
  "ingredients": [],
  "allergens": [],
  "utensils": [],
  "tags": [],
  "cuisines": [],
  "wines": [],
  "marketplaceItems": [],
  "author": null,
  "label": null,
  "yieldType": null,
  "yields": [],
  "steps": [],
  "averageRating": 3.4,
  "ratingsCount": 10,
  "favoritesCount": 25,
  "active": true,
  "highlighted": false,
  "isDinnerToLunch": false,
  "isExcludedFromIndex": false,
  "isPremium": false,
  "websiteUrl": "https://www.hellofresh.de/recipes/bandnudeln-mit-zucchini-und-pilzen-53d8e221ff604d66708b456c",
  "clonedFrom": null,
  "canonical": null,
  "canonicalLink": null
}
