{
  "country": "DE",
  "id": "53d8e1c9ff604d64708b4568",
  "name": "Kartoffelsalat mit Rindfleisch",
  "seoName": null,
  "category": null,
  "slug": "kartoffelsalat-mit-rindfleisch",
  "headline": "",
  "description": "",
  "descriptionHTML": "",
  "descriptionMarkdown": "",
  "seoDescription": null,
  "comment": null,
  "difficulty": 0,
  "prepTime": "PT45M",
  "totalTime": null,
  "servingSize": 0,
  "createdAt": "2014-07-30T12:15:05+00:00",
  "updatedAt": "2016-01-19T23:42:19+00:00",
  "link": "https://hellofresh.com/recipes/53d8e1c9ff604d64708b4568",
  "imageLink": "https://d3hvwccx09j84u.cloudfront.net/0,0/image/53d8e1c9ff604d64708b4568.jpg",
  "cardLink": null,
  "videoLink": null,
  "nutrition": [],
  "ingredients": [],
  "allergens": [],
  "utensils": [],
  "tags": [],
  "cuisines": [],
  "wines": [],
  "marketplaceItems": [],
  "author": null,
  "label": null,
  "yieldType": null,
  "yields": [],
  "steps": [],
  "averageRating": 2.9,
  "ratingsCount": 9,
  "favoritesCount": 17,
  "active": true,
  "highlighted": false,
  "isDinnerToLunch": false,
  "isExcludedFromIndex": false,
  "isPremium": false,
  "websiteUrl": "https://www.hellofresh.de/recipes/kartoffelsalat-mit-rindfleisch-53d8e1c9ff604d64708b4568",
  "clonedFrom": null,
  "canonical": null,
  "canonicalLink": null
}
