{
  "country": "DE",
  "id": "53d8dd99ff604d66708b4568",
  "name": "Feurige Schweinelachs Paella ",
  "seoName": null,
  "category": null,
  "slug": "feurige-schweinelachs-paella",
  "headline": "verfeinert mit Chorizo, Paprika und gerösteten Mandeln",
  "description": "",
  "descriptionHTML": "",
  "descriptionMarkdown": "",
  "seoDescription": null,
  "comment": null,
  "difficulty": 2,
  "prepTime": "PT35M",
  "totalTime": null,
  "servingSize": 0,
  "createdAt": "2014-07-30T11:57:13+00:00",
  "updatedAt": "2016-02-01T10:18:35+00:00",
  "link": "https://hellofresh.com/recipes/53d8dd99ff604d66708b4568",
  "imageLink": "https://d3hvwccx09j84u.cloudfront.net/0,0/image/53d8dd99ff604d66708b4568.jpg",
  "cardLink": null,
  "videoLink": null,
  "nutrition": [],
  "ingredients": [],
  "allergens": [],
  "utensils": [],
  "tags": [],
  "cuisines": [],
  "wines": [],
  "marketplaceItems": [],
  "author": null,
  "label": null,
  "yieldType": null,
  "yields": [],
  "steps": [],
  "averageRating": 3.2,
  "ratingsCount": 117,
  "favoritesCount": 81,
  "active": true,
  "highlighted": false,
  "isDinnerToLunch": false,
  "isExcludedFromIndex": false,
  "isPremium": false,
  "websiteUrl": "https://www.hellofresh.de/recipes/feurige-schweinelachs-paella-53d8dd99ff604d66708b4568",
  "clonedFrom": null,
  "canonical": null,
  "canonicalLink": null
}
