{
  "country": "DE",
  "id": "53d8df6bff604d63708b4567",
  "name": "Delikates Fenchel-Chili Gratin",
  "seoName": null,
  "category": null,
  "slug": "delikates-fenchel-chili-gratin",
  "headline": "serviert mit Kräuter-Crème fraîche-Kartoffelpüree und Rucola Salat",
  "description": "",
  "descriptionHTML": "",
  "descriptionMarkdown": "",
  "seoDescription": null,
  "comment": null,
  "difficulty": 2,
  "prepTime": "PT40M",
  "totalTime": null,
  "servingSize": 0,
  "createdAt": "2014-07-30T12:04:59+00:00",
  "updatedAt": "2016-07-13T13:44:52+00:00",
  "link": "https://hellofresh.com/recipes/53d8df6bff604d63708b4567",
  "imageLink": "https://d3hvwccx09j84u.cloudfront.net/0,0/image/53d8df6bff604d63708b4567.jpg",
  "cardLink": null,
  "videoLink": null,
  "nutrition": [],
  "ingredients": [],
  "allergens": [],
  "utensils": [],
  "tags": [],
  "cuisines": [],
  "wines": [],
  "marketplaceItems": [],
  "author": null,
  "label": null,
  "yieldType": null,
  "yields": [],
  "steps": [],
  "averageRating": 3.2,
  "ratingsCount": 24,
  "favoritesCount": 25,
  "active": true,
  "highlighted": false,
  "isDinnerToLunch": false,
  "isExcludedFromIndex": false,
  "isPremium": false,
  "websiteUrl": "https://www.hellofresh.de/recipes/delikates-fenchel-chili-gratin-53d8df6bff604d63708b4567",
  "clonedFrom": null,
  "canonical": null,
  "canonicalLink": null
}
