{
  "country": "DE",
  "id": "53d9f52cff604d64708b456b",
  "name": "Krosse Putenschnitzel",
  "seoName": null,
  "category": null,
  "slug": "krosse-putenschnitzel",
  "headline": "mit knusprigen Kartoffelwedges, Schalotten-Stangenbohnen und Dill-Schmand-Soße",
  "description": "",
  "descriptionHTML": "",
  "descriptionMarkdown": "",
  "seoDescription": null,
  "comment": null,
  "difficulty": 2,
  "prepTime": "PT40M",
  "totalTime": null,
  "servingSize": 0,
  "createdAt": "2014-07-31T07:50:04+00:00",
  "updatedAt": "2016-01-30T14:53:17+00:00",
  "link": "https://hellofresh.com/recipes/53d9f52cff604d64708b456b",
  "imageLink": "https://d3hvwccx09j84u.cloudfront.net/0,0/image/53d9f52cff604d64708b456b.jpg",
  "cardLink": null,
  "videoLink": null,
  "nutrition": [],
  "ingredients": [],
  "allergens": [],
  "utensils": [],
  "tags": [],
  "cuisines": [],
  "wines": [],
  "marketplaceItems": [],
  "author": null,
  "label": null,
  "yieldType": null,
  "yields": [],
  "steps": [],
  "averageRating": 3.5,
  "ratingsCount": 93,
  "favoritesCount": 89,
  "active": true,
  "highlighted": false,
  "isDinnerToLunch": false,
  "isExcludedFromIndex": false,
  "isPremium": false,
  "websiteUrl": "https://www.hellofresh.de/recipes/krosse-putenschnitzel-53d9f52cff604d64708b456b",
  "clonedFrom": null,
  "canonical": null,
  "canonicalLink": null
}
