{
  "country": "DE",
  "id": "53da09a9ff604d10ab8b4567",
  "name": "Delikate Gemüse Lasagne",
  "seoName": null,
  "category": null,
  "slug": "delikate-gemu-se-lasagne",
  "headline": "mit Paprika, Karotte, Champignons und zweierlei Käse",
  "description": "",
  "descriptionHTML": "",
  "descriptionMarkdown": "",
  "seoDescription": null,
  "comment": null,
  "difficulty": 3,
  "prepTime": "PT40M",
  "totalTime": null,
  "servingSize": 0,
  "createdAt": "2014-07-31T09:17:29+00:00",
  "updatedAt": "2016-07-17T07:42:30+00:00",
  "link": "https://hellofresh.com/recipes/53da09a9ff604d10ab8b4567",
  "imageLink": "https://d3hvwccx09j84u.cloudfront.net/0,0/image/53da09a9ff604d10ab8b4567.jpg",
  "cardLink": null,
  "videoLink": null,
  "nutrition": [],
  "ingredients": [],
  "allergens": [],
  "utensils": [],
  "tags": [],
  "cuisines": [],
  "wines": [],
  "marketplaceItems": [],
  "author": null,
  "label": null,
  "yieldType": null,
  "yields": [],
  "steps": [],
  "averageRating": 3.1,
  "ratingsCount": 130,
  "favoritesCount": 109,
  "active": true,
  "highlighted": false,
  "isDinnerToLunch": false,
  "isExcludedFromIndex": false,
  "isPremium": false,
  "websiteUrl": "https://www.hellofresh.de/recipes/delikate-gemu-se-lasagne-53da09a9ff604d10ab8b4567",
  "clonedFrom": null,
  "canonical": null,
  "canonicalLink": null
}
