{
  "country": "DE",
  "id": "53e107e7ff604d7d6c8b4568",
  "name": "Kräuter-Käse-Tomaten mit Püree",
  "seoName": null,
  "category": null,
  "slug": "krauter-kase-tomaten-mit-puree",
  "headline": "",
  "description": "",
  "descriptionHTML": "",
  "descriptionMarkdown": "",
  "seoDescription": null,
  "comment": null,
  "difficulty": 0,
  "prepTime": "",
  "totalTime": null,
  "servingSize": 0,
  "createdAt": "2014-08-05T16:35:51+00:00",
  "updatedAt": "2016-02-12T08:06:28+00:00",
  "link": "https://hellofresh.com/recipes/53e107e7ff604d7d6c8b4568",
  "imageLink": "https://d3hvwccx09j84u.cloudfront.net/0,0/image/53e107e7ff604d7d6c8b4568.jpg",
  "cardLink": null,
  "videoLink": null,
  "nutrition": [],
  "ingredients": [],
  "allergens": [],
  "utensils": [],
  "tags": [],
  "cuisines": [],
  "wines": [],
  "marketplaceItems": [],
  "author": null,
  "label": null,
  "yieldType": null,
  "yields": [],
  "steps": [],
  "averageRating": 2.9,
  "ratingsCount": 28,
  "favoritesCount": 22,
  "active": true,
  "highlighted": false,
  "isDinnerToLunch": false,
  "isExcludedFromIndex": false,
  "isPremium": false,
  "websiteUrl": "https://www.hellofresh.de/recipes/krauter-kase-tomaten-mit-puree-53e107e7ff604d7d6c8b4568",
  "clonedFrom": null,
  "canonical": null,
  "canonicalLink": null
}
