{
  "country": "DE",
  "id": "53e103fbff604d8b6c8b4567",
  "name": "Der Amerikaner: Philly Cheese Steak",
  "seoName": null,
  "category": null,
  "slug": "der-amerikaner-philly-cheese-steak",
  "headline": "mit grüner Paprika, Champignons und cremige Käsesoße, dazu grüner Salat",
  "description": "",
  "descriptionHTML": "",
  "descriptionMarkdown": "",
  "seoDescription": null,
  "comment": null,
  "difficulty": 3,
  "prepTime": "PT35M",
  "totalTime": null,
  "servingSize": 0,
  "createdAt": "2014-08-05T16:19:07+00:00",
  "updatedAt": "2016-07-26T08:42:12+00:00",
  "link": "https://hellofresh.com/recipes/53e103fbff604d8b6c8b4567",
  "imageLink": "https://d3hvwccx09j84u.cloudfront.net/0,0/image/53e103fbff604d8b6c8b4567.jpg",
  "cardLink": null,
  "videoLink": null,
  "nutrition": [],
  "ingredients": [],
  "allergens": [],
  "utensils": [],
  "tags": [],
  "cuisines": [],
  "wines": [],
  "marketplaceItems": [],
  "author": null,
  "label": null,
  "yieldType": null,
  "yields": [],
  "steps": [],
  "averageRating": 3.2,
  "ratingsCount": 526,
  "favoritesCount": 156,
  "active": true,
  "highlighted": false,
  "isDinnerToLunch": false,
  "isExcludedFromIndex": false,
  "isPremium": false,
  "websiteUrl": "https://www.hellofresh.de/recipes/der-amerikaner-philly-cheese-steak-53e103fbff604d8b6c8b4567",
  "clonedFrom": null,
  "canonical": null,
  "canonicalLink": null
}
