{
  "country": "DE",
  "id": "53e10451ff604d8b6c8b4568",
  "name": "Argentinisches Chimichurri Hähnchen ",
  "seoName": null,
  "category": null,
  "slug": "argentinisches-chimichurri-hahnchen",
  "headline": "mit knusprigen Kartoffelwürfeln und Kirschtomaten-Zucchini-Pfanne",
  "description": "",
  "descriptionHTML": "",
  "descriptionMarkdown": "",
  "seoDescription": null,
  "comment": null,
  "difficulty": 3,
  "prepTime": "PT40M",
  "totalTime": null,
  "servingSize": 0,
  "createdAt": "2014-08-05T16:20:33+00:00",
  "updatedAt": "2016-06-17T10:28:03+00:00",
  "link": "https://hellofresh.com/recipes/53e10451ff604d8b6c8b4568",
  "imageLink": "https://d3hvwccx09j84u.cloudfront.net/0,0/image/53e10451ff604d8b6c8b4568.jpg",
  "cardLink": null,
  "videoLink": null,
  "nutrition": [],
  "ingredients": [],
  "allergens": [],
  "utensils": [],
  "tags": [],
  "cuisines": [],
  "wines": [],
  "marketplaceItems": [],
  "author": null,
  "label": null,
  "yieldType": null,
  "yields": [],
  "steps": [],
  "averageRating": 3.5,
  "ratingsCount": 484,
  "favoritesCount": 155,
  "active": true,
  "highlighted": false,
  "isDinnerToLunch": false,
  "isExcludedFromIndex": false,
  "isPremium": false,
  "websiteUrl": "https://www.hellofresh.de/recipes/argentinisches-chimichurri-hahnchen-53e10451ff604d8b6c8b4568",
  "clonedFrom": null,
  "canonical": null,
  "canonicalLink": null
}
