{
  "country": "DE",
  "id": "53e107a9ff604d8a6c8b456a",
  "name": "Hähnchen mit Balsamico-Linsen",
  "seoName": null,
  "category": null,
  "slug": "hahnchen-mit-balsamico-linsen",
  "headline": "",
  "description": "",
  "descriptionHTML": "",
  "descriptionMarkdown": "",
  "seoDescription": null,
  "comment": null,
  "difficulty": 0,
  "prepTime": "PT25M",
  "totalTime": null,
  "servingSize": 0,
  "createdAt": "2014-08-05T16:34:49+00:00",
  "updatedAt": "2016-03-26T15:00:10+00:00",
  "link": "https://hellofresh.com/recipes/53e107a9ff604d8a6c8b456a",
  "imageLink": "https://d3hvwccx09j84u.cloudfront.net/0,0/image/53e107a9ff604d8a6c8b456a.jpg",
  "cardLink": null,
  "videoLink": null,
  "nutrition": [],
  "ingredients": [],
  "allergens": [],
  "utensils": [],
  "tags": [],
  "cuisines": [],
  "wines": [],
  "marketplaceItems": [],
  "author": null,
  "label": null,
  "yieldType": null,
  "yields": [],
  "steps": [],
  "averageRating": 3.3,
  "ratingsCount": 33,
  "favoritesCount": 28,
  "active": true,
  "highlighted": false,
  "isDinnerToLunch": false,
  "isExcludedFromIndex": false,
  "isPremium": false,
  "websiteUrl": "https://www.hellofresh.de/recipes/hahnchen-mit-balsamico-linsen-53e107a9ff604d8a6c8b456a",
  "clonedFrom": null,
  "canonical": "53e107a9ff604d8a6c8b456a",
  "canonicalLink": "https://www.hellofresh.de/recipes/hahnchen-mit-balsamico-linsen-53e107a9ff604d8a6c8b456a"
}
