{
  "country": "DE",
  "id": "53e104e6ff604d7d6c8b4567",
  "name": "Sommerlicher Brokkoli-Porree-Speck-Quiche ",
  "seoName": null,
  "category": null,
  "slug": "sommerlicher-brokkoli-porree-speck-quiche",
  "headline": "verfeinert mit Schmand und Emmentaler, serviert mit erfrischendem Gurkensalat ",
  "description": "",
  "descriptionHTML": "",
  "descriptionMarkdown": "",
  "seoDescription": null,
  "comment": null,
  "difficulty": 3,
  "prepTime": "PT40M",
  "totalTime": null,
  "servingSize": 0,
  "createdAt": "2014-08-05T16:23:02+00:00",
  "updatedAt": "2016-07-13T13:23:09+00:00",
  "link": "https://hellofresh.com/recipes/53e104e6ff604d7d6c8b4567",
  "imageLink": "https://d3hvwccx09j84u.cloudfront.net/0,0/image/53e104e6ff604d7d6c8b4567.jpg",
  "cardLink": null,
  "videoLink": null,
  "nutrition": [],
  "ingredients": [],
  "allergens": [],
  "utensils": [],
  "tags": [],
  "cuisines": [],
  "wines": [],
  "marketplaceItems": [],
  "author": null,
  "label": null,
  "yieldType": null,
  "yields": [],
  "steps": [],
  "averageRating": 3.4,
  "ratingsCount": 154,
  "favoritesCount": 61,
  "active": true,
  "highlighted": false,
  "isDinnerToLunch": false,
  "isExcludedFromIndex": false,
  "isPremium": false,
  "websiteUrl": "https://www.hellofresh.de/recipes/sommerlicher-brokkoli-porree-speck-quiche-53e104e6ff604d7d6c8b4567",
  "clonedFrom": null,
  "canonical": null,
  "canonicalLink": null
}
