{
  "country": "DE",
  "id": "53e10482ff604d8a6c8b4567",
  "name": "Sizilianische Spirelli Pasta",
  "seoName": null,
  "category": null,
  "slug": "sizilianische-spirelli-pasta",
  "headline": "mit Strauchtomaten-Mandel-Pesto und frischem Basilikum",
  "description": "",
  "descriptionHTML": "",
  "descriptionMarkdown": "",
  "seoDescription": null,
  "comment": null,
  "difficulty": 2,
  "prepTime": "PT25M",
  "totalTime": null,
  "servingSize": 0,
  "createdAt": "2014-08-05T16:21:22+00:00",
  "updatedAt": "2016-01-30T14:54:02+00:00",
  "link": "https://hellofresh.com/recipes/53e10482ff604d8a6c8b4567",
  "imageLink": "https://d3hvwccx09j84u.cloudfront.net/0,0/image/53e10482ff604d8a6c8b4567.jpg",
  "cardLink": null,
  "videoLink": null,
  "nutrition": [],
  "ingredients": [],
  "allergens": [],
  "utensils": [],
  "tags": [],
  "cuisines": [],
  "wines": [],
  "marketplaceItems": [],
  "author": null,
  "label": null,
  "yieldType": null,
  "yields": [],
  "steps": [],
  "averageRating": 3,
  "ratingsCount": 609,
  "favoritesCount": 157,
  "active": true,
  "highlighted": false,
  "isDinnerToLunch": false,
  "isExcludedFromIndex": false,
  "isPremium": false,
  "websiteUrl": "https://www.hellofresh.de/recipes/sizilianische-spirelli-pasta-53e10482ff604d8a6c8b4567",
  "clonedFrom": null,
  "canonical": null,
  "canonicalLink": null
}
