{
  "country": "DE",
  "id": "53e107c8ff604d72688b456a",
  "name": "Schnitzelröllchen mit Kräuterreis",
  "seoName": null,
  "category": null,
  "slug": "schnitzelrollchen-mit-krauterreis",
  "headline": "",
  "description": "",
  "descriptionHTML": "",
  "descriptionMarkdown": "",
  "seoDescription": null,
  "comment": null,
  "difficulty": 0,
  "prepTime": "PT30M",
  "totalTime": null,
  "servingSize": 0,
  "createdAt": "2014-08-05T16:35:20+00:00",
  "updatedAt": "2015-12-09T14:50:03+00:00",
  "link": "https://hellofresh.com/recipes/53e107c8ff604d72688b456a",
  "imageLink": "https://d3hvwccx09j84u.cloudfront.net/0,0/image/53e107c8ff604d72688b456a.jpg",
  "cardLink": null,
  "videoLink": null,
  "nutrition": [],
  "ingredients": [],
  "allergens": [],
  "utensils": [],
  "tags": [],
  "cuisines": [],
  "wines": [],
  "marketplaceItems": [],
  "author": null,
  "label": null,
  "yieldType": null,
  "yields": [],
  "steps": [],
  "averageRating": 3.2,
  "ratingsCount": 31,
  "favoritesCount": 22,
  "active": true,
  "highlighted": false,
  "isDinnerToLunch": false,
  "isExcludedFromIndex": false,
  "isPremium": false,
  "websiteUrl": "https://www.hellofresh.de/recipes/schnitzelrollchen-mit-krauterreis-53e107c8ff604d72688b456a",
  "clonedFrom": null,
  "canonical": null,
  "canonicalLink": null
}
