{
  "country": "DE",
  "id": "53e10516ff604d8b6c8b4569",
  "name": "Indisches Madras-Kartoffelcurry ",
  "seoName": null,
  "category": null,
  "slug": "indisches-madras-kartoffelcurry",
  "headline": "mit grünen Bohnen in cremiger Soße, dazu Naan-Brot",
  "description": "",
  "descriptionHTML": "",
  "descriptionMarkdown": "",
  "seoDescription": null,
  "comment": null,
  "difficulty": 2,
  "prepTime": "PT30M",
  "totalTime": null,
  "servingSize": 0,
  "createdAt": "2014-08-05T16:23:50+00:00",
  "updatedAt": "2015-12-21T21:52:40+00:00",
  "link": "https://hellofresh.com/recipes/53e10516ff604d8b6c8b4569",
  "imageLink": "https://d3hvwccx09j84u.cloudfront.net/0,0/image/53e10516ff604d8b6c8b4569.jpg",
  "cardLink": null,
  "videoLink": null,
  "nutrition": [],
  "ingredients": [],
  "allergens": [],
  "utensils": [],
  "tags": [],
  "cuisines": [],
  "wines": [],
  "marketplaceItems": [],
  "author": null,
  "label": null,
  "yieldType": null,
  "yields": [],
  "steps": [],
  "averageRating": 3.1,
  "ratingsCount": 161,
  "favoritesCount": 46,
  "active": true,
  "highlighted": false,
  "isDinnerToLunch": false,
  "isExcludedFromIndex": false,
  "isPremium": false,
  "websiteUrl": "https://www.hellofresh.de/recipes/indisches-madras-kartoffelcurry-53e10516ff604d8b6c8b4569",
  "clonedFrom": null,
  "canonical": null,
  "canonicalLink": null
}
