{
  "country": "DE",
  "id": "53e1055eff604d8a6c8b4569",
  "name": "Vegane Chorizo-Süßkartoffelpfanne ",
  "seoName": null,
  "category": null,
  "slug": "vegane-chorizo-suszkartoffelpfanne",
  "headline": "verfeinert mit frischen Tomaten und Schwarzem-Bohnen-Püree ",
  "description": "",
  "descriptionHTML": "",
  "descriptionMarkdown": "",
  "seoDescription": null,
  "comment": null,
  "difficulty": 1,
  "prepTime": "PT35M",
  "totalTime": null,
  "servingSize": 0,
  "createdAt": "2014-08-05T16:25:02+00:00",
  "updatedAt": "2016-07-13T13:45:11+00:00",
  "link": "https://hellofresh.com/recipes/53e1055eff604d8a6c8b4569",
  "imageLink": "https://d3hvwccx09j84u.cloudfront.net/0,0/image/53e1055eff604d8a6c8b4569.jpg",
  "cardLink": null,
  "videoLink": null,
  "nutrition": [],
  "ingredients": [],
  "allergens": [],
  "utensils": [],
  "tags": [],
  "cuisines": [],
  "wines": [],
  "marketplaceItems": [],
  "author": null,
  "label": null,
  "yieldType": null,
  "yields": [],
  "steps": [],
  "averageRating": 2.9,
  "ratingsCount": 37,
  "favoritesCount": 14,
  "active": true,
  "highlighted": false,
  "isDinnerToLunch": false,
  "isExcludedFromIndex": false,
  "isPremium": false,
  "websiteUrl": "https://www.hellofresh.de/recipes/vegane-chorizo-suszkartoffelpfanne-53e1055eff604d8a6c8b4569",
  "clonedFrom": null,
  "canonical": null,
  "canonicalLink": null
}
