{
  "country": "DE",
  "id": "53e1053cff604d8a6c8b4568",
  "name": "Gefüllte Paprika nach Türkischer Art ",
  "seoName": null,
  "category": null,
  "slug": "gefullte-paprika-nach-turkischer-art",
  "headline": "mit Hirten-Käse, Couscous und Pinienkernen, dazu grüner Salat und Joghurtsoße ",
  "description": "",
  "descriptionHTML": "",
  "descriptionMarkdown": "",
  "seoDescription": null,
  "comment": null,
  "difficulty": 2,
  "prepTime": "PT35M",
  "totalTime": null,
  "servingSize": 0,
  "createdAt": "2014-08-05T16:24:28+00:00",
  "updatedAt": "2016-07-20T22:10:37+00:00",
  "link": "https://hellofresh.com/recipes/53e1053cff604d8a6c8b4568",
  "imageLink": "https://d3hvwccx09j84u.cloudfront.net/0,0/image/53e1053cff604d8a6c8b4568.jpg",
  "cardLink": null,
  "videoLink": null,
  "nutrition": [],
  "ingredients": [],
  "allergens": [],
  "utensils": [],
  "tags": [],
  "cuisines": [],
  "wines": [],
  "marketplaceItems": [],
  "author": null,
  "label": null,
  "yieldType": null,
  "yields": [],
  "steps": [],
  "averageRating": 3.1,
  "ratingsCount": 472,
  "favoritesCount": 232,
  "active": true,
  "highlighted": false,
  "isDinnerToLunch": false,
  "isExcludedFromIndex": false,
  "isPremium": false,
  "websiteUrl": "https://www.hellofresh.de/recipes/gefullte-paprika-nach-turkischer-art-53e1053cff604d8a6c8b4568",
  "clonedFrom": null,
  "canonical": null,
  "canonicalLink": null
}
