{
  "country": "DE",
  "id": "53e104b4ff604d72688b4569",
  "name": "Kunter Bunter Orzo-Salat ",
  "seoName": null,
  "category": null,
  "slug": "kunter-bunter-orzo-salat",
  "headline": "mit zweierlei Paprika, Zuckermais und feinem Parmesan-Zitronen-Dressing ",
  "description": "",
  "descriptionHTML": "",
  "descriptionMarkdown": "",
  "seoDescription": null,
  "comment": null,
  "difficulty": 1,
  "prepTime": "PT30M",
  "totalTime": null,
  "servingSize": 0,
  "createdAt": "2014-08-05T16:22:12+00:00",
  "updatedAt": "2016-02-01T10:20:23+00:00",
  "link": "https://hellofresh.com/recipes/53e104b4ff604d72688b4569",
  "imageLink": "https://d3hvwccx09j84u.cloudfront.net/0,0/image/53e104b4ff604d72688b4569.jpg",
  "cardLink": null,
  "videoLink": null,
  "nutrition": [],
  "ingredients": [],
  "allergens": [],
  "utensils": [],
  "tags": [],
  "cuisines": [],
  "wines": [],
  "marketplaceItems": [],
  "author": null,
  "label": null,
  "yieldType": null,
  "yields": [],
  "steps": [],
  "averageRating": 2.9,
  "ratingsCount": 174,
  "favoritesCount": 49,
  "active": true,
  "highlighted": false,
  "isDinnerToLunch": false,
  "isExcludedFromIndex": false,
  "isPremium": false,
  "websiteUrl": "https://www.hellofresh.de/recipes/kunter-bunter-orzo-salat-53e104b4ff604d72688b4569",
  "clonedFrom": null,
  "canonical": null,
  "canonicalLink": null
}
