{
  "country": "DE",
  "id": "53eb55c5ff604d9d798b456e",
  "name": "Schweinelachs-Gemüse Pfanne „HoiSin“",
  "seoName": null,
  "category": null,
  "slug": "schweinelachs-gemuse-pfanne-hoisin",
  "headline": "mit gelber Paprika und Chili, serviert auf  fluffigem Jasminreis",
  "description": "",
  "descriptionHTML": "",
  "descriptionMarkdown": "",
  "seoDescription": null,
  "comment": null,
  "difficulty": 2,
  "prepTime": "PT30M",
  "totalTime": null,
  "servingSize": 0,
  "createdAt": "2014-08-13T12:10:45+00:00",
  "updatedAt": "2016-07-13T13:23:15+00:00",
  "link": "https://hellofresh.com/recipes/53eb55c5ff604d9d798b456e",
  "imageLink": "https://d3hvwccx09j84u.cloudfront.net/0,0/image/53eb55c5ff604d9d798b456e.jpg",
  "cardLink": null,
  "videoLink": null,
  "nutrition": [],
  "ingredients": [],
  "allergens": [],
  "utensils": [],
  "tags": [],
  "cuisines": [],
  "wines": [],
  "marketplaceItems": [],
  "author": null,
  "label": null,
  "yieldType": null,
  "yields": [],
  "steps": [],
  "averageRating": 3.4,
  "ratingsCount": 520,
  "favoritesCount": 161,
  "active": true,
  "highlighted": false,
  "isDinnerToLunch": false,
  "isExcludedFromIndex": false,
  "isPremium": false,
  "websiteUrl": "https://www.hellofresh.de/recipes/schweinelachs-gemuse-pfanne-hoisin-53eb55c5ff604d9d798b456e",
  "clonedFrom": null,
  "canonical": null,
  "canonicalLink": null
}
