{
  "country": "DE",
  "id": "53eb5974ff604dba788b4570",
  "name": "Pesto-Spaghetti mit Pute ",
  "seoName": null,
  "category": null,
  "slug": "pesto-spaghetti-mit-pute",
  "headline": "",
  "description": "",
  "descriptionHTML": "",
  "descriptionMarkdown": "",
  "seoDescription": null,
  "comment": null,
  "difficulty": 0,
  "prepTime": "PT30M",
  "totalTime": null,
  "servingSize": 0,
  "createdAt": "2014-08-13T12:26:28+00:00",
  "updatedAt": "2016-05-30T11:29:58+00:00",
  "link": "https://hellofresh.com/recipes/53eb5974ff604dba788b4570",
  "imageLink": "https://d3hvwccx09j84u.cloudfront.net/0,0/image/53eb5974ff604dba788b4570.jpg",
  "cardLink": null,
  "videoLink": null,
  "nutrition": [],
  "ingredients": [],
  "allergens": [],
  "utensils": [],
  "tags": [],
  "cuisines": [],
  "wines": [],
  "marketplaceItems": [],
  "author": null,
  "label": null,
  "yieldType": null,
  "yields": [],
  "steps": [],
  "averageRating": 3.3,
  "ratingsCount": 32,
  "favoritesCount": 22,
  "active": true,
  "highlighted": false,
  "isDinnerToLunch": false,
  "isExcludedFromIndex": false,
  "isPremium": false,
  "websiteUrl": "https://www.hellofresh.de/recipes/pesto-spaghetti-mit-pute-53eb5974ff604dba788b4570",
  "clonedFrom": null,
  "canonical": null,
  "canonicalLink": null
}
