{
  "country": "DE",
  "id": "53eb594bff604d9d798b4571",
  "name": "Spritziger Tricolor-Reissalat in feiner  Limetten-Vinaigrette ",
  "seoName": null,
  "category": null,
  "slug": "spritziger-tricolor-reissalat-in-feiner-limetten-vinaigrette",
  "headline": "mit Avocado, zweierlei Bohnen und Tomate ",
  "description": "",
  "descriptionHTML": "",
  "descriptionMarkdown": "",
  "seoDescription": null,
  "comment": null,
  "difficulty": 1,
  "prepTime": "PT30M",
  "totalTime": null,
  "servingSize": 0,
  "createdAt": "2014-08-13T12:25:48+00:00",
  "updatedAt": "2016-07-13T13:45:27+00:00",
  "link": "https://hellofresh.com/recipes/53eb594bff604d9d798b4571",
  "imageLink": "https://d3hvwccx09j84u.cloudfront.net/0,0/image/53eb594bff604d9d798b4571.jpg",
  "cardLink": null,
  "videoLink": null,
  "nutrition": [],
  "ingredients": [],
  "allergens": [],
  "utensils": [],
  "tags": [],
  "cuisines": [],
  "wines": [],
  "marketplaceItems": [],
  "author": null,
  "label": null,
  "yieldType": null,
  "yields": [],
  "steps": [],
  "averageRating": 3.2,
  "ratingsCount": 37,
  "favoritesCount": 15,
  "active": true,
  "highlighted": false,
  "isDinnerToLunch": false,
  "isExcludedFromIndex": false,
  "isPremium": false,
  "websiteUrl": "https://www.hellofresh.de/recipes/spritziger-tricolor-reissalat-in-feiner-limetten-vinaigrette-53eb594bff604d9d798b4571",
  "clonedFrom": null,
  "canonical": null,
  "canonicalLink": null
}
