{
  "country": "DE",
  "id": "53eb59c8ff604dac798b456c",
  "name": "Italienische Reispfanne",
  "seoName": null,
  "category": null,
  "slug": "italienische-reispfanne",
  "headline": "",
  "description": "",
  "descriptionHTML": "",
  "descriptionMarkdown": "",
  "seoDescription": null,
  "comment": null,
  "difficulty": 0,
  "prepTime": "PT35M",
  "totalTime": null,
  "servingSize": 0,
  "createdAt": "2014-08-13T12:27:52+00:00",
  "updatedAt": "2016-01-19T23:42:38+00:00",
  "link": "https://hellofresh.com/recipes/53eb59c8ff604dac798b456c",
  "imageLink": "https://d3hvwccx09j84u.cloudfront.net/0,0/image/53eb59c8ff604dac798b456c.jpg",
  "cardLink": null,
  "videoLink": null,
  "nutrition": [],
  "ingredients": [],
  "allergens": [],
  "utensils": [],
  "tags": [],
  "cuisines": [],
  "wines": [],
  "marketplaceItems": [],
  "author": null,
  "label": null,
  "yieldType": null,
  "yields": [],
  "steps": [],
  "averageRating": 3,
  "ratingsCount": 27,
  "favoritesCount": 16,
  "active": true,
  "highlighted": false,
  "isDinnerToLunch": false,
  "isExcludedFromIndex": false,
  "isPremium": false,
  "websiteUrl": "https://www.hellofresh.de/recipes/italienische-reispfanne-53eb59c8ff604dac798b456c",
  "clonedFrom": null,
  "canonical": null,
  "canonicalLink": null
}
