{
  "country": "DE",
  "id": "53eb5818ff604daa798b4568",
  "name": "Kross gebratene Spätzle in delikater Crème fraîche-Zuccini-Tomatensoße",
  "seoName": null,
  "category": null,
  "slug": "kross-gebratene-spatzle-in-delikater-creme-fraiche-zuccini-tomatensosze",
  "headline": "garniert mit frischem Basilikum",
  "description": "",
  "descriptionHTML": "",
  "descriptionMarkdown": "",
  "seoDescription": null,
  "comment": null,
  "difficulty": 2,
  "prepTime": "PT25M",
  "totalTime": null,
  "servingSize": 0,
  "createdAt": "2014-08-13T12:20:40+00:00",
  "updatedAt": "2016-07-17T07:45:17+00:00",
  "link": "https://hellofresh.com/recipes/53eb5818ff604daa798b4568",
  "imageLink": "https://d3hvwccx09j84u.cloudfront.net/0,0/image/53eb5818ff604daa798b4568.jpg",
  "cardLink": null,
  "videoLink": null,
  "nutrition": [],
  "ingredients": [],
  "allergens": [],
  "utensils": [],
  "tags": [],
  "cuisines": [],
  "wines": [],
  "marketplaceItems": [],
  "author": null,
  "label": null,
  "yieldType": null,
  "yields": [],
  "steps": [],
  "averageRating": 3.2,
  "ratingsCount": 646,
  "favoritesCount": 171,
  "active": true,
  "highlighted": false,
  "isDinnerToLunch": false,
  "isExcludedFromIndex": false,
  "isPremium": false,
  "websiteUrl": "https://www.hellofresh.de/recipes/kross-gebratene-spatzle-in-delikater-creme-fraiche-zuccini-tomatensosze-53eb5818ff604daa798b4568",
  "clonedFrom": null,
  "canonical": null,
  "canonicalLink": null
}
