{
  "country": "DE",
  "id": "53eb5921ff604daa798b4569",
  "name": "Cremiges Rotes Kartoffel Gemüse-Curry   ",
  "seoName": null,
  "category": null,
  "slug": "cremiges-rotes-kartoffel-gemuse-curry",
  "headline": "mit Zucchini, Aubergine und Karotte, verfeinert mit Kokosmilch",
  "description": "",
  "descriptionHTML": "",
  "descriptionMarkdown": "",
  "seoDescription": null,
  "comment": null,
  "difficulty": 2,
  "prepTime": "PT35M",
  "totalTime": null,
  "servingSize": 0,
  "createdAt": "2014-08-13T12:25:05+00:00",
  "updatedAt": "2016-07-13T13:45:22+00:00",
  "link": "https://hellofresh.com/recipes/53eb5921ff604daa798b4569",
  "imageLink": "https://d3hvwccx09j84u.cloudfront.net/0,0/image/53eb5921ff604daa798b4569.jpg",
  "cardLink": null,
  "videoLink": null,
  "nutrition": [],
  "ingredients": [],
  "allergens": [],
  "utensils": [],
  "tags": [],
  "cuisines": [],
  "wines": [],
  "marketplaceItems": [],
  "author": null,
  "label": null,
  "yieldType": null,
  "yields": [],
  "steps": [],
  "averageRating": 3,
  "ratingsCount": 165,
  "favoritesCount": 36,
  "active": true,
  "highlighted": false,
  "isDinnerToLunch": false,
  "isExcludedFromIndex": false,
  "isPremium": false,
  "websiteUrl": "https://www.hellofresh.de/recipes/cremiges-rotes-kartoffel-gemuse-curry-53eb5921ff604daa798b4569",
  "clonedFrom": null,
  "canonical": null,
  "canonicalLink": null
}
