{
  "country": "DE",
  "id": "53eb589cff604dac798b456b",
  "name": "Edles Champignon-Risotto",
  "seoName": null,
  "category": null,
  "slug": "edles-champignon-risotto",
  "headline": "mit getrockneten Steinpilzen und Pecorino ",
  "description": "",
  "descriptionHTML": "",
  "descriptionMarkdown": "",
  "seoDescription": null,
  "comment": null,
  "difficulty": 3,
  "prepTime": "PT35M",
  "totalTime": null,
  "servingSize": 0,
  "createdAt": "2014-08-13T12:22:52+00:00",
  "updatedAt": "2016-07-13T13:45:19+00:00",
  "link": "https://hellofresh.com/recipes/53eb589cff604dac798b456b",
  "imageLink": "https://d3hvwccx09j84u.cloudfront.net/0,0/image/53eb589cff604dac798b456b.jpg",
  "cardLink": null,
  "videoLink": null,
  "nutrition": [],
  "ingredients": [],
  "allergens": [],
  "utensils": [],
  "tags": [],
  "cuisines": [],
  "wines": [],
  "marketplaceItems": [],
  "author": null,
  "label": null,
  "yieldType": null,
  "yields": [],
  "steps": [],
  "averageRating": 3.2,
  "ratingsCount": 166,
  "favoritesCount": 49,
  "active": true,
  "highlighted": false,
  "isDinnerToLunch": false,
  "isExcludedFromIndex": false,
  "isPremium": false,
  "websiteUrl": "https://www.hellofresh.de/recipes/edles-champignon-risotto-53eb589cff604dac798b456b",
  "clonedFrom": null,
  "canonical": null,
  "canonicalLink": null
}
