{
  "country": "DE",
  "id": "53eb5849ff604d9d798b4570",
  "name": "Ofen-Falafel mit Sesam-Kruste",
  "seoName": null,
  "category": null,
  "slug": "ofen-falafel-mit-sesam-kruste",
  "headline": "serviert auf Fladenbrot, dazu Salat  und cremiger Sahne Joghurt ",
  "description": "",
  "descriptionHTML": "",
  "descriptionMarkdown": "",
  "seoDescription": null,
  "comment": null,
  "difficulty": 2,
  "prepTime": "PT40M",
  "totalTime": null,
  "servingSize": 0,
  "createdAt": "2014-08-13T12:21:29+00:00",
  "updatedAt": "2016-04-10T07:25:06+00:00",
  "link": "https://hellofresh.com/recipes/53eb5849ff604d9d798b4570",
  "imageLink": "https://d3hvwccx09j84u.cloudfront.net/0,0/image/53eb5849ff604d9d798b4570.jpg",
  "cardLink": null,
  "videoLink": null,
  "nutrition": [],
  "ingredients": [],
  "allergens": [],
  "utensils": [],
  "tags": [],
  "cuisines": [],
  "wines": [],
  "marketplaceItems": [],
  "author": null,
  "label": null,
  "yieldType": null,
  "yields": [],
  "steps": [],
  "averageRating": 2.7,
  "ratingsCount": 191,
  "favoritesCount": 51,
  "active": true,
  "highlighted": false,
  "isDinnerToLunch": false,
  "isExcludedFromIndex": false,
  "isPremium": false,
  "websiteUrl": "https://www.hellofresh.de/recipes/ofen-falafel-mit-sesam-kruste-53eb5849ff604d9d798b4570",
  "clonedFrom": null,
  "canonical": null,
  "canonicalLink": null
}
