{
  "country": "DE",
  "id": "53eb59acff604dba788b4571",
  "name": "Kartoffelpfanne mit Lammfilet  ",
  "seoName": null,
  "category": null,
  "slug": "kartoffelpfanne-mit-lammfilet",
  "headline": "",
  "description": "",
  "descriptionHTML": "",
  "descriptionMarkdown": "",
  "seoDescription": null,
  "comment": null,
  "difficulty": 0,
  "prepTime": "PT40M",
  "totalTime": null,
  "servingSize": 0,
  "createdAt": "2014-08-13T12:27:24+00:00",
  "updatedAt": "2015-12-26T22:50:52+00:00",
  "link": "https://hellofresh.com/recipes/53eb59acff604dba788b4571",
  "imageLink": "https://d3hvwccx09j84u.cloudfront.net/0,0/image/53eb59acff604dba788b4571.jpg",
  "cardLink": null,
  "videoLink": null,
  "nutrition": [],
  "ingredients": [],
  "allergens": [],
  "utensils": [],
  "tags": [],
  "cuisines": [],
  "wines": [],
  "marketplaceItems": [],
  "author": null,
  "label": null,
  "yieldType": null,
  "yields": [],
  "steps": [],
  "averageRating": 3.3,
  "ratingsCount": 32,
  "favoritesCount": 16,
  "active": true,
  "highlighted": false,
  "isDinnerToLunch": false,
  "isExcludedFromIndex": false,
  "isPremium": false,
  "websiteUrl": "https://www.hellofresh.de/recipes/kartoffelpfanne-mit-lammfilet-53eb59acff604dba788b4571",
  "clonedFrom": null,
  "canonical": null,
  "canonicalLink": null
}
