{
  "country": "DE",
  "id": "53eb57b7ff604d9d798b456f",
  "name": "Putenbrust in krosser Cornflakespanade",
  "seoName": null,
  "category": null,
  "slug": "putenbrust-in-krosser-cornflakespanade",
  "headline": "dazu cremigen Tomaten-Kartoffelauflauf  und grüne Bohnen",
  "description": "",
  "descriptionHTML": "",
  "descriptionMarkdown": "",
  "seoDescription": null,
  "comment": null,
  "difficulty": 3,
  "prepTime": "PT40M",
  "totalTime": null,
  "servingSize": 0,
  "createdAt": "2014-08-13T12:19:03+00:00",
  "updatedAt": "2016-07-17T07:44:09+00:00",
  "link": "https://hellofresh.com/recipes/53eb57b7ff604d9d798b456f",
  "imageLink": "https://d3hvwccx09j84u.cloudfront.net/0,0/image/53eb57b7ff604d9d798b456f.jpg",
  "cardLink": null,
  "videoLink": null,
  "nutrition": [],
  "ingredients": [],
  "allergens": [],
  "utensils": [],
  "tags": [],
  "cuisines": [],
  "wines": [],
  "marketplaceItems": [],
  "author": null,
  "label": null,
  "yieldType": null,
  "yields": [],
  "steps": [],
  "averageRating": 3.5,
  "ratingsCount": 505,
  "favoritesCount": 181,
  "active": true,
  "highlighted": false,
  "isDinnerToLunch": false,
  "isExcludedFromIndex": false,
  "isPremium": false,
  "websiteUrl": "https://www.hellofresh.de/recipes/putenbrust-in-krosser-cornflakespanade-53eb57b7ff604d9d798b456f",
  "clonedFrom": null,
  "canonical": null,
  "canonicalLink": null
}
