{
  "country": "DE",
  "id": "53eb5874ff604dba788b456f",
  "name": "Feurige Penne „Caponata“ ",
  "seoName": null,
  "category": null,
  "slug": "feurige-penne-caponata",
  "headline": "mit Aubergine und Bacon in feiner  Oregano-Tomatensoße",
  "description": "",
  "descriptionHTML": "",
  "descriptionMarkdown": "",
  "seoDescription": null,
  "comment": null,
  "difficulty": 2,
  "prepTime": "PT30M",
  "totalTime": null,
  "servingSize": 0,
  "createdAt": "2014-08-13T12:22:12+00:00",
  "updatedAt": "2015-12-21T21:49:31+00:00",
  "link": "https://hellofresh.com/recipes/53eb5874ff604dba788b456f",
  "imageLink": "https://d3hvwccx09j84u.cloudfront.net/0,0/image/53eb5874ff604dba788b456f.jpg",
  "cardLink": null,
  "videoLink": null,
  "nutrition": [],
  "ingredients": [],
  "allergens": [],
  "utensils": [],
  "tags": [],
  "cuisines": [],
  "wines": [],
  "marketplaceItems": [],
  "author": null,
  "label": null,
  "yieldType": null,
  "yields": [],
  "steps": [],
  "averageRating": 3,
  "ratingsCount": 150,
  "favoritesCount": 34,
  "active": true,
  "highlighted": false,
  "isDinnerToLunch": false,
  "isExcludedFromIndex": false,
  "isPremium": false,
  "websiteUrl": "https://www.hellofresh.de/recipes/feurige-penne-caponata-53eb5874ff604dba788b456f",
  "clonedFrom": null,
  "canonical": null,
  "canonicalLink": null
}
