{
  "country": "DE",
  "id": "53f45945ff604dac328b456d",
  "name": "Za‘atar-gegrillte Hähnchenbrust",
  "seoName": null,
  "category": null,
  "slug": "zaatar-gegrillte-hahnchenbrust",
  "headline": "mit Zitronen-Joghurt-Soße und karamellisierten Karotten an Pistazien-Basmatireis",
  "description": "",
  "descriptionHTML": "",
  "descriptionMarkdown": "",
  "seoDescription": null,
  "comment": null,
  "difficulty": 2,
  "prepTime": "PT40M",
  "totalTime": null,
  "servingSize": 0,
  "createdAt": "2014-08-20T08:16:05+00:00",
  "updatedAt": "2016-02-16T09:46:18+00:00",
  "link": "https://hellofresh.com/recipes/53f45945ff604dac328b456d",
  "imageLink": "https://d3hvwccx09j84u.cloudfront.net/0,0/image/53f45945ff604dac328b456d.jpg",
  "cardLink": null,
  "videoLink": null,
  "nutrition": [],
  "ingredients": [],
  "allergens": [],
  "utensils": [],
  "tags": [],
  "cuisines": [],
  "wines": [],
  "marketplaceItems": [],
  "author": null,
  "label": null,
  "yieldType": null,
  "yields": [],
  "steps": [],
  "averageRating": 3.6,
  "ratingsCount": 492,
  "favoritesCount": 162,
  "active": true,
  "highlighted": false,
  "isDinnerToLunch": false,
  "isExcludedFromIndex": false,
  "isPremium": false,
  "websiteUrl": "https://www.hellofresh.de/recipes/zaatar-gegrillte-hahnchenbrust-53f45945ff604dac328b456d",
  "clonedFrom": null,
  "canonical": "53f45945ff604dac328b456d",
  "canonicalLink": "https://www.hellofresh.de/recipes/zaatar-gegrillte-hahnchenbrust-53f45945ff604dac328b456d"
}
