{
  "country": "DE",
  "id": "53f45ba3ff604d9f328b456f",
  "name": "Curry-Reis-Gemüse mit Minzjoghurt",
  "seoName": null,
  "category": null,
  "slug": "curry-reis-gemuse-mit-minzjoghurt",
  "headline": "",
  "description": "",
  "descriptionHTML": "",
  "descriptionMarkdown": "",
  "seoDescription": null,
  "comment": null,
  "difficulty": 0,
  "prepTime": "PT30M",
  "totalTime": null,
  "servingSize": 0,
  "createdAt": "2014-08-20T08:26:11+00:00",
  "updatedAt": "2016-01-19T23:42:45+00:00",
  "link": "https://hellofresh.com/recipes/53f45ba3ff604d9f328b456f",
  "imageLink": "https://d3hvwccx09j84u.cloudfront.net/0,0/image/53f45ba3ff604d9f328b456f.jpg",
  "cardLink": null,
  "videoLink": null,
  "nutrition": [],
  "ingredients": [],
  "allergens": [],
  "utensils": [],
  "tags": [],
  "cuisines": [],
  "wines": [],
  "marketplaceItems": [],
  "author": null,
  "label": null,
  "yieldType": null,
  "yields": [],
  "steps": [],
  "averageRating": 3,
  "ratingsCount": 26,
  "favoritesCount": 21,
  "active": true,
  "highlighted": false,
  "isDinnerToLunch": false,
  "isExcludedFromIndex": false,
  "isPremium": false,
  "websiteUrl": "https://www.hellofresh.de/recipes/curry-reis-gemuse-mit-minzjoghurt-53f45ba3ff604d9f328b456f",
  "clonedFrom": null,
  "canonical": null,
  "canonicalLink": null
}
