{
  "country": "DE",
  "id": "53f45a52ff604d9c328b456e",
  "name": "Ofen-Gemüse Quesadilla",
  "seoName": null,
  "category": null,
  "slug": "ofen-gemuse-quesadilla",
  "headline": "mit zweierlei Paprika, Zucchini und selbstgemachter Guacamole",
  "description": "",
  "descriptionHTML": "",
  "descriptionMarkdown": "",
  "seoDescription": null,
  "comment": null,
  "difficulty": 2,
  "prepTime": "",
  "totalTime": null,
  "servingSize": 0,
  "createdAt": "2014-08-20T08:20:34+00:00",
  "updatedAt": "2015-07-28T11:03:55+00:00",
  "link": "https://hellofresh.com/recipes/53f45a52ff604d9c328b456e",
  "imageLink": "https://d3hvwccx09j84u.cloudfront.net/0,0/image/53f45a52ff604d9c328b456e.jpg",
  "cardLink": null,
  "videoLink": null,
  "nutrition": [],
  "ingredients": [],
  "allergens": [],
  "utensils": [],
  "tags": [],
  "cuisines": [],
  "wines": [],
  "marketplaceItems": [],
  "author": null,
  "label": null,
  "yieldType": null,
  "yields": [],
  "steps": [],
  "averageRating": 3.2,
  "ratingsCount": 136,
  "favoritesCount": 24,
  "active": true,
  "highlighted": false,
  "isDinnerToLunch": false,
  "isExcludedFromIndex": false,
  "isPremium": false,
  "websiteUrl": "https://www.hellofresh.de/recipes/ofen-gemuse-quesadilla-53f45a52ff604d9c328b456e",
  "clonedFrom": null,
  "canonical": null,
  "canonicalLink": null
}
