{
  "country": "DE",
  "id": "53f45aacff604db8318b4569",
  "name": "Mediterraner Kartoffelsalat mit geschmorten Kirschtomaten",
  "seoName": null,
  "category": null,
  "slug": "mediterraner-kartoffelsalat-mit-geschmorten-kirschtomaten",
  "headline": "verfeinert mit schwarzen Oliven, Feta und Paprika Antipasti",
  "description": "",
  "descriptionHTML": "",
  "descriptionMarkdown": "",
  "seoDescription": null,
  "comment": null,
  "difficulty": 1,
  "prepTime": "PT35M",
  "totalTime": null,
  "servingSize": 0,
  "createdAt": "2014-08-20T08:22:04+00:00",
  "updatedAt": "2016-07-13T13:45:44+00:00",
  "link": "https://hellofresh.com/recipes/53f45aacff604db8318b4569",
  "imageLink": "https://d3hvwccx09j84u.cloudfront.net/0,0/image/53f45aacff604db8318b4569.jpg",
  "cardLink": null,
  "videoLink": null,
  "nutrition": [],
  "ingredients": [],
  "allergens": [],
  "utensils": [],
  "tags": [],
  "cuisines": [],
  "wines": [],
  "marketplaceItems": [],
  "author": null,
  "label": null,
  "yieldType": null,
  "yields": [],
  "steps": [],
  "averageRating": 3.3,
  "ratingsCount": 33,
  "favoritesCount": 16,
  "active": true,
  "highlighted": false,
  "isDinnerToLunch": false,
  "isExcludedFromIndex": false,
  "isPremium": false,
  "websiteUrl": "https://www.hellofresh.de/recipes/mediterraner-kartoffelsalat-mit-geschmorten-kirschtomaten-53f45aacff604db8318b4569",
  "clonedFrom": null,
  "canonical": null,
  "canonicalLink": null
}
