{
  "country": "DE",
  "id": "53f459d8ff604d9f328b456d",
  "name": "Sommerliche Pappardelle-Pasta",
  "seoName": null,
  "category": null,
  "slug": "sommerliche-pappardelle-pasta",
  "headline": "mit feinen Zucchinistreifen und delikater Chili-Ricotta-Soße",
  "description": "",
  "descriptionHTML": "",
  "descriptionMarkdown": "",
  "seoDescription": null,
  "comment": null,
  "difficulty": 1,
  "prepTime": "PT25M",
  "totalTime": null,
  "servingSize": 0,
  "createdAt": "2014-08-20T08:18:32+00:00",
  "updatedAt": "2016-07-13T13:23:32+00:00",
  "link": "https://hellofresh.com/recipes/53f459d8ff604d9f328b456d",
  "imageLink": "https://d3hvwccx09j84u.cloudfront.net/0,0/image/53f459d8ff604d9f328b456d.jpg",
  "cardLink": null,
  "videoLink": null,
  "nutrition": [],
  "ingredients": [],
  "allergens": [],
  "utensils": [],
  "tags": [],
  "cuisines": [],
  "wines": [],
  "marketplaceItems": [],
  "author": null,
  "label": null,
  "yieldType": null,
  "yields": [],
  "steps": [],
  "averageRating": 3,
  "ratingsCount": 584,
  "favoritesCount": 104,
  "active": true,
  "highlighted": false,
  "isDinnerToLunch": false,
  "isExcludedFromIndex": false,
  "isPremium": false,
  "websiteUrl": "https://www.hellofresh.de/recipes/sommerliche-pappardelle-pasta-53f459d8ff604d9f328b456d",
  "clonedFrom": null,
  "canonical": null,
  "canonicalLink": null
}
