{
  "country": "DE",
  "id": "53f459b1ff604d9c328b456d",
  "name": "Rosarot gebratenes Steak  ",
  "seoName": null,
  "category": null,
  "slug": "rosarot-gebratenes-steak",
  "headline": "serviert mit cremigem Kartoffel-Gurkensalat,  verfeinert mit Oregano und Petersilie",
  "description": "",
  "descriptionHTML": "",
  "descriptionMarkdown": "",
  "seoDescription": null,
  "comment": null,
  "difficulty": 2,
  "prepTime": "PT35M",
  "totalTime": null,
  "servingSize": 0,
  "createdAt": "2014-08-20T08:17:53+00:00",
  "updatedAt": "2016-07-20T22:10:41+00:00",
  "link": "https://hellofresh.com/recipes/53f459b1ff604d9c328b456d",
  "imageLink": "https://d3hvwccx09j84u.cloudfront.net/0,0/image/53f459b1ff604d9c328b456d.jpg",
  "cardLink": null,
  "videoLink": null,
  "nutrition": [],
  "ingredients": [],
  "allergens": [],
  "utensils": [],
  "tags": [],
  "cuisines": [],
  "wines": [],
  "marketplaceItems": [],
  "author": null,
  "label": null,
  "yieldType": null,
  "yields": [],
  "steps": [],
  "averageRating": 3.4,
  "ratingsCount": 1557,
  "favoritesCount": 473,
  "active": true,
  "highlighted": false,
  "isDinnerToLunch": false,
  "isExcludedFromIndex": false,
  "isPremium": false,
  "websiteUrl": "https://www.hellofresh.de/recipes/rosarot-gebratenes-steak-53f459b1ff604d9c328b456d",
  "clonedFrom": null,
  "canonical": null,
  "canonicalLink": null
}
