{
  "country": "DE",
  "id": "53f45a29ff604dac328b456e",
  "name": "Pikante Paprika-Bratwurst Pfanne",
  "seoName": null,
  "category": null,
  "slug": "pikante-paprika-bratwurst-pfanne",
  "headline": "auf Petersilien-Couscous",
  "description": "Dieses Gericht zaubert Dir nicht nur optisch Abwechslung auf Deinen Teller, sondern überzeugt auch auf geschmacklicher Ebene voll und ganz! Die Bratwurst sorgt für eine pikant-würzige Note, Paprika und Petersilie bringen Frische und Farbe in das Gericht. Lass es Dir schmecken!",
  "descriptionHTML": "<p>Dieses Gericht zaubert Dir nicht nur optisch Abwechslung auf Deinen Teller, sondern überzeugt auch auf geschmacklicher Ebene voll und ganz! Die Bratwurst sorgt für eine pikant-würzige Note, Paprika und Petersilie bringen Frische und Farbe in das Gericht. Lass es Dir schmecken!</p>",
  "descriptionMarkdown": "Dieses Gericht zaubert Dir nicht nur optisch Abwechslung auf Deinen Teller, sondern überzeugt auch auf geschmacklicher Ebene voll und ganz! Die Bratwurst sorgt für eine pikant-würzige Note, Paprika und Petersilie bringen Frische und Farbe in das Gericht. Lass es Dir schmecken!",
  "seoDescription": null,
  "comment": null,
  "difficulty": 2,
  "prepTime": "PT35M",
  "totalTime": null,
  "servingSize": 0,
  "createdAt": "2014-08-20T08:19:53+00:00",
  "updatedAt": "2017-03-03T23:22:44+00:00",
  "link": "https://hellofresh.com/recipes/53f45a29ff604dac328b456e",
  "imageLink": "https://d3hvwccx09j84u.cloudfront.net/0,0/image/53f45a29ff604dac328b456e.jpg",
  "cardLink": "https://ddw4dkk7s1lkt.cloudfront.net/card/53f45a29ff604dac328b456e.pdf",
  "videoLink": null,
  "nutrition": [
    {
      "type": "57b42a48b7e8697d4b30530d",
      "name": "Energie (kJ)",
      "amount": 3347.2000000000003,
      "unit": "kJ"
    },
    {
      "type": "57b42a48b7e8697d4b305304",
      "name": "Energie (kcal)",
      "amount": 800,
      "unit": "kcal"
    },
    {
      "type": "57b42a48b7e8697d4b305307",
      "name": "Fett",
      "amount": 67,
      "unit": "g"
    },
    {
      "type": "57b42a48b7e8697d4b305308",
      "name": "davon gesättigte Fettsäuren",
      "amount": 0,
      "unit": "g"
    },
    {
      "type": "57b42a48b7e8697d4b305305",
      "name": "Kohlenhydrate",
      "amount": 42,
      "unit": "g"
    },
    {
      "type": "57b42a48b7e8697d4b305306",
      "name": "davon Zucker",
      "amount": 0,
      "unit": "g"
    },
    {
      "type": "57b42a48b7e8697d4b30530a",
      "name": "Ballaststoffe",
      "amount": 6,
      "unit": "g"
    },
    {
      "type": "57b42a48b7e8697d4b305309",
      "name": "Eiweiß",
      "amount": 74,
      "unit": "g"
    },
    {
      "type": "57b42a48b7e8697d4b30530b",
      "name": "Salz",
      "amount": 0,
      "unit": "g"
    }
  ],
  "ingredients": [
    {
      "country": "DE",
      "id": "554b34554dab71a6058b4576",
      "type": "zwiebel",
      "name": "Zwiebel",
      "slug": "zwiebel",
      "description": null,
      "internalName": null,
      "shipped": true,
      "imageLink": "https://d3hvwccx09j84u.cloudfront.net/200,200/image/554b34554dab71a6058b4576.png",
      "usage": 783,
      "hasDuplicatedName": null,
      "allergens": [],
      "family": {
        "id": "58877cf3ed71a76e9c03fbee",
        "type": "onion",
        "name": "Zwiebel",
        "slug": "zwiebel",
        "description": null,
        "priority": 0,
        "iconLink": "https://d3hvwccx09j84u.cloudfront.net/200,200/ingredient-families/58877cf3ed71a76e9c03fbee-34de32d5.png",
        "usageByCountry": {
          "AT": 1698,
          "AU": 1175,
          "BE": 1213,
          "CA": 672,
          "CH": 321,
          "DE": 1582,
          "ER": 152,
          "FR": 334,
          "GB": 1502,
          "LU": 1592,
          "NL": 1429,
          "NZ": 274,
          "ML": 188,
          "US": 2363
        },
        "createdAt": "2017-01-24T16:12:35+00:00",
        "updatedAt": "2017-01-24T16:12:35+00:00"
      }
    },
    {
      "country": "DE",
      "id": "554b7e84fd2cb911618b456a",
      "type": "rote paprika",
      "name": "rote Paprika",
      "slug": "rote-paprika",
      "description": null,
      "internalName": null,
      "shipped": true,
      "imageLink": "https://d3hvwccx09j84u.cloudfront.net/200,200/image/554b7e84fd2cb911618b456a.png",
      "usage": 229,
      "hasDuplicatedName": null,
      "allergens": [],
      "family": {
        "id": "58877cf3ed71a76e9c03fbf7",
        "type": "paprika",
        "name": "Paprika",
        "slug": "paprika",
        "description": null,
        "priority": 0,
        "iconLink": "https://d3hvwccx09j84u.cloudfront.net/200,200/ingredient-families/58877cf3ed71a76e9c03fbf7-e6b2d1a6.png",
        "usageByCountry": {
          "AT": 581,
          "AU": 50,
          "BE": 613,
          "CA": 64,
          "CH": 21,
          "DE": 536,
          "ER": 7,
          "FR": 166,
          "GB": 539,
          "LU": 769,
          "NL": 388,
          "NZ": 6,
          "ML": 38,
          "US": 79
        },
        "createdAt": "2017-01-24T16:12:35+00:00",
        "updatedAt": "2017-01-24T16:12:35+00:00"
      }
    },
    {
      "country": "DE",
      "id": "554b343a4dab71aa058b4572",
      "type": "gelbe paprika",
      "name": "gelbe Paprika",
      "slug": "gelbe-paprika",
      "description": null,
      "internalName": null,
      "shipped": true,
      "imageLink": "https://d3hvwccx09j84u.cloudfront.net/200,200/image/554b343a4dab71aa058b4572.png",
      "usage": 284,
      "hasDuplicatedName": null,
      "allergens": [],
      "family": {
        "id": "58877cf3ed71a76e9c03fbf7",
        "type": "paprika",
        "name": "Paprika",
        "slug": "paprika",
        "description": null,
        "priority": 0,
        "iconLink": "https://d3hvwccx09j84u.cloudfront.net/200,200/ingredient-families/58877cf3ed71a76e9c03fbf7-e6b2d1a6.png",
        "usageByCountry": {
          "AT": 581,
          "AU": 50,
          "BE": 613,
          "CA": 64,
          "CH": 21,
          "DE": 536,
          "ER": 7,
          "FR": 166,
          "GB": 539,
          "LU": 769,
          "NL": 388,
          "NZ": 6,
          "ML": 38,
          "US": 79
        },
        "createdAt": "2017-01-24T16:12:35+00:00",
        "updatedAt": "2017-01-24T16:12:35+00:00"
      }
    },
    {
      "country": "DE",
      "id": "554b34b64dab71aa058b4573",
      "type": "petersilie",
      "name": "Petersilie",
      "slug": "petersilie",
      "description": null,
      "internalName": null,
      "shipped": true,
      "imageLink": "https://d3hvwccx09j84u.cloudfront.net/200,200/image/554b34b64dab71aa058b4573.png",
      "usage": 861,
      "hasDuplicatedName": null,
      "allergens": [],
      "family": {
        "id": "58877cf3ed71a76e9c03fbf9",
        "type": "parsley",
        "name": "Petersilie",
        "slug": "petersilie",
        "description": null,
        "priority": 0,
        "iconLink": "https://d3hvwccx09j84u.cloudfront.net/200,200/ingredient-families/58877cf3ed71a76e9c03fbf9-f38cbfcd.png",
        "usageByCountry": {
          "AT": 1051,
          "AU": 441,
          "BE": 263,
          "CA": 156,
          "CH": 193,
          "DE": 961,
          "ER": 27,
          "FR": 90,
          "GB": 464,
          "LU": 298,
          "NL": 300,
          "NZ": 60,
          "ML": 7,
          "US": 389
        },
        "createdAt": "2017-01-24T16:12:35+00:00",
        "updatedAt": "2017-01-24T16:12:35+00:00"
      }
    },
    {
      "country": "DE",
      "id": "555358b3f8b25e89038b456b",
      "type": "couscous",
      "name": "Couscous",
      "slug": "couscous",
      "description": null,
      "internalName": null,
      "shipped": true,
      "imageLink": "https://d3hvwccx09j84u.cloudfront.net/200,200/image/555358b3f8b25e89038b456b.png",
      "usage": 80,
      "hasDuplicatedName": null,
      "allergens": [
        {
          "id": "57962a07b7e8697d4b3052f5",
          "type": "gluten",
          "name": "Weizen",
          "slug": "weizen",
          "description": null,
          "tracesOf": false,
          "triggersTracesOf": false,
          "iconLink": "https://d3hvwccx09j84u.cloudfront.net/0,0/allergens/57962a07b7e8697d4b3052f5-e20d9ca4.png",
          "usage": 1406
        }
      ],
      "family": {
        "id": "58877cf3ed71a76e9c03fb84",
        "type": "couscous",
        "name": "Couscous",
        "slug": "couscous",
        "description": null,
        "priority": 0,
        "iconLink": "https://d3hvwccx09j84u.cloudfront.net/200,200/ingredient-families/58877cf3ed71a76e9c03fb84-0e0812fe.png",
        "usageByCountry": {
          "AT": 75,
          "AU": 72,
          "BE": 148,
          "CA": 55,
          "CH": 22,
          "DE": 80,
          "ER": 8,
          "FR": 44,
          "GB": 90,
          "LU": 177,
          "NL": 185,
          "NZ": 17,
          "ML": 2,
          "US": 188
        },
        "createdAt": "2017-01-24T16:12:35+00:00",
        "updatedAt": "2017-01-24T16:12:35+00:00"
      }
    },
    {
      "country": "DE",
      "id": "56434508f8b25ed2508b4567",
      "type": "bratwürstchen",
      "name": "Bratwürstchen",
      "slug": "bratwurstchen",
      "description": null,
      "internalName": null,
      "shipped": true,
      "imageLink": "https://d3hvwccx09j84u.cloudfront.net/200,200/image/56434508f8b25ed2508b4567.png",
      "usage": 3,
      "hasDuplicatedName": null,
      "allergens": [],
      "family": {
        "id": "58877cf3ed71a76e9c03fc28",
        "type": "sausage",
        "name": "Wurst",
        "slug": "wurst",
        "description": null,
        "priority": 0,
        "iconLink": "https://d3hvwccx09j84u.cloudfront.net/200,200/ingredient-families/58877cf3ed71a76e9c03fc28-0372e034.png",
        "usageByCountry": {
          "AT": 61,
          "AU": 16,
          "BE": 38,
          "CA": 42,
          "CH": 58,
          "DE": 59,
          "ER": 1,
          "FR": 18,
          "GB": 80,
          "LU": 80,
          "NL": 62,
          "NZ": 3,
          "ML": 0,
          "US": 20
        },
        "createdAt": "2017-01-24T16:12:35+00:00",
        "updatedAt": "2017-01-24T16:12:35+00:00"
      }
    },
    {
      "country": "DE",
      "id": "556c08624dab7169208b4568",
      "type": "tomatenmark",
      "name": "Tomatenmark",
      "slug": "tomatenmark",
      "description": null,
      "internalName": null,
      "shipped": true,
      "imageLink": "https://d3hvwccx09j84u.cloudfront.net/200,200/image/556c08624dab7169208b4568.png",
      "usage": 133,
      "hasDuplicatedName": null,
      "allergens": [],
      "family": {
        "id": "58877cf3ed71a76e9c03fc45",
        "type": "tomato-paste",
        "name": "Tomatenmark",
        "slug": "tomatenmark",
        "description": null,
        "priority": 0,
        "iconLink": "https://d3hvwccx09j84u.cloudfront.net/200,200/ingredient-families/58877cf3ed71a76e9c03fc45-d192dac7.png",
        "usageByCountry": {
          "AT": 196,
          "AU": 184,
          "BE": 72,
          "CA": 92,
          "CH": 41,
          "DE": 135,
          "ER": 4,
          "FR": 41,
          "GB": 389,
          "LU": 145,
          "NL": 90,
          "NZ": 61,
          "ML": 66,
          "US": 86
        },
        "createdAt": "2017-01-24T16:12:35+00:00",
        "updatedAt": "2017-01-24T16:12:35+00:00"
      }
    },
    {
      "country": "DE",
      "id": "5568791b4dab71691e8b456a",
      "type": "chiliflocken",
      "name": "Chiliflocken",
      "slug": "chiliflocken",
      "description": null,
      "internalName": null,
      "shipped": true,
      "imageLink": "https://d3hvwccx09j84u.cloudfront.net/200,200/image/5568791b4dab71691e8b456a.png",
      "usage": 27,
      "hasDuplicatedName": null,
      "allergens": [
        {
          "id": "57962a07b7e8697d4b3052f3",
          "type": "maycontaintracesofallergens",
          "name": "kann Spuren von Allergenen enthalten",
          "slug": "kann-spuren-von-allergenen-enthalten",
          "description": null,
          "tracesOf": false,
          "triggersTracesOf": true,
          "iconLink": null,
          "usage": 1649
        }
      ],
      "family": {
        "id": "58877cf3ed71a76e9c03fb6e",
        "type": "chili-spice",
        "name": "Chili (Gewürz)",
        "slug": "chili-gewurz",
        "description": null,
        "priority": 0,
        "iconLink": "https://d3hvwccx09j84u.cloudfront.net/200,200/ingredient-families/58877cf3ed71a76e9c03fb6e-57ddbd04.png",
        "usageByCountry": {
          "AT": 67,
          "AU": 111,
          "BE": 0,
          "CA": 73,
          "CH": 26,
          "DE": 71,
          "ER": 42,
          "FR": 0,
          "GB": 115,
          "LU": 0,
          "NL": 0,
          "NZ": 51,
          "ML": 81,
          "US": 426
        },
        "createdAt": "2017-01-24T16:12:35+00:00",
        "updatedAt": "2017-01-24T16:12:35+00:00"
      }
    },
    {
      "country": "DE",
      "id": "5568443bfd2cb985278b4569",
      "type": "geflügelbrühe",
      "name": "Geflügelbrühe",
      "slug": "geflugelbruhe",
      "description": null,
      "internalName": null,
      "shipped": false,
      "imageLink": "https://d3hvwccx09j84u.cloudfront.net/200,200/image/5568443bfd2cb985278b4569.png",
      "usage": 35,
      "hasDuplicatedName": null,
      "allergens": [],
      "family": {
        "id": "58877cf3ed71a76e9c03fb57",
        "type": "broth",
        "name": "Brühe",
        "slug": "bruhe",
        "description": null,
        "priority": 0,
        "iconLink": "https://d3hvwccx09j84u.cloudfront.net/200,200/ingredient-families/58877cf3ed71a76e9c03fb57-6d9f9ef5.png",
        "usageByCountry": {
          "AT": 867,
          "AU": 0,
          "BE": 13,
          "CA": 10,
          "CH": 35,
          "DE": 816,
          "ER": 0,
          "FR": 5,
          "GB": 92,
          "LU": 7,
          "NL": 22,
          "NZ": 0,
          "ML": 0,
          "US": 0
        },
        "createdAt": "2017-01-24T16:12:35+00:00",
        "updatedAt": "2017-01-24T16:12:35+00:00"
      }
    },
    {
      "country": "DE",
      "id": "554b22cb4dab71c8058b4570",
      "type": "olivenol",
      "name": "Olivenöl*",
      "slug": "olivenol",
      "description": null,
      "internalName": null,
      "shipped": false,
      "imageLink": "https://d3hvwccx09j84u.cloudfront.net/200,200/image/554b22cb4dab71c8058b4570.png",
      "usage": 1250,
      "hasDuplicatedName": null,
      "allergens": [],
      "family": {
        "id": "58877cf3ed71a76e9c03fbe8",
        "type": "oil",
        "name": "Öl",
        "slug": "ol",
        "description": null,
        "priority": 0,
        "iconLink": "https://d3hvwccx09j84u.cloudfront.net/200,200/ingredient-families/58877cf3ed71a76e9c03fbe8-34c502d3.png",
        "usageByCountry": {
          "AT": 3004,
          "AU": 136,
          "BE": 433,
          "CA": 940,
          "CH": 624,
          "DE": 2780,
          "ER": 171,
          "FR": 109,
          "GB": 4,
          "LU": 555,
          "NL": 503,
          "NZ": 0,
          "ML": 32,
          "US": 978
        },
        "createdAt": "2017-01-24T16:12:35+00:00",
        "updatedAt": "2017-01-24T16:12:35+00:00"
      }
    },
    {
      "country": "DE",
      "id": "554b2288f8b25ef93e8b456c",
      "type": "butter",
      "name": "Butter*",
      "slug": "butter",
      "description": null,
      "internalName": "Butter [home]",
      "shipped": false,
      "imageLink": "https://d3hvwccx09j84u.cloudfront.net/200,200/ingredient/554b2288f8b25ef93e8b456c-10f3c76d.png",
      "usage": 720,
      "hasDuplicatedName": null,
      "allergens": [
        {
          "id": "57962a07b7e8697d4b3052fa",
          "type": "milk",
          "name": "Milch",
          "slug": "laktose",
          "description": null,
          "tracesOf": false,
          "triggersTracesOf": false,
          "iconLink": "https://d3hvwccx09j84u.cloudfront.net/0,0/allergens/57962a07b7e8697d4b3052fa-be127d3f.png",
          "usage": 1018
        }
      ],
      "family": {
        "id": "58877cf3ed71a76e9c03fb5b",
        "type": "butter",
        "name": "Butter",
        "slug": "butter",
        "description": null,
        "priority": 0,
        "iconLink": "https://d3hvwccx09j84u.cloudfront.net/200,200/ingredient-families/58877cf3ed71a76e9c03fb5b-10d0b09a.png",
        "usageByCountry": {
          "AT": 768,
          "AU": 384,
          "BE": 831,
          "CA": 177,
          "CH": 167,
          "DE": 735,
          "ER": 121,
          "FR": 206,
          "GB": 166,
          "LU": 1013,
          "NL": 1004,
          "NZ": 126,
          "ML": 289,
          "US": 1152
        },
        "createdAt": "2017-01-24T16:12:35+00:00",
        "updatedAt": "2017-01-24T16:12:35+00:00"
      }
    },
    {
      "country": "DE",
      "id": "554b1c284dab71a9058b456b",
      "type": "salz",
      "name": "Salz*",
      "slug": "salz",
      "description": null,
      "internalName": null,
      "shipped": false,
      "imageLink": "https://d3hvwccx09j84u.cloudfront.net/200,200/image/554b1c284dab71a9058b456b.png",
      "usage": 3019,
      "hasDuplicatedName": null,
      "allergens": [],
      "family": {
        "id": "58877cf3ed71a76e9c03fc25",
        "type": "salt",
        "name": "Salz",
        "slug": "salz",
        "description": null,
        "priority": 0,
        "iconLink": "https://d3hvwccx09j84u.cloudfront.net/200,200/ingredient-families/58877cf3ed71a76e9c03fc25-abd39ad0.png",
        "usageByCountry": {
          "AT": 3264,
          "AU": 471,
          "BE": 51,
          "CA": 261,
          "CH": 645,
          "DE": 3024,
          "ER": 178,
          "FR": 2,
          "GB": 122,
          "LU": 31,
          "NL": 66,
          "NZ": 241,
          "ML": 65,
          "US": 2638
        },
        "createdAt": "2017-01-24T16:12:35+00:00",
        "updatedAt": "2017-01-24T16:12:35+00:00"
      }
    },
    {
      "country": "DE",
      "id": "55b0a135fd2cb9121e8b4567",
      "type": "pfeffer",
      "name": "Pfeffer*",
      "slug": "pfeffer",
      "description": null,
      "internalName": "Pfeffer [home]",
      "shipped": false,
      "imageLink": "https://d3hvwccx09j84u.cloudfront.net/200,200/image/55b0a135fd2cb9121e8b4567.png",
      "usage": 2774,
      "hasDuplicatedName": null,
      "allergens": [],
      "family": {
        "id": "58877cf3ed71a76e9c03fc05",
        "type": "pepper-spice",
        "name": "Pfeffer (Gewürz)",
        "slug": "pfeffer-gewurz",
        "description": null,
        "priority": 0,
        "iconLink": "https://d3hvwccx09j84u.cloudfront.net/200,200/ingredient-families/58877cf3ed71a76e9c03fc05-00a37cd9.png",
        "usageByCountry": {
          "AT": 3237,
          "AU": 122,
          "BE": 12,
          "CA": 142,
          "CH": 628,
          "DE": 3006,
          "ER": 181,
          "FR": 4,
          "GB": 158,
          "LU": 18,
          "NL": 17,
          "NZ": 7,
          "ML": 71,
          "US": 2674
        },
        "createdAt": "2017-01-24T16:12:35+00:00",
        "updatedAt": "2017-01-24T16:12:35+00:00"
      }
    },
    {
      "country": "DE",
      "id": "554b2319fd2cb9ba598b456d",
      "type": "zucker",
      "name": "Zucker*",
      "slug": "zucker",
      "description": null,
      "internalName": "Zucker [home]",
      "shipped": false,
      "imageLink": "https://d3hvwccx09j84u.cloudfront.net/200,200/image/554b2319fd2cb9ba598b456d.png",
      "usage": 842,
      "hasDuplicatedName": null,
      "allergens": [],
      "family": {
        "id": "58877cf3ed71a76e9c03fc3b",
        "type": "sugar",
        "name": "Zucker",
        "slug": "zucker",
        "description": null,
        "priority": 0,
        "iconLink": "https://d3hvwccx09j84u.cloudfront.net/200,200/ingredient-families/58877cf3ed71a76e9c03fc3b-20b617ed.png",
        "usageByCountry": {
          "AT": 956,
          "AU": 351,
          "BE": 205,
          "CA": 264,
          "CH": 163,
          "DE": 868,
          "ER": 0,
          "FR": 50,
          "GB": 59,
          "LU": 172,
          "NL": 242,
          "NZ": 138,
          "ML": 0,
          "US": 26
        },
        "createdAt": "2017-01-24T16:12:35+00:00",
        "updatedAt": "2017-01-24T16:12:35+00:00"
      }
    }
  ],
  "allergens": [
    {
      "id": "57962a07b7e8697d4b3052f5",
      "type": "gluten",
      "name": "Weizen",
      "slug": "weizen",
      "description": null,
      "tracesOf": false,
      "triggersTracesOf": false,
      "iconLink": "https://d3hvwccx09j84u.cloudfront.net/0,0/allergens/57962a07b7e8697d4b3052f5-e20d9ca4.png",
      "usage": 1406
    },
    {
      "id": "57962a07b7e8697d4b3052fa",
      "type": "milk",
      "name": "Milch",
      "slug": "laktose",
      "description": null,
      "tracesOf": false,
      "triggersTracesOf": false,
      "iconLink": "https://d3hvwccx09j84u.cloudfront.net/0,0/allergens/57962a07b7e8697d4b3052fa-be127d3f.png",
      "usage": 1018
    },
    {
      "id": "57962a07b7e8697d4b3052f3",
      "type": "maycontaintracesofallergens",
      "name": "kann Spuren von Allergenen enthalten",
      "slug": "kann-spuren-von-allergenen-enthalten",
      "description": null,
      "tracesOf": false,
      "triggersTracesOf": true,
      "iconLink": null,
      "usage": 1649
    }
  ],
  "utensils": [
    {
      "id": "57e2674fb7e8697d4b30539c",
      "type": "largepot",
      "name": "Großer Topf"
    },
    {
      "id": "57e2674fb7e8697d4b305397",
      "type": "non-stick-pan",
      "name": "Beschichtete Pfanne"
    }
  ],
  "tags": [],
  "cuisines": [
    {
      "id": "57ebbc17b7e8697d4b3053b4",
      "type": "fusion",
      "name": "Fusion",
      "slug": "fusion",
      "iconLink": "https://d3hvwccx09j84u.cloudfront.net/0,0/cuisines/57ebbc17b7e8697d4b3053b4-38aecbd9.jpg",
      "usage": 5280
    }
  ],
  "wines": [],
  "marketplaceItems": [],
  "author": null,
  "label": null,
  "yieldType": "servings",
  "yields": [
    {
      "yields": 2,
      "ingredients": [
        {
          "id": "554b34554dab71a6058b4576",
          "amount": 1,
          "unit": "Stück"
        },
        {
          "id": "554b7e84fd2cb911618b456a",
          "amount": 0.5,
          "unit": "Stück"
        },
        {
          "id": "554b343a4dab71aa058b4572",
          "amount": 0.5,
          "unit": "Stück"
        },
        {
          "id": "554b34b64dab71aa058b4573",
          "amount": 10,
          "unit": "g"
        },
        {
          "id": "555358b3f8b25e89038b456b",
          "amount": 150,
          "unit": "g"
        },
        {
          "id": "56434508f8b25ed2508b4567",
          "amount": 280,
          "unit": "g"
        },
        {
          "id": "556c08624dab7169208b4568",
          "amount": 1,
          "unit": "Esslöffel"
        },
        {
          "id": "5568791b4dab71691e8b456a",
          "amount": 1,
          "unit": "g"
        },
        {
          "id": "5568443bfd2cb985278b4569",
          "amount": null,
          "unit": "Einheit"
        },
        {
          "id": "554b22cb4dab71c8058b4570",
          "amount": null,
          "unit": "Einheit"
        },
        {
          "id": "554b2288f8b25ef93e8b456c",
          "amount": null,
          "unit": "Einheit"
        },
        {
          "id": "554b1c284dab71a9058b456b",
          "amount": null,
          "unit": "Einheit"
        },
        {
          "id": "55b0a135fd2cb9121e8b4567",
          "amount": null,
          "unit": "Einheit"
        },
        {
          "id": "554b2319fd2cb9ba598b456d",
          "amount": null,
          "unit": "Einheit"
        }
      ]
    }
  ],
  "steps": [
    {
      "index": 1,
      "instructionsMarkdown": "Zwiebel abziehen und in Streifen schneiden. Beide Paprikas waschen, halbieren, Kerngehäuse entfernen und in ca. 2 cm dicke Spalten schneiden. Petersilie waschen, trocken schütteln, Blätter abzupfen und grob hacken. In einem großen Topf 200 ml Wasser und Geflügelbrühe abgedeckt zum Kochen bringen.",
      "instructionsHTML": "<p>Zwiebel abziehen und in Streifen schneiden. Beide Paprikas waschen, halbieren, Kerngehäuse entfernen und in ca. 2 cm dicke Spalten schneiden. Petersilie waschen, trocken schütteln, Blätter abzupfen und grob hacken. In einem großen Topf 200 ml Wasser und Geflügelbrühe abgedeckt zum Kochen bringen.</p>",
      "instructions": "Zwiebel abziehen und in Streifen schneiden. Beide Paprikas waschen, halbieren, Kerngehäuse entfernen und in ca. 2 cm dicke Spalten schneiden. Petersilie waschen, trocken schütteln, Blätter abzupfen und grob hacken. In einem großen Topf 200 ml Wasser und Geflügelbrühe abgedeckt zum Kochen bringen.",
      "timers": [],
      "images": [
        {
          "link": "https://d3hvwccx09j84u.cloudfront.net/0,0/53f45a29ff604dac328b456e/step_56d04dc374c52.jpg",
          "caption": "Paprika schneiden"
        }
      ],
      "videos": [],
      "ingredients": [
        "554b34554dab71a6058b4576",
        "554b7e84fd2cb911618b456a",
        "554b343a4dab71aa058b4572",
        "554b34b64dab71aa058b4573",
        "5568443bfd2cb985278b4569"
      ],
      "utensils": [
        "57e2674fb7e8697d4b30539c"
      ]
    },
    {
      "index": 2,
      "instructionsMarkdown": "Couscous, ½ EL Olivenöl, 1 TL Butter, etwas Salz und Pfeffer in die kochende Geflügelbrühe einrühren. Den Topf vom Herd nehmen und abgedeckt ca. 10 Min. ziehen lassen, bis der Couscous die Flüssigkeit vollständig aufgenommen hat.",
      "instructionsHTML": "<p>Couscous, ½ EL Olivenöl, 1 TL Butter, etwas Salz und Pfeffer in die kochende Geflügelbrühe einrühren. Den Topf vom Herd nehmen und abgedeckt ca. 10 Min. ziehen lassen, bis der Couscous die Flüssigkeit vollständig aufgenommen hat.</p>",
      "instructions": "Couscous, ½ EL Olivenöl, 1 TL Butter, etwas Salz und Pfeffer in die kochende Geflügelbrühe einrühren. Den Topf vom Herd nehmen und abgedeckt ca. 10 Min. ziehen lassen, bis der Couscous die Flüssigkeit vollständig aufgenommen hat.",
      "timers": [
        {
          "name": "Couscous ziehen lassen",
          "duration": "PT10M",
          "temperature": null,
          "temperatureUnit": null,
          "ovenMode": null
        }
      ],
      "images": [
        {
          "link": "https://d3hvwccx09j84u.cloudfront.net/0,0/53f45a29ff604dac328b456e/step_56d04dc383627.jpg",
          "caption": "Couscous zubereiten"
        }
      ],
      "videos": [],
      "ingredients": [
        "555358b3f8b25e89038b456b",
        "554b22cb4dab71c8058b4570",
        "554b2288f8b25ef93e8b456c",
        "554b1c284dab71a9058b456b",
        "55b0a135fd2cb9121e8b4567"
      ],
      "utensils": []
    },
    {
      "index": 3,
      "instructionsMarkdown": "In einer großen beschichteten Pfanne einen Schuss Olivenöl erhitzen. Bratwürste darin rundherum braun braten, anschließend aus der Pfanne nehmen und kurz beiseitestellen.",
      "instructionsHTML": "<p>In einer großen beschichteten Pfanne einen Schuss Olivenöl erhitzen. Bratwürste darin rundherum braun braten, anschließend aus der Pfanne nehmen und kurz beiseitestellen.</p>",
      "instructions": "In einer großen beschichteten Pfanne einen Schuss Olivenöl erhitzen. Bratwürste darin rundherum braun braten, anschließend aus der Pfanne nehmen und kurz beiseitestellen.",
      "timers": [],
      "images": [],
      "videos": [],
      "ingredients": [
        "56434508f8b25ed2508b4567",
        "554b22cb4dab71c8058b4570"
      ],
      "utensils": [
        "57e2674fb7e8697d4b305397"
      ]
    },
    {
      "index": 4,
      "instructionsMarkdown": "Erneut einen Schuss Olivenöl in der Pfanne erwärmen. Zwiebel darin bei mittlerer Hitze 5–6 Min. glasig andünsten. Paprika zugeben und 6–8 Min. weich garen. 3 EL Wasser und Tomatenmark einrühren und Soße 3–4 Min. weiter einköcheln lassen. Mit Salz, Pfeffer, Chiliflocken und 1 Prise Zucker abschmecken.",
      "instructionsHTML": "<p>Erneut einen Schuss Olivenöl in der Pfanne erwärmen. Zwiebel darin bei mittlerer Hitze 5–6 Min. glasig andünsten. Paprika zugeben und 6–8 Min. weich garen. 3 EL Wasser und Tomatenmark einrühren und Soße 3–4 Min. weiter einköcheln lassen. Mit Salz, Pfeffer, Chiliflocken und 1 Prise Zucker abschmecken.</p>",
      "instructions": "Erneut einen Schuss Olivenöl in der Pfanne erwärmen. Zwiebel darin bei mittlerer Hitze 5–6 Min. glasig andünsten. Paprika zugeben und 6–8 Min. weich garen. 3 EL Wasser und Tomatenmark einrühren und Soße 3–4 Min. weiter einköcheln lassen. Mit Salz, Pfeffer, Chiliflocken und 1 Prise Zucker abschmecken.",
      "timers": [
        {
          "name": "Zwiebel andünsten",
          "duration": "PT5M",
          "temperature": null,
          "temperatureUnit": null,
          "ovenMode": null
        },
        {
          "name": "Paprika weich garen",
          "duration": "PT6M",
          "temperature": null,
          "temperatureUnit": null,
          "ovenMode": null
        }
      ],
      "images": [
        {
          "link": "https://d3hvwccx09j84u.cloudfront.net/0,0/53f45a29ff604dac328b456e/step_56d04dc3969d2.jpg",
          "caption": "Gemüse anbraten"
        }
      ],
      "videos": [],
      "ingredients": [
        "554b34554dab71a6058b4576",
        "554b7e84fd2cb911618b456a",
        "554b343a4dab71aa058b4572",
        "556c08624dab7169208b4568",
        "5568791b4dab71691e8b456a",
        "554b22cb4dab71c8058b4570",
        "554b1c284dab71a9058b456b",
        "55b0a135fd2cb9121e8b4567",
        "554b2319fd2cb9ba598b456d"
      ],
      "utensils": []
    },
    {
      "index": 5,
      "instructionsMarkdown": "Für die letzte Minute der Garzeit, Bratwürste zufügen und kurz durchwärmen.",
      "instructionsHTML": "<p>Für die letzte Minute der Garzeit, Bratwürste zufügen und kurz durchwärmen.</p>",
      "instructions": "Für die letzte Minute der Garzeit, Bratwürste zufügen und kurz durchwärmen.",
      "timers": [],
      "images": [],
      "videos": [],
      "ingredients": [
        "56434508f8b25ed2508b4567"
      ],
      "utensils": []
    },
    {
      "index": 6,
      "instructionsMarkdown": "Couscous mit einer Gabel auflockern, 1 TL Butter und den Großteil der Petersilie unterheben und auf Tellern verteilen, Bratwürste mit Paprika- Soße darauf anrichten, mit restlicher Petersilie bestreuen und genießen!",
      "instructionsHTML": "<p>Couscous mit einer Gabel auflockern, 1 TL Butter und den Großteil der Petersilie unterheben und auf Tellern verteilen, Bratwürste mit Paprika- Soße darauf anrichten, mit restlicher Petersilie bestreuen und genießen!</p>",
      "instructions": "Couscous mit einer Gabel auflockern, 1 TL Butter und den Großteil der Petersilie unterheben und auf Tellern verteilen, Bratwürste mit Paprika- Soße darauf anrichten, mit restlicher Petersilie bestreuen und genießen!",
      "timers": [],
      "images": [
        {
          "link": "https://d3hvwccx09j84u.cloudfront.net/0,0/53f45a29ff604dac328b456e/step_56df0bee07eac.jpg",
          "caption": "Couscous auflockern"
        }
      ],
      "videos": [],
      "ingredients": [
        "554b7e84fd2cb911618b456a",
        "554b343a4dab71aa058b4572",
        "554b34b64dab71aa058b4573",
        "555358b3f8b25e89038b456b",
        "56434508f8b25ed2508b4567",
        "554b2288f8b25ef93e8b456c"
      ],
      "utensils": []
    }
  ],
  "averageRating": 3.1,
  "ratingsCount": 765,
  "favoritesCount": 516,
  "active": true,
  "highlighted": false,
  "isDinnerToLunch": false,
  "isExcludedFromIndex": false,
  "isPremium": false,
  "websiteUrl": "https://www.hellofresh.de/recipes/pikante-paprika-bratwurst-pfanne-53f45a29ff604dac328b456e",
  "clonedFrom": null,
  "canonical": null,
  "canonicalLink": null
}
