{
  "country": "DE",
  "id": "53f459f9ff604db8318b4568",
  "name": "Frische Maiskolben mit  Petersilien-Pesto und Mozzarella",
  "seoName": null,
  "category": null,
  "slug": "frische-maiskolben-mit-petersilien-pesto-und-mozzarella",
  "headline": "dazu grüner Salat und knusprig gebackenes  Mehrkornbaguette",
  "description": "",
  "descriptionHTML": "",
  "descriptionMarkdown": "",
  "seoDescription": null,
  "comment": null,
  "difficulty": 2,
  "prepTime": "PT35M",
  "totalTime": null,
  "servingSize": 0,
  "createdAt": "2014-08-20T08:19:05+00:00",
  "updatedAt": "2016-07-13T13:45:32+00:00",
  "link": "https://hellofresh.com/recipes/53f459f9ff604db8318b4568",
  "imageLink": "https://d3hvwccx09j84u.cloudfront.net/0,0/image/53f459f9ff604db8318b4568.jpg",
  "cardLink": null,
  "videoLink": null,
  "nutrition": [],
  "ingredients": [],
  "allergens": [],
  "utensils": [],
  "tags": [],
  "cuisines": [],
  "wines": [],
  "marketplaceItems": [],
  "author": null,
  "label": null,
  "yieldType": null,
  "yields": [],
  "steps": [],
  "averageRating": 2.8,
  "ratingsCount": 172,
  "favoritesCount": 32,
  "active": true,
  "highlighted": false,
  "isDinnerToLunch": false,
  "isExcludedFromIndex": false,
  "isPremium": false,
  "websiteUrl": "https://www.hellofresh.de/recipes/frische-maiskolben-mit-petersilien-pesto-und-mozzarella-53f459f9ff604db8318b4568",
  "clonedFrom": null,
  "canonical": null,
  "canonicalLink": null
}
