{
  "country": "DE",
  "id": "53f45a7dff604d9f328b456e",
  "name": "Indischer „Dhal“ Linseneintopf",
  "seoName": null,
  "category": null,
  "slug": "indischer-dhal-linseneintopf",
  "headline": "mit Kokosmilch und gebratenen Zwiebelstreifen dazu Naan-Brot",
  "description": "",
  "descriptionHTML": "",
  "descriptionMarkdown": "",
  "seoDescription": null,
  "comment": null,
  "difficulty": 1,
  "prepTime": "PT35M",
  "totalTime": null,
  "servingSize": 0,
  "createdAt": "2014-08-20T08:21:17+00:00",
  "updatedAt": "2016-07-13T13:45:41+00:00",
  "link": "https://hellofresh.com/recipes/53f45a7dff604d9f328b456e",
  "imageLink": "https://d3hvwccx09j84u.cloudfront.net/0,0/image/53f45a7dff604d9f328b456e.jpg",
  "cardLink": null,
  "videoLink": null,
  "nutrition": [],
  "ingredients": [],
  "allergens": [],
  "utensils": [],
  "tags": [],
  "cuisines": [],
  "wines": [],
  "marketplaceItems": [],
  "author": null,
  "label": null,
  "yieldType": null,
  "yields": [],
  "steps": [],
  "averageRating": 3.4,
  "ratingsCount": 134,
  "favoritesCount": 45,
  "active": true,
  "highlighted": false,
  "isDinnerToLunch": false,
  "isExcludedFromIndex": false,
  "isPremium": false,
  "websiteUrl": "https://www.hellofresh.de/recipes/indischer-dhal-linseneintopf-53f45a7dff604d9f328b456e",
  "clonedFrom": null,
  "canonical": null,
  "canonicalLink": null
}
