{
  "country": "DE",
  "id": "53f45b7aff604d9c328b456f",
  "name": "Rindersteak mit Salat",
  "seoName": null,
  "category": null,
  "slug": "rindersteak-mit-salat",
  "headline": "",
  "description": "",
  "descriptionHTML": "",
  "descriptionMarkdown": "",
  "seoDescription": null,
  "comment": null,
  "difficulty": 0,
  "prepTime": "PT35M",
  "totalTime": null,
  "servingSize": 0,
  "createdAt": "2014-08-20T08:25:30+00:00",
  "updatedAt": "2016-03-05T21:55:47+00:00",
  "link": "https://hellofresh.com/recipes/53f45b7aff604d9c328b456f",
  "imageLink": "https://d3hvwccx09j84u.cloudfront.net/0,0/image/53f45b7aff604d9c328b456f.jpg",
  "cardLink": null,
  "videoLink": null,
  "nutrition": [],
  "ingredients": [],
  "allergens": [],
  "utensils": [],
  "tags": [],
  "cuisines": [],
  "wines": [],
  "marketplaceItems": [],
  "author": null,
  "label": null,
  "yieldType": null,
  "yields": [],
  "steps": [],
  "averageRating": 3,
  "ratingsCount": 29,
  "favoritesCount": 23,
  "active": true,
  "highlighted": false,
  "isDinnerToLunch": false,
  "isExcludedFromIndex": false,
  "isPremium": false,
  "websiteUrl": "https://www.hellofresh.de/recipes/rindersteak-mit-salat-53f45b7aff604d9c328b456f",
  "clonedFrom": null,
  "canonical": null,
  "canonicalLink": null
}
