{
  "country": "DE",
  "id": "53fdd430ff604d95678b4570",
  "name": "Schweinefleisch griechischer Art in  Rosmarin-Thymian-Marinade",
  "seoName": null,
  "category": null,
  "slug": "schweinefleisch-griechischer-art-in-rosmarin-thymian-marinade",
  "headline": "mit gebratenem Feta, cremigem  Kartoffelpüree und Tomaten-Zwiebelsalat ",
  "description": "",
  "descriptionHTML": "",
  "descriptionMarkdown": "",
  "seoDescription": null,
  "comment": null,
  "difficulty": 3,
  "prepTime": "PT35M",
  "totalTime": null,
  "servingSize": 0,
  "createdAt": "2014-08-27T12:50:56+00:00",
  "updatedAt": "2015-12-21T21:56:00+00:00",
  "link": "https://hellofresh.com/recipes/53fdd430ff604d95678b4570",
  "imageLink": "https://d3hvwccx09j84u.cloudfront.net/0,0/image/53fdd430ff604d95678b4570.jpg",
  "cardLink": null,
  "videoLink": null,
  "nutrition": [],
  "ingredients": [],
  "allergens": [],
  "utensils": [],
  "tags": [],
  "cuisines": [],
  "wines": [],
  "marketplaceItems": [],
  "author": null,
  "label": null,
  "yieldType": null,
  "yields": [],
  "steps": [],
  "averageRating": 3.1,
  "ratingsCount": 610,
  "favoritesCount": 105,
  "active": true,
  "highlighted": false,
  "isDinnerToLunch": false,
  "isExcludedFromIndex": false,
  "isPremium": false,
  "websiteUrl": "https://www.hellofresh.de/recipes/schweinefleisch-griechischer-art-in-rosmarin-thymian-marinade-53fdd430ff604d95678b4570",
  "clonedFrom": null,
  "canonical": null,
  "canonicalLink": null
}
