{
  "country": "DE",
  "id": "53fdd3ccff604d91678b4572",
  "name": "Putenbrust in Pestokruste",
  "seoName": null,
  "category": null,
  "slug": "putenbrust-in-pestokruste",
  "headline": "dazu Mediterraner Brotsalat mit gelber Paprika, Zucchini und Parmesanlocken",
  "description": "",
  "descriptionHTML": "",
  "descriptionMarkdown": "",
  "seoDescription": null,
  "comment": null,
  "difficulty": 2,
  "prepTime": "PT40M",
  "totalTime": null,
  "servingSize": 0,
  "createdAt": "2014-08-27T12:49:16+00:00",
  "updatedAt": "2016-02-01T10:21:43+00:00",
  "link": "https://hellofresh.com/recipes/53fdd3ccff604d91678b4572",
  "imageLink": "https://d3hvwccx09j84u.cloudfront.net/0,0/image/53fdd3ccff604d91678b4572.jpg",
  "cardLink": null,
  "videoLink": null,
  "nutrition": [],
  "ingredients": [],
  "allergens": [],
  "utensils": [],
  "tags": [],
  "cuisines": [],
  "wines": [],
  "marketplaceItems": [],
  "author": null,
  "label": null,
  "yieldType": null,
  "yields": [],
  "steps": [],
  "averageRating": 3.3,
  "ratingsCount": 671,
  "favoritesCount": 181,
  "active": true,
  "highlighted": false,
  "isDinnerToLunch": false,
  "isExcludedFromIndex": false,
  "isPremium": false,
  "websiteUrl": "https://www.hellofresh.de/recipes/putenbrust-in-pestokruste-53fdd3ccff604d91678b4572",
  "clonedFrom": null,
  "canonical": null,
  "canonicalLink": null
}
