{
  "country": "DE",
  "id": "53fdd461ff604d30968b4567",
  "name": "Knuspriger Porree Flammkuchen",
  "seoName": null,
  "category": null,
  "slug": "knuspriger-porree-flammkuchen",
  "headline": "mit Kerbel-Schmand Boden und Mozzarella,  serviert mit Salatherzen-Birnensalat",
  "description": "",
  "descriptionHTML": "",
  "descriptionMarkdown": "",
  "seoDescription": null,
  "comment": null,
  "difficulty": 1,
  "prepTime": "PT25M",
  "totalTime": null,
  "servingSize": 0,
  "createdAt": "2014-08-27T12:51:45+00:00",
  "updatedAt": "2016-06-08T05:58:48+00:00",
  "link": "https://hellofresh.com/recipes/53fdd461ff604d30968b4567",
  "imageLink": "https://d3hvwccx09j84u.cloudfront.net/0,0/image/53fdd461ff604d30968b4567.jpg",
  "cardLink": null,
  "videoLink": null,
  "nutrition": [],
  "ingredients": [],
  "allergens": [],
  "utensils": [],
  "tags": [],
  "cuisines": [],
  "wines": [],
  "marketplaceItems": [],
  "author": null,
  "label": null,
  "yieldType": null,
  "yields": [],
  "steps": [],
  "averageRating": 3.3,
  "ratingsCount": 2057,
  "favoritesCount": 440,
  "active": true,
  "highlighted": false,
  "isDinnerToLunch": false,
  "isExcludedFromIndex": false,
  "isPremium": false,
  "websiteUrl": "https://www.hellofresh.de/recipes/knuspriger-porree-flammkuchen-53fdd461ff604d30968b4567",
  "clonedFrom": null,
  "canonical": null,
  "canonicalLink": null
}
