{
  "country": "DE",
  "id": "53fdd489ff604d7b688b456e",
  "name": "Gemüse-Basmatireis Eintopf  in cremiger Roter Curry Soße",
  "seoName": null,
  "category": null,
  "slug": "gemuse-basmatireis-eintopf-in-cremiger-roter-curry-sosze",
  "headline": "mit Kokosmilch, Brokkoli und Karotte, serviert mit einer Limettenspalte  ",
  "description": "",
  "descriptionHTML": "",
  "descriptionMarkdown": "",
  "seoDescription": null,
  "comment": null,
  "difficulty": 1,
  "prepTime": "PT35M",
  "totalTime": null,
  "servingSize": 0,
  "createdAt": "2014-08-27T12:52:25+00:00",
  "updatedAt": "2016-07-13T13:23:55+00:00",
  "link": "https://hellofresh.com/recipes/53fdd489ff604d7b688b456e",
  "imageLink": "https://d3hvwccx09j84u.cloudfront.net/0,0/image/53fdd489ff604d7b688b456e.jpg",
  "cardLink": null,
  "videoLink": null,
  "nutrition": [],
  "ingredients": [],
  "allergens": [],
  "utensils": [],
  "tags": [],
  "cuisines": [],
  "wines": [],
  "marketplaceItems": [],
  "author": null,
  "label": null,
  "yieldType": null,
  "yields": [],
  "steps": [],
  "averageRating": 3.2,
  "ratingsCount": 215,
  "favoritesCount": 73,
  "active": true,
  "highlighted": false,
  "isDinnerToLunch": false,
  "isExcludedFromIndex": false,
  "isPremium": false,
  "websiteUrl": "https://www.hellofresh.de/recipes/gemuse-basmatireis-eintopf-in-cremiger-roter-curry-sosze-53fdd489ff604d7b688b456e",
  "clonedFrom": null,
  "canonical": null,
  "canonicalLink": null
}
