[
  {
    "value": "Weizen",
    "synonyms": [
      "Weizen",
      "gluten"
    ]
  },
  {
    "value": "kann Spuren von Allergenen enthalten",
    "synonyms": [
      "kann Spuren von Allergenen enthalten",
      "maycontaintracesofallergens"
    ]
  },
  {
    "value": "Milch",
    "synonyms": [
      "Milch",
      "milk",
      "Laktose"
    ]
  },
  {
    "value": "Senf",
    "synonyms": [
      "Senf",
      "mustard"
    ]
  },
  {
    "value": "Ei",
    "synonyms": [
      "Ei",
      "egg"
    ]
  },
  {
    "value": "Sesam",
    "synonyms": [
      "Sesam",
      "sesame"
    ]
  },
  {
    "value": "Erdnüsse",
    "synonyms": [
      "Erdnüsse",
      "peanuts"
    ]
  },
  {
    "value": "Schalenfrüchte",
    "synonyms": [
      "Schalenfrüchte",
      "nuts"
    ]
  },
  {
    "value": "Schwefel",
    "synonyms": [
      "Schwefel",
      "sulphites"
    ]
  },
  {
    "value": "Soja",
    "synonyms": [
      "Soja",
      "soya"
    ]
  },
  {
    "value": "Fisch",
    "synonyms": [
      "Fisch",
      "fish"
    ]
  },
  {
    "value": "Sellerie",
    "synonyms": [
      "Sellerie",
      "celery"
    ]
  },
  {
    "value": "Krustentiere",
    "synonyms": [
      "Krustentiere",
      "crustaceans"
    ]
  },
  {
    "value": "Seafood/Fruit de Mer",
    "synonyms": [
      "Seafood/Fruit de Mer",
      "seafood"
    ]
  }
]