[
  {
    "value": "Arborio-Reis",
    "synonyms": [
      "Arborio-Reis"
    ]
  },
  {
    "value": "Arabisches Fladenbrot",
    "synonyms": [
      "Arabisches Fladenbrot"
    ]
  },
  {
    "value": "Apfelessig",
    "synonyms": [
      "Apfelessig"
    ]
  },
  {
    "value": "Aubergine",
    "synonyms": [
      "Aubergine"
    ]
  },
  {
    "value": "Naan-Brot",
    "synonyms": [
      "Naan-Brot"
    ]
  },
  {
    "value": "Putenbrust",
    "synonyms": [
      "Putenbrust"
    ]
  },
  {
    "value": "Ingwer",
    "synonyms": [
      "Ingwer"
    ]
  },
  {
    "value": "Knoblauch",
    "synonyms": [
      "Knoblauch"
    ]
  },
  {
    "value": "Zitrone",
    "synonyms": [
      "Zitrone"
    ]
  },
  {
    "value": "Chilipulver",
    "synonyms": [
      "Chilipulver"
    ]
  },
  {
    "value": "Kokosraspeln",
    "synonyms": [
      "Kokosraspeln"
    ]
  },
  {
    "value": "grüne Paprika",
    "synonyms": [
      "grüne Paprika"
    ]
  },
  {
    "value": "Zwiebel",
    "synonyms": [
      "Zwiebel"
    ]
  },
  {
    "value": "Chili",
    "synonyms": [
      "Chili"
    ]
  },
  {
    "value": "Koriander",
    "synonyms": [
      "Koriander"
    ]
  },
  {
    "value": "Kurkuma",
    "synonyms": [
      "Kurkuma"
    ]
  },
  {
    "value": "Sahne",
    "synonyms": [
      "Sahne"
    ]
  },
  {
    "value": "Öl",
    "synonyms": [
      "Öl*",
      "Öl"
    ]
  },
  {
    "value": "Hühnerbrühe",
    "synonyms": [
      "Hühnerbrühe*",
      "Hühnerbrühe"
    ]
  },
  {
    "value": "Salz",
    "synonyms": [
      "Salz*",
      "Salz"
    ]
  },
  {
    "value": "Pfeffer",
    "synonyms": [
      "Pfeffer*",
      "Pfeffer"
    ]
  },
  {
    "value": "Pecorino D.O.P.",
    "synonyms": [
      "Pecorino D.O.P."
    ]
  },
  {
    "value": "Kokosmilch",
    "synonyms": [
      "Kokosmilch"
    ]
  },
  {
    "value": "Basmatireis",
    "synonyms": [
      "Basmatireis"
    ]
  },
  {
    "value": "Garam Masala",
    "synonyms": [
      "Garam Masala"
    ]
  },
  {
    "value": "Tomate",
    "synonyms": [
      "Tomate"
    ]
  },
  {
    "value": "Joghurt",
    "synonyms": [
      "Joghurt"
    ]
  },
  {
    "value": "Schweinefilet",
    "synonyms": [
      "Schweinefilet"
    ]
  },
  {
    "value": "rote Zwiebel",
    "synonyms": [
      "rote Zwiebel"
    ]
  },
  {
    "value": "roter Chili",
    "synonyms": [
      "roter Chili"
    ]
  },
  {
    "value": "rote Paprika",
    "synonyms": [
      "rote Paprika"
    ]
  },
  {
    "value": "Limette",
    "synonyms": [
      "Limette"
    ]
  },
  {
    "value": "Salatherz",
    "synonyms": [
      "Salatherz"
    ]
  },
  {
    "value": "Avocado",
    "synonyms": [
      "Avocado"
    ]
  },
  {
    "value": "Kreuzkümmel, gemahlen",
    "synonyms": [
      "Kreuzkümmel, gemahlen"
    ]
  },
  {
    "value": "Wraps",
    "synonyms": [
      "Wraps"
    ]
  },
  {
    "value": "Olivenöl",
    "synonyms": [
      "Olivenöl*",
      "Olivenöl"
    ]
  },
  {
    "value": "Bandnudeln",
    "synonyms": [
      "Bandnudeln"
    ]
  },
  {
    "value": "braune Champignons",
    "synonyms": [
      "braune Champignons"
    ]
  },
  {
    "value": "Knoblauchzehe",
    "synonyms": [
      "Knoblauchzehe"
    ]
  },
  {
    "value": "Thymian",
    "synonyms": [
      "Thymian"
    ]
  },
  {
    "value": "Petersilie",
    "synonyms": [
      "Petersilie"
    ]
  },
  {
    "value": "Schalotte",
    "synonyms": [
      "Schalotte"
    ]
  },
  {
    "value": "Schnittlauch",
    "synonyms": [
      "Schnittlauch"
    ]
  },
  {
    "value": "Kirschtomaten",
    "synonyms": [
      "Kirschtomaten"
    ]
  },
  {
    "value": "getrocknete Tomaten",
    "synonyms": [
      "getrocknete Tomaten"
    ]
  },
  {
    "value": "geriebener Cheddar",
    "synonyms": [
      "geriebener Cheddar"
    ]
  },
  {
    "value": "Frischkäse",
    "synonyms": [
      "Frischkäse"
    ]
  },
  {
    "value": "körniger Senf",
    "synonyms": [
      "körniger Senf"
    ]
  },
  {
    "value": "Butter",
    "synonyms": [
      "Butter*"
    ]
  },
  {
    "value": "gelbe Paprika",
    "synonyms": [
      "gelbe Paprika"
    ]
  },
  {
    "value": "Couscous",
    "synonyms": [
      "Couscous"
    ]
  },
  {
    "value": "Bratwürstchen",
    "synonyms": [
      "Bratwürstchen"
    ]
  },
  {
    "value": "Tomatenmark",
    "synonyms": [
      "Tomatenmark"
    ]
  },
  {
    "value": "Chiliflocken",
    "synonyms": [
      "Chiliflocken"
    ]
  },
  {
    "value": "Geflügelbrühe",
    "synonyms": [
      "Geflügelbrühe"
    ]
  },
  {
    "value": "Zucker",
    "synonyms": [
      "Zucker*"
    ]
  },
  {
    "value": "Schaschlikspieße",
    "synonyms": [
      "Schaschlikspieße"
    ]
  },
  {
    "value": "Hähnchenbrust",
    "synonyms": [
      "Hähnchenbrust"
    ]
  },
  {
    "value": "Karotte",
    "synonyms": [
      "Karotte"
    ]
  },
  {
    "value": "Cranberrys",
    "synonyms": [
      "Cranberrys"
    ]
  },
  {
    "value": "Gewürzmischung \"Linsen-Suppe\"",
    "synonyms": [
      "Gewürzmischung \"Linsen-Suppe\""
    ]
  },
  {
    "value": "Ei",
    "synonyms": [
      "Ei*"
    ]
  },
  {
    "value": "Frische Gnocchi",
    "synonyms": [
      "Frische Gnocchi"
    ]
  },
  {
    "value": "Mozzarella",
    "synonyms": [
      "Mozzarella"
    ]
  },
  {
    "value": "Basilikum",
    "synonyms": [
      "Basilikum"
    ]
  },
  {
    "value": "bunte Kirschtomaten",
    "synonyms": [
      "bunte Kirschtomaten"
    ]
  },
  {
    "value": "frischer Majoran",
    "synonyms": [
      "frischer Majoran"
    ]
  },
  {
    "value": "Italienische Kräutermischung",
    "synonyms": [
      "Italienische Kräutermischung"
    ]
  },
  {
    "value": "stückige Tomaten",
    "synonyms": [
      "stückige Tomaten"
    ]
  },
  {
    "value": "Hartkäse ital. Art",
    "synonyms": [
      "Hartkäse ital. Art"
    ]
  },
  {
    "value": "Rinderhüftsteak",
    "synonyms": [
      "Rinderhüftsteak"
    ]
  },
  {
    "value": "Topinambur",
    "synonyms": [
      "Topinambur"
    ]
  },
  {
    "value": "Rosmarin",
    "synonyms": [
      "Rosmarin"
    ]
  },
  {
    "value": "Lauch",
    "synonyms": [
      "Lauch"
    ]
  },
  {
    "value": "Brühe",
    "synonyms": [
      "Brühe"
    ]
  },
  {
    "value": "Pfefferkörner",
    "synonyms": [
      "Pfefferkörner"
    ]
  },
  {
    "value": "Crème fraîche",
    "synonyms": [
      "Crème fraîche"
    ]
  },
  {
    "value": "Mehl",
    "synonyms": [
      "Mehl*"
    ]
  },
  {
    "value": "Zitronenpfeffer",
    "synonyms": [
      "Zitronenpfeffer"
    ]
  },
  {
    "value": "Hähnchenoberkeule",
    "synonyms": [
      "Hähnchenoberkeule"
    ]
  },
  {
    "value": "Brokkoli",
    "synonyms": [
      "Brokkoli"
    ]
  },
  {
    "value": "Sesam",
    "synonyms": [
      "Sesam"
    ]
  },
  {
    "value": "Erdnussbutter",
    "synonyms": [
      "Erdnussbutter"
    ]
  },
  {
    "value": "lila Karotte",
    "synonyms": [
      "lila Karotte"
    ]
  },
  {
    "value": "Zucchini",
    "synonyms": [
      "Zucchini"
    ]
  },
  {
    "value": "Quicheteig",
    "synonyms": [
      "Quicheteig"
    ]
  },
  {
    "value": "Eier",
    "synonyms": [
      "Eier"
    ]
  },
  {
    "value": "Walnüsse",
    "synonyms": [
      "Walnüsse"
    ]
  },
  {
    "value": "Rucola",
    "synonyms": [
      "Rucola"
    ]
  },
  {
    "value": "Apfel",
    "synonyms": [
      "Apfel"
    ]
  },
  {
    "value": "Essig",
    "synonyms": [
      "Essig*"
    ]
  },
  {
    "value": "Kochsahne",
    "synonyms": [
      "Kochsahne"
    ]
  },
  {
    "value": "Schnupfnudeln",
    "synonyms": [
      "Schnupfnudeln"
    ]
  },
  {
    "value": "Sauerkraut",
    "synonyms": [
      "Sauerkraut"
    ]
  },
  {
    "value": "Speckwürfel",
    "synonyms": [
      "Speckwürfel"
    ]
  },
  {
    "value": "geriebene Muskatnuss",
    "synonyms": [
      "geriebene Muskatnuss"
    ]
  },
  {
    "value": "Jasminreis",
    "synonyms": [
      "Jasminreis"
    ]
  },
  {
    "value": "Chinakohl",
    "synonyms": [
      "Chinakohl"
    ]
  },
  {
    "value": "Frühlingszwiebel",
    "synonyms": [
      "Frühlingszwiebel"
    ]
  },
  {
    "value": "Tofu",
    "synonyms": [
      "Tofu"
    ]
  },
  {
    "value": "Cashewkerne",
    "synonyms": [
      "Cashewkerne"
    ]
  },
  {
    "value": "Sojasoße",
    "synonyms": [
      "Sojasoße"
    ]
  },
  {
    "value": "Honig",
    "synonyms": [
      "Honig*"
    ]
  },
  {
    "value": "Wasser",
    "synonyms": [
      "Wasser*"
    ]
  },
  {
    "value": "frischer Oregano",
    "synonyms": [
      "frischer Oregano"
    ]
  },
  {
    "value": "Soja-Sahne",
    "synonyms": [
      "Soja-Sahne"
    ]
  },
  {
    "value": "Madras Curry",
    "synonyms": [
      "Madras Curry"
    ]
  },
  {
    "value": "geriebener Käse",
    "synonyms": [
      "geriebener Käse"
    ]
  },
  {
    "value": "Orange",
    "synonyms": [
      "Orange"
    ]
  },
  {
    "value": "Haselnüsse",
    "synonyms": [
      "Haselnüsse"
    ]
  },
  {
    "value": "Salatmischung",
    "synonyms": [
      "Salatmischung"
    ]
  },
  {
    "value": "Sprossenmischung",
    "synonyms": [
      "Sprossenmischung"
    ]
  },
  {
    "value": "Baguette",
    "synonyms": [
      "Baguette"
    ]
  },
  {
    "value": "Kidneybohnen",
    "synonyms": [
      "Kidneybohnen"
    ]
  },
  {
    "value": "gemahlener Kumin",
    "synonyms": [
      "gemahlener Kumin"
    ]
  },
  {
    "value": "Wildkräuter",
    "synonyms": [
      "Wildkräuter"
    ]
  },
  {
    "value": "Semmelbrösel",
    "synonyms": [
      "Semmelbrösel"
    ]
  },
  {
    "value": "geriebener Hartkäse",
    "synonyms": [
      "geriebener Hartkäse"
    ]
  },
  {
    "value": "Milch",
    "synonyms": [
      "Milch*"
    ]
  },
  {
    "value": "Schinkenspeck",
    "synonyms": [
      "Schinkenspeck"
    ]
  },
  {
    "value": "Wirsing",
    "synonyms": [
      "Wirsing"
    ]
  },
  {
    "value": "Rosmarin Zweig",
    "synonyms": [
      "Rosmarin Zweig"
    ]
  },
  {
    "value": "Spätzle",
    "synonyms": [
      "Spätzle"
    ]
  },
  {
    "value": "Spaghetti",
    "synonyms": [
      "Spaghetti"
    ]
  },
  {
    "value": "Gemüsebrühe",
    "synonyms": [
      "Gemüsebrühe*"
    ]
  },
  {
    "value": "Fladenbrot",
    "synonyms": [
      "Fladenbrot"
    ]
  },
  {
    "value": "Grillkäse",
    "synonyms": [
      "Grillkäse"
    ]
  },
  {
    "value": "Sahnekefir",
    "synonyms": [
      "Sahnekefir"
    ]
  },
  {
    "value": "Süßkartoffel",
    "synonyms": [
      "Süßkartoffel"
    ]
  },
  {
    "value": "Rinderbrühe",
    "synonyms": [
      "Rinderbrühe*"
    ]
  },
  {
    "value": "Geflügelwürste",
    "synonyms": [
      "Geflügelwürste"
    ]
  },
  {
    "value": "Gerstoni",
    "synonyms": [
      "Gerstoni"
    ]
  },
  {
    "value": "Granatapfel",
    "synonyms": [
      "Granatapfel"
    ]
  },
  {
    "value": "Chilischote",
    "synonyms": [
      "Chilischote"
    ]
  },
  {
    "value": "Minze",
    "synonyms": [
      "Minze"
    ]
  },
  {
    "value": "Feta",
    "synonyms": [
      "Feta"
    ]
  },
  {
    "value": "Mandeln",
    "synonyms": [
      "Mandeln"
    ]
  },
  {
    "value": "Parmesan D.O.P.",
    "synonyms": [
      "Parmesan D.O.P."
    ]
  },
  {
    "value": "Spinat",
    "synonyms": [
      "Spinat"
    ]
  },
  {
    "value": "Rote Linsen",
    "synonyms": [
      "Rote Linsen"
    ]
  },
  {
    "value": "Pita-Brote",
    "synonyms": [
      "Pita-Brote"
    ]
  },
  {
    "value": "Tomatenpolpa",
    "synonyms": [
      "Tomatenpolpa"
    ]
  },
  {
    "value": "Rosinen",
    "synonyms": [
      "Rosinen"
    ]
  },
  {
    "value": "Ricotta",
    "synonyms": [
      "Ricotta"
    ]
  },
  {
    "value": "Chicorée",
    "synonyms": [
      "Chicorée"
    ]
  },
  {
    "value": "Bacon",
    "synonyms": [
      "Bacon"
    ]
  },
  {
    "value": "Holzspieße",
    "synonyms": [
      "Holzspieße"
    ]
  },
  {
    "value": "grüne Bohnen",
    "synonyms": [
      "grüne Bohnen"
    ]
  },
  {
    "value": "Sweet-Chili-Soße",
    "synonyms": [
      "Sweet-Chili-Soße"
    ]
  },
  {
    "value": "Porree",
    "synonyms": [
      "Porree"
    ]
  },
  {
    "value": "Petersilienwurzeln",
    "synonyms": [
      "Petersilienwurzeln"
    ]
  },
  {
    "value": "Kürbiskerne",
    "synonyms": [
      "Kürbiskerne"
    ]
  },
  {
    "value": "Steinofenbaguette",
    "synonyms": [
      "Steinofenbaguette"
    ]
  },
  {
    "value": "Senf",
    "synonyms": [
      "Senf"
    ]
  },
  {
    "value": "Kerbel",
    "synonyms": [
      "Kerbel"
    ]
  },
  {
    "value": "Käse-Tortelini",
    "synonyms": [
      "Käse-Tortelini"
    ]
  },
  {
    "value": "Dill",
    "synonyms": [
      "Dill"
    ]
  },
  {
    "value": "Stremellachs",
    "synonyms": [
      "Stremellachs"
    ]
  },
  {
    "value": "Pizzateig",
    "synonyms": [
      "Pizzateig"
    ]
  },
  {
    "value": "Biriyani-Gewürzmischung",
    "synonyms": [
      "Biriyani-Gewürzmischung"
    ]
  },
  {
    "value": "Lorbeerblatt",
    "synonyms": [
      "Lorbeerblatt"
    ]
  },
  {
    "value": "grüner Chili",
    "synonyms": [
      "grüner Chili"
    ]
  },
  {
    "value": "Gurke",
    "synonyms": [
      "Gurke"
    ]
  },
  {
    "value": "Gratinkäse",
    "synonyms": [
      "Gratinkäse"
    ]
  },
  {
    "value": "Dressing",
    "synonyms": [
      "Dressing"
    ]
  },
  {
    "value": "Kochbanane",
    "synonyms": [
      "Kochbanane"
    ]
  },
  {
    "value": "Schmand",
    "synonyms": [
      "Schmand"
    ]
  },
  {
    "value": "Schweineschnitzel",
    "synonyms": [
      "Schweineschnitzel"
    ]
  },
  {
    "value": "Zuckermais",
    "synonyms": [
      "Zuckermais"
    ]
  },
  {
    "value": "Weizentortillas",
    "synonyms": [
      "Weizentortillas"
    ]
  },
  {
    "value": "Pinienkerne",
    "synonyms": [
      "Pinienkerne"
    ]
  },
  {
    "value": "Lasagneplatten",
    "synonyms": [
      "Lasagneplatten"
    ]
  },
  {
    "value": "Chorizo",
    "synonyms": [
      "Chorizo"
    ]
  },
  {
    "value": "Risottoreis",
    "synonyms": [
      "Risottoreis"
    ]
  },
  {
    "value": "Quinoa",
    "synonyms": [
      "Quinoa"
    ]
  },
  {
    "value": "Blattsalat",
    "synonyms": [
      "Blattsalat"
    ]
  },
  {
    "value": "Puy Linsen",
    "synonyms": [
      "Puy Linsen"
    ]
  },
  {
    "value": "Kichererbsen",
    "synonyms": [
      "Kichererbsen"
    ]
  },
  {
    "value": "Mini-Fladenbrot",
    "synonyms": [
      "Mini-Fladenbrot"
    ]
  },
  {
    "value": "Lotuswurzel",
    "synonyms": [
      "Lotuswurzel"
    ]
  },
  {
    "value": "Vermicelli",
    "synonyms": [
      "Vermicelli"
    ]
  },
  {
    "value": "Ciabatta",
    "synonyms": [
      "Ciabatta"
    ]
  },
  {
    "value": "Mango",
    "synonyms": [
      "Mango"
    ]
  },
  {
    "value": "Salbei",
    "synonyms": [
      "Salbei"
    ]
  },
  {
    "value": "Muskatnuss, gemahlen",
    "synonyms": [
      "Muskatnuss, gemahlen"
    ]
  },
  {
    "value": "Hartweizengrieß",
    "synonyms": [
      "Hartweizengrieß"
    ]
  },
  {
    "value": "Risoni",
    "synonyms": [
      "Risoni"
    ]
  },
  {
    "value": "Schweinenacken",
    "synonyms": [
      "Schweinenacken"
    ]
  },
  {
    "value": "Kaffirlimettenblätter",
    "synonyms": [
      "Kaffirlimettenblätter"
    ]
  },
  {
    "value": "Raclette-Käse",
    "synonyms": [
      "Raclette-Käse"
    ]
  },
  {
    "value": "kleine Gewürzgurke",
    "synonyms": [
      "kleine Gewürzgurke"
    ]
  },
  {
    "value": "Perlgraupen",
    "synonyms": [
      "Perlgraupen"
    ]
  },
  {
    "value": "Staudensellerie",
    "synonyms": [
      "Staudensellerie"
    ]
  },
  {
    "value": "weiße Riesenbohnen",
    "synonyms": [
      "weiße Riesenbohnen"
    ]
  },
  {
    "value": "Estragon",
    "synonyms": [
      "Estragon"
    ]
  },
  {
    "value": "passierte Tomaten",
    "synonyms": [
      "passierte Tomaten"
    ]
  },
  {
    "value": "Mandelblättchen",
    "synonyms": [
      "Mandelblättchen"
    ]
  },
  {
    "value": "Paniermehl",
    "synonyms": [
      "Paniermehl"
    ]
  },
  {
    "value": "Preiselbeeren",
    "synonyms": [
      "Preiselbeeren"
    ]
  },
  {
    "value": "Fiorelli",
    "synonyms": [
      "Fiorelli"
    ]
  },
  {
    "value": "Spätzle, classic",
    "synonyms": [
      "Spätzle, classic"
    ]
  },
  {
    "value": "Birne",
    "synonyms": [
      "Birne"
    ]
  },
  {
    "value": "Sonnenblumenkerne",
    "synonyms": [
      "Sonnenblumenkerne"
    ]
  },
  {
    "value": "rote Kartoffeln",
    "synonyms": [
      "rote Kartoffeln"
    ]
  },
  {
    "value": "Meerrettich",
    "synonyms": [
      "Meerrettich"
    ]
  },
  {
    "value": "Magerquark",
    "synonyms": [
      "Magerquark"
    ]
  },
  {
    "value": "Räucherlachs",
    "synonyms": [
      "Räucherlachs"
    ]
  },
  {
    "value": "Brot",
    "synonyms": [
      "Brot"
    ]
  },
  {
    "value": "gelbe Currypaste",
    "synonyms": [
      "gelbe Currypaste"
    ]
  },
  {
    "value": "Thai-Basilikum",
    "synonyms": [
      "Thai-Basilikum"
    ]
  },
  {
    "value": "Filoteig",
    "synonyms": [
      "Filoteig"
    ]
  },
  {
    "value": "Paprikapulver edelsüß",
    "synonyms": [
      "Paprikapulver edelsüß"
    ]
  },
  {
    "value": "Schwarzkümmel",
    "synonyms": [
      "Schwarzkümmel"
    ]
  },
  {
    "value": "Mie-Nudeln",
    "synonyms": [
      "Mie-Nudeln"
    ]
  },
  {
    "value": "Vitelotte Kartoffeln",
    "synonyms": [
      "Vitelotte Kartoffeln"
    ]
  },
  {
    "value": "Zuckerschoten",
    "synonyms": [
      "Zuckerschoten"
    ]
  },
  {
    "value": "Bärlauch",
    "synonyms": [
      "Bärlauch"
    ]
  },
  {
    "value": "Krakauer",
    "synonyms": [
      "Krakauer"
    ]
  },
  {
    "value": "Pak Choi",
    "synonyms": [
      "Pak Choi"
    ]
  },
  {
    "value": "Radicchio",
    "synonyms": [
      "Radicchio"
    ]
  },
  {
    "value": "Fenchelknolle",
    "synonyms": [
      "Fenchelknolle"
    ]
  },
  {
    "value": "Dijon Senf",
    "synonyms": [
      "Dijon Senf"
    ]
  },
  {
    "value": "Tahini-Paste",
    "synonyms": [
      "Tahini-Paste"
    ]
  },
  {
    "value": "Schnitzel",
    "synonyms": [
      "Schnitzel"
    ]
  },
  {
    "value": "Maishähnchenbrust",
    "synonyms": [
      "Maishähnchenbrust"
    ]
  },
  {
    "value": "getrocknete Cranberrys",
    "synonyms": [
      "getrocknete Cranberrys"
    ]
  },
  {
    "value": "Fleischtomate",
    "synonyms": [
      "Fleischtomate"
    ]
  },
  {
    "value": "Kreuzkümmel, ganz",
    "synonyms": [
      "Kreuzkümmel, ganz"
    ]
  },
  {
    "value": "Sahnejoghurt",
    "synonyms": [
      "Sahnejoghurt"
    ]
  },
  {
    "value": "Erbsen",
    "synonyms": [
      "Erbsen"
    ]
  },
  {
    "value": "Radieschen",
    "synonyms": [
      "Radieschen"
    ]
  },
  {
    "value": "Brunnenkresse",
    "synonyms": [
      "Brunnenkresse"
    ]
  },
  {
    "value": "Grillwürstchen",
    "synonyms": [
      "Grillwürstchen"
    ]
  },
  {
    "value": "Blumenkohl",
    "synonyms": [
      "Blumenkohl"
    ]
  },
  {
    "value": "weiße Bohnen",
    "synonyms": [
      "weiße Bohnen"
    ]
  },
  {
    "value": "Postelein / Portulak",
    "synonyms": [
      "Postelein / Portulak"
    ]
  },
  {
    "value": "Schweinefleisch",
    "synonyms": [
      "Schweinefleisch"
    ]
  },
  {
    "value": "Muskatnuss",
    "synonyms": [
      "Muskatnuss"
    ]
  },
  {
    "value": "Laugenstange",
    "synonyms": [
      "Laugenstange"
    ]
  },
  {
    "value": "Kürbiskernöl",
    "synonyms": [
      "Kürbiskernöl"
    ]
  },
  {
    "value": "Bulgur",
    "synonyms": [
      "Bulgur"
    ]
  },
  {
    "value": "rote Spitzenpaprika",
    "synonyms": [
      "rote Spitzenpaprika"
    ]
  },
  {
    "value": "Trakaya-Hirtenkäse",
    "synonyms": [
      "Trakaya-Hirtenkäse"
    ]
  },
  {
    "value": "Vollkorntoast",
    "synonyms": [
      "Vollkorntoast"
    ]
  },
  {
    "value": "Ras el Hanout",
    "synonyms": [
      "Ras el Hanout"
    ]
  },
  {
    "value": "Mayonnaise",
    "synonyms": [
      "Mayonnaise"
    ]
  },
  {
    "value": "Cajun, Gewürzmischung",
    "synonyms": [
      "Cajun, Gewürzmischung"
    ]
  },
  {
    "value": "Leberkäse",
    "synonyms": [
      "Leberkäse"
    ]
  },
  {
    "value": "Große Tomate",
    "synonyms": [
      "Große Tomate"
    ]
  },
  {
    "value": "gerebelter Oregano",
    "synonyms": [
      "gerebelter Oregano"
    ]
  },
  {
    "value": "Kapern",
    "synonyms": [
      "Kapern"
    ]
  },
  {
    "value": "Tortiglioni",
    "synonyms": [
      "Tortiglioni"
    ]
  },
  {
    "value": "Linsen",
    "synonyms": [
      "Linsen"
    ]
  },
  {
    "value": "Gewürzmischung \"Tandoori\"",
    "synonyms": [
      "Gewürzmischung \"Tandoori\""
    ]
  },
  {
    "value": "Feldsalat",
    "synonyms": [
      "Feldsalat"
    ]
  },
  {
    "value": "rote Bete",
    "synonyms": [
      "rote Bete"
    ]
  },
  {
    "value": "Passionsfrucht",
    "synonyms": [
      "Passionsfrucht"
    ]
  },
  {
    "value": "Gewürzmischung \"Kräuter der Provence\"",
    "synonyms": [
      "Gewürzmischung \"Kräuter der Provence\""
    ]
  },
  {
    "value": "schwarze Bohnen",
    "synonyms": [
      "schwarze Bohnen"
    ]
  },
  {
    "value": "milde Chiliflocken",
    "synonyms": [
      "milde Chiliflocken"
    ]
  },
  {
    "value": "Brokkolini",
    "synonyms": [
      "Brokkolini (Bimi)"
    ]
  },
  {
    "value": "Mascarpone",
    "synonyms": [
      "Mascarpone"
    ]
  },
  {
    "value": "Romanesco",
    "synonyms": [
      "Romanesco"
    ]
  },
  {
    "value": "rote Kresse",
    "synonyms": [
      "rote Kresse"
    ]
  },
  {
    "value": "Tortilla Chips",
    "synonyms": [
      "Tortilla Chips"
    ]
  },
  {
    "value": "Szechuan Paste",
    "synonyms": [
      "Szechuan Paste"
    ]
  },
  {
    "value": "Cujan-Gewürzmischung",
    "synonyms": [
      "Cujan-Gewürzmischung"
    ]
  },
  {
    "value": "Salatkopf",
    "synonyms": [
      "Salatkopf"
    ]
  },
  {
    "value": "Cornflakes",
    "synonyms": [
      "Cornflakes"
    ]
  },
  {
    "value": "Gouda",
    "synonyms": [
      "Gouda"
    ]
  },
  {
    "value": "Grüne Kresse",
    "synonyms": [
      "Grüne Kresse"
    ]
  },
  {
    "value": "Knöpfle",
    "synonyms": [
      "Knöpfle"
    ]
  },
  {
    "value": "Sauerampfer",
    "synonyms": [
      "Sauerampfer"
    ]
  },
  {
    "value": "Currypulver",
    "synonyms": [
      "Currypulver"
    ]
  },
  {
    "value": "Kardamomkapseln",
    "synonyms": [
      "Kardamomkapseln"
    ]
  },
  {
    "value": "Zimtstange",
    "synonyms": [
      "Zimtstange"
    ]
  },
  {
    "value": "Kurkuma-Wurzel",
    "synonyms": [
      "Kurkuma-Wurzel"
    ]
  },
  {
    "value": "Selleriestangen",
    "synonyms": [
      "Selleriestangen"
    ]
  },
  {
    "value": "Pomodori Pelati",
    "synonyms": [
      "Pomodori Pelati"
    ]
  },
  {
    "value": "Löwenzahn",
    "synonyms": [
      "Löwenzahn"
    ]
  },
  {
    "value": "Zahnstocher",
    "synonyms": [
      "Zahnstocher"
    ]
  },
  {
    "value": "Flammkuchenteig",
    "synonyms": [
      "Flammkuchenteig"
    ]
  },
  {
    "value": "Kräuterfrischkäse",
    "synonyms": [
      "Kräuterfrischkäse"
    ]
  },
  {
    "value": "geriebener Mozzarella",
    "synonyms": [
      "geriebener Mozzarella"
    ]
  },
  {
    "value": "Condimento-Bianco-Essig",
    "synonyms": [
      "Condimento-Bianco-Essig"
    ]
  },
  {
    "value": "Fettuccine",
    "synonyms": [
      "Fettuccine"
    ]
  },
  {
    "value": "Erbsenschoten",
    "synonyms": [
      "Erbsenschoten"
    ]
  },
  {
    "value": "Kalbsmaultaschen",
    "synonyms": [
      "Kalbsmaultaschen"
    ]
  },
  {
    "value": "Paneer-Käse",
    "synonyms": [
      "Paneer-Käse"
    ]
  },
  {
    "value": "Zitronenthymian",
    "synonyms": [
      "Zitronenthymian"
    ]
  },
  {
    "value": "SalaRico®",
    "synonyms": [
      "SalaRico®"
    ]
  },
  {
    "value": "Sumach",
    "synonyms": [
      "Sumach"
    ]
  },
  {
    "value": "Paprika, eingelegt",
    "synonyms": [
      "Paprika, eingelegt"
    ]
  },
  {
    "value": "Körniger Frischkäse",
    "synonyms": [
      "Körniger Frischkäse"
    ]
  },
  {
    "value": "Geschwärzte Oliven",
    "synonyms": [
      "Geschwärzte Oliven"
    ]
  },
  {
    "value": "Hähnchenoberschenkel",
    "synonyms": [
      "Hähnchenoberschenkel"
    ]
  },
  {
    "value": "Große Spieße",
    "synonyms": [
      "Große Spieße"
    ]
  },
  {
    "value": "Spargel",
    "synonyms": [
      "Spargel"
    ]
  },
  {
    "value": "Mais-Tortillas",
    "synonyms": [
      "Mais-Tortillas"
    ]
  },
  {
    "value": "Penne",
    "synonyms": [
      "Penne"
    ]
  },
  {
    "value": "Gelbe Kirschtomaten",
    "synonyms": [
      "Gelbe Kirschtomaten"
    ]
  },
  {
    "value": "Thunfisch",
    "synonyms": [
      "Thunfisch"
    ]
  },
  {
    "value": "Ofenkartoffeln",
    "synonyms": [
      "Ofenkartoffeln"
    ]
  },
  {
    "value": "Kopfsalat",
    "synonyms": [
      "Kopfsalat"
    ]
  },
  {
    "value": "gelbe Karotte",
    "synonyms": [
      "gelbe Karotte"
    ]
  },
  {
    "value": "Sojasprossen",
    "synonyms": [
      "Sojasprossen"
    ]
  },
  {
    "value": "Erdnüsse",
    "synonyms": [
      "Erdnüsse"
    ]
  },
  {
    "value": "Sahne-Joghurt",
    "synonyms": [
      "Sahne-Joghurt"
    ]
  },
  {
    "value": "Manti",
    "synonyms": [
      "Manti"
    ]
  },
  {
    "value": "kleine Salatgurke",
    "synonyms": [
      "kleine Salatgurke"
    ]
  },
  {
    "value": "grüner Spargel",
    "synonyms": [
      "grüner Spargel"
    ]
  },
  {
    "value": "Farfalle",
    "synonyms": [
      "Farfalle"
    ]
  },
  {
    "value": "Fajita-Gewürzmischung",
    "synonyms": [
      "Fajita-Gewürzmischung"
    ]
  },
  {
    "value": "Salsiccia",
    "synonyms": [
      "Salsiccia"
    ]
  },
  {
    "value": "Pimientos de Pardon",
    "synonyms": [
      "Pimientos de Pardon"
    ]
  },
  {
    "value": "gemahlene Senfkörner",
    "synonyms": [
      "gemahlene Senfkörner"
    ]
  },
  {
    "value": "Korma-Paste",
    "synonyms": [
      "Korma-Paste"
    ]
  },
  {
    "value": "Blattspinat",
    "synonyms": [
      "Blattspinat"
    ]
  },
  {
    "value": "Maniok",
    "synonyms": [
      "Maniok"
    ]
  },
  {
    "value": "getrockneter Oregano",
    "synonyms": [
      "getrockneter Oregano"
    ]
  },
  {
    "value": "Paprika Antipasti",
    "synonyms": [
      "Paprika Antipasti"
    ]
  },
  {
    "value": "Doppelspitz-Brot",
    "synonyms": [
      "Doppelspitz-Brot"
    ]
  },
  {
    "value": "Orecchiette",
    "synonyms": [
      "Orecchiette"
    ]
  },
  {
    "value": "Pistazien",
    "synonyms": [
      "Pistazien"
    ]
  },
  {
    "value": "Schweinerückensteak",
    "synonyms": [
      "Schweinerückensteak"
    ]
  },
  {
    "value": "getrocknete Pilze",
    "synonyms": [
      "getrocknete Pilze"
    ]
  },
  {
    "value": "Reisnudeln",
    "synonyms": [
      "Reisnudeln"
    ]
  },
  {
    "value": "Panko-Mehl",
    "synonyms": [
      "Panko-Mehl"
    ]
  },
  {
    "value": "Kohlrabi",
    "synonyms": [
      "Kohlrabi"
    ]
  },
  {
    "value": "Mezzelune",
    "synonyms": [
      "Mezzelune"
    ]
  },
  {
    "value": "Quark",
    "synonyms": [
      "Quark"
    ]
  },
  {
    "value": "Kumato",
    "synonyms": [
      "Kumato"
    ]
  },
  {
    "value": "Kumquat",
    "synonyms": [
      "Kumquat"
    ]
  },
  {
    "value": "weiße/ braune Bohnen",
    "synonyms": [
      "weiße/ braune Bohnen"
    ]
  },
  {
    "value": "gelbe Chili",
    "synonyms": [
      "gelbe Chili"
    ]
  },
  {
    "value": "Prinzessbohnen",
    "synonyms": [
      "Prinzessbohnen"
    ]
  },
  {
    "value": "Za\u0027atar",
    "synonyms": [
      "Za\u0027atar"
    ]
  },
  {
    "value": "Brezeln",
    "synonyms": [
      "Brezeln"
    ]
  },
  {
    "value": "Orzo-Nudeln",
    "synonyms": [
      "Orzo-Nudeln"
    ]
  },
  {
    "value": "Zitronengras",
    "synonyms": [
      "Zitronengras"
    ]
  },
  {
    "value": "rote Currypaste",
    "synonyms": [
      "rote Currypaste"
    ]
  },
  {
    "value": "Burgerbrötchen",
    "synonyms": [
      "Burgerbrötchen"
    ]
  },
  {
    "value": "Schweinelachssteaks",
    "synonyms": [
      "Schweinelachssteaks"
    ]
  },
  {
    "value": "TABASCO® Sauce",
    "synonyms": [
      "TABASCO® Sauce"
    ]
  },
  {
    "value": "Stangenbohnen",
    "synonyms": [
      "Stangenbohnen"
    ]
  },
  {
    "value": "Spitzkohl",
    "synonyms": [
      "Spitzkohl"
    ]
  },
  {
    "value": "Graupen",
    "synonyms": [
      "Graupen"
    ]
  },
  {
    "value": "Pancetta",
    "synonyms": [
      "Pancetta"
    ]
  },
  {
    "value": "Tagliatelle",
    "synonyms": [
      "Tagliatelle"
    ]
  },
  {
    "value": "Pilzmischung",
    "synonyms": [
      "Pilzmischung"
    ]
  },
  {
    "value": "Basmati-Wildreis-Mischung",
    "synonyms": [
      "Basmati-Wildreis-Mischung"
    ]
  },
  {
    "value": "Korianderkörner",
    "synonyms": [
      "Korianderkörner"
    ]
  },
  {
    "value": "Rigatoni",
    "synonyms": [
      "Rigatoni"
    ]
  },
  {
    "value": "Kartoffeln",
    "synonyms": [
      "Kartoffeln (Drillinge)"
    ]
  },
  {
    "value": "Ziegenfrischkäserolle",
    "synonyms": [
      "Ziegenfrischkäserolle"
    ]
  },
  {
    "value": "Perlhuhn-Sombreri",
    "synonyms": [
      "Perlhuhn-Sombreri"
    ]
  },
  {
    "value": "Portobello-Pilze",
    "synonyms": [
      "Portobello-Pilze"
    ]
  },
  {
    "value": "Pulled Pork",
    "synonyms": [
      "Pulled Pork"
    ]
  },
  {
    "value": "Schupfnudeln",
    "synonyms": [
      "Schupfnudeln"
    ]
  },
  {
    "value": "Kartoffelstärke",
    "synonyms": [
      "Kartoffelstärke"
    ]
  },
  {
    "value": "Maiskolben",
    "synonyms": [
      "Maiskolben"
    ]
  },
  {
    "value": "Cayennepfeffer",
    "synonyms": [
      "Cayennepfeffer"
    ]
  },
  {
    "value": "Limequat",
    "synonyms": [
      "Limequat"
    ]
  },
  {
    "value": "Kefir",
    "synonyms": [
      "Kefir"
    ]
  },
  {
    "value": "Kalbfleisch",
    "synonyms": [
      "Kalbfleisch"
    ]
  },
  {
    "value": "Halloumi",
    "synonyms": [
      "Halloumi"
    ]
  },
  {
    "value": "Bergkäse",
    "synonyms": [
      "Bergkäse"
    ]
  },
  {
    "value": "Rinderhüfte",
    "synonyms": [
      "Rinderhüfte"
    ]
  },
  {
    "value": "Rahmjoghurt",
    "synonyms": [
      "Rahmjoghurt"
    ]
  },
  {
    "value": "Hähncheninnenfilets",
    "synonyms": [
      "Hähncheninnenfilets"
    ]
  },
  {
    "value": "Pastrami",
    "synonyms": [
      "Pastrami"
    ]
  },
  {
    "value": "getrocknete Aprikosen",
    "synonyms": [
      "getrocknete Aprikosen"
    ]
  },
  {
    "value": "getrocknete Feigen",
    "synonyms": [
      "getrocknete Feigen"
    ]
  },
  {
    "value": "gelbe Zucchini",
    "synonyms": [
      "gelbe Zucchini"
    ]
  },
  {
    "value": "Ricotta-Gnocchi",
    "synonyms": [
      "Ricotta-Gnocchi"
    ]
  },
  {
    "value": "Spiralen-Nudeln",
    "synonyms": [
      "Spiralen-Nudeln"
    ]
  },
  {
    "value": "Quiche-Teig",
    "synonyms": [
      "Quiche-Teig"
    ]
  },
  {
    "value": "Rinderkeulenstreifen",
    "synonyms": [
      "Rinderkeulenstreifen"
    ]
  },
  {
    "value": "Foccacia",
    "synonyms": [
      "Foccacia"
    ]
  },
  {
    "value": "Balsamicoessig",
    "synonyms": [
      "Balsamicoessig*"
    ]
  },
  {
    "value": "Hirtenkäse",
    "synonyms": [
      "Hirtenkäse"
    ]
  },
  {
    "value": "Hoisin-Soße",
    "synonyms": [
      "Hoisin-Soße"
    ]
  },
  {
    "value": "Räuchertofu",
    "synonyms": [
      "Räuchertofu"
    ]
  },
  {
    "value": "Hefeflocken",
    "synonyms": [
      "Hefeflocken"
    ]
  },
  {
    "value": "Sojasahne",
    "synonyms": [
      "Sojasahne"
    ]
  },
  {
    "value": "Drelli-Pasta",
    "synonyms": [
      "Drelli-Pasta"
    ]
  },
  {
    "value": "Bischhofsmützen-(Kürbis-)Antipasti",
    "synonyms": [
      "Bischhofsmützen-(Kürbis-)Antipasti"
    ]
  },
  {
    "value": "Rotweinessig",
    "synonyms": [
      "Rotweinessig"
    ]
  },
  {
    "value": "Leinsamen-Tortillas",
    "synonyms": [
      "Leinsamen-Tortillas"
    ]
  },
  {
    "value": "Eichblattsalat",
    "synonyms": [
      "Eichblattsalat"
    ]
  },
  {
    "value": "Balsamico-Crème",
    "synonyms": [
      "Balsamico-Crème"
    ]
  },
  {
    "value": "Maggikraut",
    "synonyms": [
      "Maggikraut"
    ]
  },
  {
    "value": "Eierspätzle",
    "synonyms": [
      "Eierspätzle"
    ]
  },
  {
    "value": "Rotkohl",
    "synonyms": [
      "Rotkohl"
    ]
  },
  {
    "value": "Grillido-Bratwürste",
    "synonyms": [
      "Grillido-Bratwürste"
    ]
  },
  {
    "value": "Okraschoten",
    "synonyms": [
      "Okraschoten"
    ]
  },
  {
    "value": "Kürbis",
    "synonyms": [
      "Kürbis (Hokkaido)"
    ]
  },
  {
    "value": "Pflaumen",
    "synonyms": [
      "Pflaumen"
    ]
  },
  {
    "value": "frische Pappardelle",
    "synonyms": [
      "frische Pappardelle"
    ]
  },
  {
    "value": "grüne Tomaten",
    "synonyms": [
      "grüne Tomaten"
    ]
  },
  {
    "value": "gemahlener Piment",
    "synonyms": [
      "gemahlener Piment"
    ]
  },
  {
    "value": "Massaman-Curry-Paste",
    "synonyms": [
      "Massaman-Curry-Paste"
    ]
  },
  {
    "value": "Wacholderbeeren",
    "synonyms": [
      "Wacholderbeeren"
    ]
  },
  {
    "value": "Brennnessel",
    "synonyms": [
      "Brennnessel"
    ]
  },
  {
    "value": "Ayran",
    "synonyms": [
      "Ayran"
    ]
  },
  {
    "value": "Butternusskürbis",
    "synonyms": [
      "Butternusskürbis"
    ]
  },
  {
    "value": "Tikka-Masala-Paste",
    "synonyms": [
      "Tikka-Masala-Paste"
    ]
  },
  {
    "value": "gemahlene Mandeln",
    "synonyms": [
      "gemahlene Mandeln"
    ]
  },
  {
    "value": "Suppengrün",
    "synonyms": [
      "Suppengrün"
    ]
  },
  {
    "value": "Meersalz",
    "synonyms": [
      "Meersalz"
    ]
  },
  {
    "value": "frische Spaghetti",
    "synonyms": [
      "frische Spaghetti"
    ]
  },
  {
    "value": "Tandoori-Paste",
    "synonyms": [
      "Tandoori-Paste"
    ]
  },
  {
    "value": "Grüne Linsen",
    "synonyms": [
      "Grüne Linsen"
    ]
  },
  {
    "value": "Reis-Mischung",
    "synonyms": [
      "Reis-Mischung"
    ]
  },
  {
    "value": "Pastinake",
    "synonyms": [
      "Pastinake"
    ]
  },
  {
    "value": "frische Erbsen",
    "synonyms": [
      "frische Erbsen"
    ]
  },
  {
    "value": "rosa Pfefferkörner",
    "synonyms": [
      "rosa Pfefferkörner"
    ]
  },
  {
    "value": "Kürbisgnocchi",
    "synonyms": [
      "Kürbisgnocchi"
    ]
  },
  {
    "value": "Zitronenmelisse",
    "synonyms": [
      "Zitronenmelisse"
    ]
  },
  {
    "value": "Zuckermais",
    "synonyms": [
      "Zuckermais (Dose)"
    ]
  },
  {
    "value": "griechischer Joghurt",
    "synonyms": [
      "griechischer Joghurt"
    ]
  },
  {
    "value": "Schweinbauch",
    "synonyms": [
      "Schweinbauch"
    ]
  },
  {
    "value": "Sonnenweizen",
    "synonyms": [
      "Sonnenweizen"
    ]
  },
  {
    "value": "Vollkornspaghetti",
    "synonyms": [
      "Vollkornspaghetti"
    ]
  },
  {
    "value": "Ciabattabrötchen",
    "synonyms": [
      "Ciabattabrötchen"
    ]
  },
  {
    "value": "Tortellini",
    "synonyms": [
      "Tortellini"
    ]
  },
  {
    "value": "Dukkah-Gewürzmischung",
    "synonyms": [
      "Dukkah-Gewürzmischung"
    ]
  },
  {
    "value": "Makkaroni",
    "synonyms": [
      "Makkaroni"
    ]
  },
  {
    "value": "Harissa",
    "synonyms": [
      "Harissa"
    ]
  },
  {
    "value": "Shiso-Kresse",
    "synonyms": [
      "Shiso-Kresse"
    ]
  },
  {
    "value": "Triangoli",
    "synonyms": [
      "Triangoli"
    ]
  },
  {
    "value": "Weißkohl",
    "synonyms": [
      "Weißkohl"
    ]
  },
  {
    "value": "Weißbrot",
    "synonyms": [
      "Weißbrot"
    ]
  },
  {
    "value": "Ketchup",
    "synonyms": [
      "Ketchup"
    ]
  },
  {
    "value": "Putenbrust-Aufschnitt",
    "synonyms": [
      "Putenbrust-Aufschnitt"
    ]
  },
  {
    "value": "Emmentaler",
    "synonyms": [
      "Emmentaler"
    ]
  },
  {
    "value": "Gewürzmischung \"Cafè de Paris\"",
    "synonyms": [
      "Gewürzmischung \"Cafè de Paris\""
    ]
  },
  {
    "value": "Pumpernickel",
    "synonyms": [
      "Pumpernickel"
    ]
  },
  {
    "value": "geröstete Erdnüsse",
    "synonyms": [
      "geröstete Erdnüsse"
    ]
  },
  {
    "value": "Shiitake-Pilze",
    "synonyms": [
      "Shiitake-Pilze"
    ]
  },
  {
    "value": "Udon-Nudeln",
    "synonyms": [
      "Udon-Nudeln"
    ]
  },
  {
    "value": "Sesamöl",
    "synonyms": [
      "Sesamöl"
    ]
  },
  {
    "value": "Paprikapulver, scharf",
    "synonyms": [
      "Paprikapulver, scharf"
    ]
  },
  {
    "value": "Langkornreis",
    "synonyms": [
      "Langkornreis"
    ]
  },
  {
    "value": "Schwarzwurzeln",
    "synonyms": [
      "Schwarzwurzeln"
    ]
  },
  {
    "value": "Hähnchenkeulenragout",
    "synonyms": [
      "Hähnchenkeulenragout"
    ]
  },
  {
    "value": "Trofie-Pasta",
    "synonyms": [
      "Trofie-Pasta"
    ]
  },
  {
    "value": "Karottengrün",
    "synonyms": [
      "Karottengrün"
    ]
  },
  {
    "value": "Grünkohl",
    "synonyms": [
      "Grünkohl"
    ]
  },
  {
    "value": "Vegankebab-Döner",
    "synonyms": [
      "Vegankebab-Döner"
    ]
  },
  {
    "value": "Orangenmarmelade",
    "synonyms": [
      "Orangenmarmelade"
    ]
  },
  {
    "value": "Lachsfilet",
    "synonyms": [
      "Lachsfilet"
    ]
  },
  {
    "value": "Mehrkornbaguette",
    "synonyms": [
      "Mehrkornbaguette"
    ]
  },
  {
    "value": "Putenschnitzel",
    "synonyms": [
      "Putenschnitzel"
    ]
  },
  {
    "value": "Blätterteig",
    "synonyms": [
      "Blätterteig"
    ]
  },
  {
    "value": "Curry-Blätter",
    "synonyms": [
      "Curry-Blätter"
    ]
  },
  {
    "value": "Prosciutto",
    "synonyms": [
      "Prosciutto"
    ]
  },
  {
    "value": "Schweinelachs",
    "synonyms": [
      "Schweinelachs"
    ]
  },
  {
    "value": "Camembert",
    "synonyms": [
      "Camembert"
    ]
  },
  {
    "value": "gewürfelter Bacon",
    "synonyms": [
      "gewürfelter Bacon"
    ]
  },
  {
    "value": "Maronen",
    "synonyms": [
      "Maronen"
    ]
  },
  {
    "value": "Wildkräutersalat",
    "synonyms": [
      "Wildkräutersalat"
    ]
  },
  {
    "value": "Drachenfrucht",
    "synonyms": [
      "Drachenfrucht"
    ]
  },
  {
    "value": "Rindfleisch",
    "synonyms": [
      "Rindfleisch"
    ]
  },
  {
    "value": "Pizza-Tomaten",
    "synonyms": [
      "Pizza-Tomaten"
    ]
  },
  {
    "value": "Mini-Ananas",
    "synonyms": [
      "Mini-Ananas"
    ]
  },
  {
    "value": "getrocknete Datteln",
    "synonyms": [
      "getrocknete Datteln"
    ]
  },
  {
    "value": "getrocknete Steinpilze",
    "synonyms": [
      "getrocknete Steinpilze"
    ]
  },
  {
    "value": "Bratkartoffel-Gewürz",
    "synonyms": [
      "Bratkartoffel-Gewürz"
    ]
  },
  {
    "value": "Rosenkohl",
    "synonyms": [
      "Rosenkohl"
    ]
  },
  {
    "value": "Curly Kale",
    "synonyms": [
      "Curly Kale"
    ]
  },
  {
    "value": "Pappardelle",
    "synonyms": [
      "Pappardelle"
    ]
  },
  {
    "value": "Tomatenpassata",
    "synonyms": [
      "Tomatenpassata"
    ]
  },
  {
    "value": "Clementine",
    "synonyms": [
      "Clementine"
    ]
  },
  {
    "value": "Buchweizen-Nudeln",
    "synonyms": [
      "Buchweizen-Nudeln"
    ]
  },
  {
    "value": "vegane Chorizo",
    "synonyms": [
      "vegane Chorizo"
    ]
  },
  {
    "value": "Sellerieknolle",
    "synonyms": [
      "Sellerieknolle"
    ]
  },
  {
    "value": "Baby-Pak-Choi",
    "synonyms": [
      "Baby-Pak-Choi"
    ]
  },
  {
    "value": "Pasta",
    "synonyms": [
      "Pasta"
    ]
  },
  {
    "value": "Raz el-Hanout",
    "synonyms": [
      "Raz el-Hanout"
    ]
  },
  {
    "value": "Ziegenfrischkäse",
    "synonyms": [
      "Ziegenfrischkäse"
    ]
  },
  {
    "value": "Piri Piri-Gewürzmischung",
    "synonyms": [
      "Piri Piri-Gewürzmischung"
    ]
  },
  {
    "value": "Ochsenherztomaten",
    "synonyms": [
      "Ochsenherztomaten"
    ]
  },
  {
    "value": "Rauchmandeln",
    "synonyms": [
      "Rauchmandeln"
    ]
  },
  {
    "value": "Vollkorn-Burgerbrötchen",
    "synonyms": [
      "Vollkorn-Burgerbrötchen"
    ]
  },
  {
    "value": "Wasabi-Paste",
    "synonyms": [
      "Wasabi-Paste"
    ]
  },
  {
    "value": "Milchreis",
    "synonyms": [
      "Milchreis"
    ]
  },
  {
    "value": "Kiwi",
    "synonyms": [
      "Kiwi"
    ]
  },
  {
    "value": "Karamell-Kekse",
    "synonyms": [
      "Karamell-Kekse"
    ]
  },
  {
    "value": "Schokolade",
    "synonyms": [
      "Schokolade"
    ]
  },
  {
    "value": "Fusilli-Pasta",
    "synonyms": [
      "Fusilli-Pasta"
    ]
  },
  {
    "value": "Buschbohnen",
    "synonyms": [
      "Buschbohnen"
    ]
  },
  {
    "value": "Butter-Beans",
    "synonyms": [
      "Butter-Beans"
    ]
  },
  {
    "value": "Sauerrahm",
    "synonyms": [
      "Sauerrahm"
    ]
  },
  {
    "value": "Strauchtomaten",
    "synonyms": [
      "Strauchtomaten"
    ]
  },
  {
    "value": "Berberitzen",
    "synonyms": [
      "Berberitzen"
    ]
  },
  {
    "value": "Mandelstifte",
    "synonyms": [
      "Mandelstifte"
    ]
  },
  {
    "value": "Sesam-Burgerbrötchen",
    "synonyms": [
      "Sesam-Burgerbrötchen"
    ]
  },
  {
    "value": "Gorgonzola",
    "synonyms": [
      "Gorgonzola"
    ]
  },
  {
    "value": "Kumquats",
    "synonyms": [
      "Kumquats"
    ]
  },
  {
    "value": "Nachos",
    "synonyms": [
      "Nachos"
    ]
  },
  {
    "value": "Truthahnbrust-Scheiben",
    "synonyms": [
      "Truthahnbrust-Scheiben"
    ]
  },
  {
    "value": "Fenchelsaat",
    "synonyms": [
      "Fenchelsaat"
    ]
  },
  {
    "value": "Hähnchenfilets",
    "synonyms": [
      "Hähnchenfilets"
    ]
  },
  {
    "value": "Weißweinessig",
    "synonyms": [
      "Weißweinessig*"
    ]
  },
  {
    "value": "Tortilla-Wraps",
    "synonyms": [
      "Tortilla-Wraps"
    ]
  },
  {
    "value": "Paprika, edelsüß",
    "synonyms": [
      "Paprika, edelsüß"
    ]
  },
  {
    "value": "Chili-Nudeln",
    "synonyms": [
      "Chili-Nudeln"
    ]
  },
  {
    "value": "Zitrone, bio",
    "synonyms": [
      "Zitrone, bio"
    ]
  },
  {
    "value": "Agnolotti",
    "synonyms": [
      "Agnolotti"
    ]
  },
  {
    "value": "Landkresse",
    "synonyms": [
      "Landkresse"
    ]
  },
  {
    "value": "natives Olivenöl extra",
    "synonyms": [
      "natives Olivenöl extra"
    ]
  },
  {
    "value": "Babyspinat",
    "synonyms": [
      "Babyspinat"
    ]
  },
  {
    "value": "Glasnudeln",
    "synonyms": [
      "Glasnudeln"
    ]
  },
  {
    "value": "Szechuan Pfeffer",
    "synonyms": [
      "Szechuan Pfeffer"
    ]
  },
  {
    "value": "Putenbrustfilet",
    "synonyms": [
      "Putenbrustfilet"
    ]
  },
  {
    "value": "Getrocknetes Bohnenkraut",
    "synonyms": [
      "Getrocknetes Bohnenkraut"
    ]
  },
  {
    "value": "Instant Kaffeepulver",
    "synonyms": [
      "Instant Kaffeepulver"
    ]
  },
  {
    "value": "Mais",
    "synonyms": [
      "Mais"
    ]
  },
  {
    "value": "Polenta",
    "synonyms": [
      "Polenta"
    ]
  },
  {
    "value": "brauner Zucker",
    "synonyms": [
      "brauner Zucker"
    ]
  },
  {
    "value": "Grapefruit",
    "synonyms": [
      "Grapefruit"
    ]
  },
  {
    "value": "Weißwein",
    "synonyms": [
      "Weißwein"
    ]
  },
  {
    "value": "Orange, bio",
    "synonyms": [
      "Orange, bio"
    ]
  },
  {
    "value": "Muschelnudeln",
    "synonyms": [
      "Muschelnudeln"
    ]
  },
  {
    "value": "Orangenpfeffer",
    "synonyms": [
      "Orangenpfeffer"
    ]
  },
  {
    "value": "Gewürzmischung \"Indischer Paneer\"",
    "synonyms": [
      "Gewürzmischung \"Indischer Paneer\""
    ]
  },
  {
    "value": "Mangold",
    "synonyms": [
      "Mangold"
    ]
  },
  {
    "value": "Gyros-Gewürzmischung",
    "synonyms": [
      "Gyros-Gewürzmischung"
    ]
  },
  {
    "value": "Muskatnussblüte gemahlen",
    "synonyms": [
      "Muskatnussblüte gemahlen"
    ]
  },
  {
    "value": "Kelchnudeln",
    "synonyms": [
      "Kelchnudeln"
    ]
  },
  {
    "value": "Ahornsirup",
    "synonyms": [
      "Ahornsirup"
    ]
  },
  {
    "value": "Geflügel-Salami Pralinen",
    "synonyms": [
      "Geflügel-Salami Pralinen (vorgeschnitten)"
    ]
  },
  {
    "value": "Gewürzmischung \"Paprikapulver/Kurkuma\"",
    "synonyms": [
      "Gewürzmischung \"Paprikapulver/Kurkuma\""
    ]
  },
  {
    "value": "Semmelbrösel mit Sesam",
    "synonyms": [
      "Semmelbrösel mit Sesam"
    ]
  },
  {
    "value": "Gewürzmischung \"Rauchige Gemüsepfanne\"",
    "synonyms": [
      "Gewürzmischung \"Rauchige Gemüsepfanne\""
    ]
  },
  {
    "value": "Balsamico-Essig, hell",
    "synonyms": [
      "Balsamico-Essig, hell"
    ]
  },
  {
    "value": "Wasabi-Erdnüsse",
    "synonyms": [
      "Wasabi-Erdnüsse"
    ]
  },
  {
    "value": "Reispapier-Blätter",
    "synonyms": [
      "Reispapier-Blätter"
    ]
  },
  {
    "value": "geriebener Emmentaler",
    "synonyms": [
      "geriebener Emmentaler"
    ]
  },
  {
    "value": "Wasser mit Kohlensäure",
    "synonyms": [
      "Wasser (mit Kohlensäure)"
    ]
  },
  {
    "value": "Backpulver",
    "synonyms": [
      "Backpulver"
    ]
  },
  {
    "value": "dunkles Ciabatta-Brötchen",
    "synonyms": [
      "dunkles Ciabatta-Brötchen"
    ]
  },
  {
    "value": "Mini-Baguettes",
    "synonyms": [
      "Mini-Baguettes"
    ]
  },
  {
    "value": "Gewürzmischung \"Harissa\"",
    "synonyms": [
      "Gewürzmischung \"Harissa\""
    ]
  },
  {
    "value": "Truthahn-Bacon",
    "synonyms": [
      "Truthahn-Bacon"
    ]
  },
  {
    "value": "Gewürzmischung \"Pizzaschnecken\"",
    "synonyms": [
      "Gewürzmischung \"Pizzaschnecken\""
    ]
  },
  {
    "value": "Nudelnester",
    "synonyms": [
      "Nudelnester"
    ]
  },
  {
    "value": "Zuckerrübensirup",
    "synonyms": [
      "Zuckerrübensirup"
    ]
  },
  {
    "value": "Soja-Schnetzel",
    "synonyms": [
      "Soja-Schnetzel"
    ]
  },
  {
    "value": "Gewürzmischung \"Chili con Soya\"",
    "synonyms": [
      "Gewürzmischung \"Chili con Soya\""
    ]
  },
  {
    "value": "Gewürzmischung \"Thai Nudel Pfanne\"",
    "synonyms": [
      "Gewürzmischung \"Thai Nudel Pfanne\""
    ]
  },
  {
    "value": "Gewürzmischung \"Rauchiger Paneer\"",
    "synonyms": [
      "Gewürzmischung \"Rauchiger Paneer\""
    ]
  },
  {
    "value": "Maiskölbchen",
    "synonyms": [
      "Maiskölbchen"
    ]
  },
  {
    "value": "Austernpilze",
    "synonyms": [
      "Austernpilze"
    ]
  },
  {
    "value": "Maultaschen mit Truthahnfüllung",
    "synonyms": [
      "Maultaschen mit Truthahnfüllung"
    ]
  },
  {
    "value": "Gewürzmischung \"Kumin/Cayennepfeffer\"",
    "synonyms": [
      "Gewürzmischung \"Kumin/Cayennepfeffer\""
    ]
  },
  {
    "value": "Rindersteak",
    "synonyms": [
      "Rindersteak"
    ]
  },
  {
    "value": "frisches Lorbeerblatt",
    "synonyms": [
      "frisches Lorbeerblatt"
    ]
  },
  {
    "value": "Gewürzmischung \"Putengeschnetzeltes\"",
    "synonyms": [
      "Gewürzmischung \"Putengeschnetzeltes\""
    ]
  },
  {
    "value": "Sobanudeln",
    "synonyms": [
      "Sobanudeln"
    ]
  },
  {
    "value": "Rhabarber",
    "synonyms": [
      "Rhabarber"
    ]
  },
  {
    "value": "Schwarzer Sesam",
    "synonyms": [
      "Schwarzer Sesam"
    ]
  },
  {
    "value": "Dunkle Burger-Brötchen",
    "synonyms": [
      "Dunkle Burger-Brötchen"
    ]
  },
  {
    "value": "Cheddar",
    "synonyms": [
      "Cheddar (Scheiben)"
    ]
  },
  {
    "value": "Gewürzmischung \"Indische Reispfanne\"",
    "synonyms": [
      "Gewürzmischung \"Indische Reispfanne\""
    ]
  },
  {
    "value": "Gewürzmischung \"Marokko\"",
    "synonyms": [
      "Gewürzmischung \"Marokko\""
    ]
  },
  {
    "value": "Gemischte Kerne",
    "synonyms": [
      "Gemischte Kerne"
    ]
  },
  {
    "value": "Gewürzmischung \"Pommes frites\"",
    "synonyms": [
      "Gewürzmischung \"Pommes frites\""
    ]
  },
  {
    "value": "dunkle Weintrauben",
    "synonyms": [
      "dunkle Weintrauben"
    ]
  },
  {
    "value": "Gewürzmischung \"Raz-el-Hanout\"",
    "synonyms": [
      "Gewürzmischung \"Raz-el-Hanout\""
    ]
  },
  {
    "value": "Gewürzmischung \"Zatar\"",
    "synonyms": [
      "Gewürzmischung \"Zatar\""
    ]
  },
  {
    "value": "Rohschinken",
    "synonyms": [
      "Rohschinken"
    ]
  },
  {
    "value": "Rotwein",
    "synonyms": [
      "Rotwein"
    ]
  },
  {
    "value": "Gelbe Linsen",
    "synonyms": [
      "Gelbe Linsen"
    ]
  },
  {
    "value": "Gewürzmischung \"Garam Masala\"",
    "synonyms": [
      "Gewürzmischung \"Garam Masala\""
    ]
  },
  {
    "value": "Blaumohn",
    "synonyms": [
      "Blaumohn"
    ]
  },
  {
    "value": "Erdbeeren",
    "synonyms": [
      "Erdbeeren"
    ]
  },
  {
    "value": "Datteltomaten",
    "synonyms": [
      "Datteltomaten"
    ]
  },
  {
    "value": "Vollkorn-Tortillas",
    "synonyms": [
      "Vollkorn-Tortillas"
    ]
  },
  {
    "value": "Serranoschinken",
    "synonyms": [
      "Serranoschinken"
    ]
  },
  {
    "value": "Gewürzmischung \"Gemüse-Couscous\"",
    "synonyms": [
      "Gewürzmischung \"Gemüse-Couscous\""
    ]
  },
  {
    "value": "Panang-Currypaste",
    "synonyms": [
      "Panang-Currypaste"
    ]
  },
  {
    "value": "Melone",
    "synonyms": [
      "Melone"
    ]
  },
  {
    "value": "Weiße Balsamico-Creme",
    "synonyms": [
      "Weiße Balsamico-Creme"
    ]
  },
  {
    "value": "Pfirsich",
    "synonyms": [
      "Pfirsich"
    ]
  },
  {
    "value": "Nektarine",
    "synonyms": [
      "Nektarine"
    ]
  },
  {
    "value": "Gewürzmischung \"Bratkartoffel\"",
    "synonyms": [
      "Gewürzmischung \"Bratkartoffel\""
    ]
  },
  {
    "value": "Polnische Bratkowska",
    "synonyms": [
      "Polnische Bratkowska"
    ]
  },
  {
    "value": "Bier-Senf",
    "synonyms": [
      "Bier-Senf"
    ]
  },
  {
    "value": "Gewürzmischung \"Tofu-Wrap\"",
    "synonyms": [
      "Gewürzmischung \"Tofu-Wrap\""
    ]
  },
  {
    "value": "Rumpsteak",
    "synonyms": [
      "Rumpsteak"
    ]
  },
  {
    "value": "rote Frühlingszwiebeln",
    "synonyms": [
      "rote Frühlingszwiebeln"
    ]
  },
  {
    "value": "Roma-Tomaten",
    "synonyms": [
      "Roma-Tomaten"
    ]
  },
  {
    "value": "Roter Rettich",
    "synonyms": [
      "Roter Rettich"
    ]
  },
  {
    "value": "Wassermelone",
    "synonyms": [
      "Wassermelone"
    ]
  },
  {
    "value": "Gewürzmischung \"Zitronenpfeffer\"",
    "synonyms": [
      "Gewürzmischung \"Zitronenpfeffer\""
    ]
  },
  {
    "value": "Gewürzmischung \"Linguine-Soße\"",
    "synonyms": [
      "Gewürzmischung \"Linguine-Soße\""
    ]
  },
  {
    "value": "Linguine",
    "synonyms": [
      "Linguine"
    ]
  },
  {
    "value": "grüne Oliven",
    "synonyms": [
      "grüne Oliven"
    ]
  },
  {
    "value": "Gewürzmischung \"Mediterrane Hähnchenbrust\"",
    "synonyms": [
      "Gewürzmischung \"Mediterrane Hähnchenbrust\""
    ]
  },
  {
    "value": "Rindergeschnetzeltes",
    "synonyms": [
      "Rindergeschnetzeltes"
    ]
  },
  {
    "value": "Knollensellerie",
    "synonyms": [
      "Knollensellerie"
    ]
  },
  {
    "value": "Kaiserschoten",
    "synonyms": [
      "Kaiserschoten"
    ]
  },
  {
    "value": "Sprossen",
    "synonyms": [
      "Sprossen"
    ]
  },
  {
    "value": "Roter Mangold",
    "synonyms": [
      "Roter Mangold"
    ]
  },
  {
    "value": "Liebstöckel",
    "synonyms": [
      "Liebstöckel"
    ]
  },
  {
    "value": "Paprikapulver, geräuchert",
    "synonyms": [
      "Paprikapulver, geräuchert"
    ]
  },
  {
    "value": "Parmesan-Flakes",
    "synonyms": [
      "Parmesan-Flakes"
    ]
  },
  {
    "value": "Hähnchenbrustfilet",
    "synonyms": [
      "Hähnchenbrustfilet"
    ]
  },
  {
    "value": "Ziegenkäse",
    "synonyms": [
      "Ziegenkäse"
    ]
  },
  {
    "value": "Gewürzmischung \"Hähnchen\"",
    "synonyms": [
      "Gewürzmischung \"Hähnchen\""
    ]
  },
  {
    "value": "Hähnchenunterschenkel",
    "synonyms": [
      "Hähnchenunterschenkel"
    ]
  },
  {
    "value": "Eisbergsalat",
    "synonyms": [
      "Eisbergsalat"
    ]
  },
  {
    "value": "Himbeertomate",
    "synonyms": [
      "Himbeertomate"
    ]
  },
  {
    "value": "Gewürzmischung \"Bulgogi\"",
    "synonyms": [
      "Gewürzmischung \"Bulgogi\""
    ]
  },
  {
    "value": "Rauchsalz",
    "synonyms": [
      "Rauchsalz"
    ]
  },
  {
    "value": "Gewürzmischung \"Bunte Schaschlikspieße\"",
    "synonyms": [
      "Gewürzmischung \"Bunte Schaschlikspieße\""
    ]
  },
  {
    "value": "Gewürzmischung \"Pilzlasagne\"",
    "synonyms": [
      "Gewürzmischung \"Pilzlasagne\""
    ]
  },
  {
    "value": "Kokosflocken",
    "synonyms": [
      "Kokosflocken"
    ]
  },
  {
    "value": "Lachslocken",
    "synonyms": [
      "Lachslocken"
    ]
  },
  {
    "value": "Baby Grünkohl",
    "synonyms": [
      "Baby Grünkohl"
    ]
  },
  {
    "value": "Gewürzmischung \"Veggie-Bolognese\"",
    "synonyms": [
      "Gewürzmischung \"Veggie-Bolognese\""
    ]
  },
  {
    "value": "Gewürzmischung \"Oriental\"",
    "synonyms": [
      "Gewürzmischung \"Oriental\""
    ]
  },
  {
    "value": "Saure Sahne",
    "synonyms": [
      "Saure Sahne"
    ]
  },
  {
    "value": "Kümmel, gemahlen",
    "synonyms": [
      "Kümmel, gemahlen"
    ]
  },
  {
    "value": "runde Zucchini",
    "synonyms": [
      "runde Zucchini"
    ]
  },
  {
    "value": "Little Gem",
    "synonyms": [
      "Little Gem"
    ]
  },
  {
    "value": "süßer Senf",
    "synonyms": [
      "süßer Senf"
    ]
  },
  {
    "value": "Rinderhackfleisch",
    "synonyms": [
      "Rinderhackfleisch"
    ]
  },
  {
    "value": "Gewürzmischung \"Hackspieße\"",
    "synonyms": [
      "Gewürzmischung \"Hackspieße\""
    ]
  },
  {
    "value": "Mehrkornbrötchen",
    "synonyms": [
      "Mehrkornbrötchen"
    ]
  },
  {
    "value": "Borlotti Bohnen",
    "synonyms": [
      "Borlotti Bohnen"
    ]
  },
  {
    "value": "Vollkornreis",
    "synonyms": [
      "Vollkornreis"
    ]
  },
  {
    "value": "Gewürzmischung \"Schweinefilet\"",
    "synonyms": [
      "Gewürzmischung \"Schweinefilet\""
    ]
  },
  {
    "value": "grüne Currypaste",
    "synonyms": [
      "grüne Currypaste"
    ]
  },
  {
    "value": "Aprikosenkonfitüre",
    "synonyms": [
      "Aprikosenkonfitüre"
    ]
  },
  {
    "value": "Balsamico Rosso",
    "synonyms": [
      "Balsamico Rosso"
    ]
  },
  {
    "value": "geräucherter Tofu",
    "synonyms": [
      "geräucherter Tofu"
    ]
  },
  {
    "value": "Bagel",
    "synonyms": [
      "Bagel"
    ]
  },
  {
    "value": "Feigen",
    "synonyms": [
      "Feigen"
    ]
  },
  {
    "value": "Kochschinken",
    "synonyms": [
      "Kochschinken"
    ]
  },
  {
    "value": "Gewürzmischung  „Baharat“",
    "synonyms": [
      "Gewürzmischung  „Baharat“"
    ]
  },
  {
    "value": "Büffelmozzarella",
    "synonyms": [
      "Büffelmozzarella"
    ]
  },
  {
    "value": "Gewürzmischung \"Serbien\"",
    "synonyms": [
      "Gewürzmischung \"Serbien\""
    ]
  },
  {
    "value": "Shimeji",
    "synonyms": [
      "Shimeji"
    ]
  },
  {
    "value": "Jalapeño",
    "synonyms": [
      "Jalapeño"
    ]
  },
  {
    "value": "Gewürzmischung  „Bratapfelgewürz\"",
    "synonyms": [
      "Gewürzmischung  „Bratapfelgewürz\""
    ]
  },
  {
    "value": "Rinderrauchfleisch",
    "synonyms": [
      "Rinderrauchfleisch"
    ]
  },
  {
    "value": "Gewürzmischung  „Italian Rub“",
    "synonyms": [
      "Gewürzmischung  „Italian Rub“"
    ]
  },
  {
    "value": "Kalette",
    "synonyms": [
      "Kalette"
    ]
  },
  {
    "value": "Gewürzmischung „Gulaschgewürz“",
    "synonyms": [
      "Gewürzmischung „Gulaschgewürz“"
    ]
  },
  {
    "value": "Bohnen-Mix",
    "synonyms": [
      "Bohnen-Mix"
    ]
  },
  {
    "value": "Gewürzmischung  „Mexican Allrounder“",
    "synonyms": [
      "Gewürzmischung  „Mexican Allrounder“"
    ]
  },
  {
    "value": "schwarze Oliven, mit Stein",
    "synonyms": [
      "schwarze Oliven, mit Stein"
    ]
  },
  {
    "value": "Gewürzmischung  „Rotkohl“",
    "synonyms": [
      "Gewürzmischung  „Rotkohl“"
    ]
  },
  {
    "value": "Entenbrust",
    "synonyms": [
      "Entenbrust"
    ]
  },
  {
    "value": "Nussbraten-Mischung",
    "synonyms": [
      "Nussbraten-Mischung"
    ]
  },
  {
    "value": "Marzipan",
    "synonyms": [
      "Marzipan"
    ]
  },
  {
    "value": "Bourbon-Vanille",
    "synonyms": [
      "Bourbon-Vanille"
    ]
  },
  {
    "value": "Gewürzmischung  „Griechische Gewürzmischung“",
    "synonyms": [
      "Gewürzmischung  „Griechische Gewürzmischung“"
    ]
  },
  {
    "value": "Gewürzmischung  „Feijoada“",
    "synonyms": [
      "Gewürzmischung  „Feijoada“"
    ]
  },
  {
    "value": "Gewürzmischung  „Kräuterbutter“",
    "synonyms": [
      "Gewürzmischung  „Kräuterbutter“"
    ]
  },
  {
    "value": "Blattsalatmischung",
    "synonyms": [
      "Blattsalatmischung"
    ]
  },
  {
    "value": "Gewürzmischung  „BBQ“",
    "synonyms": [
      "Gewürzmischung  „BBQ“"
    ]
  },
  {
    "value": "Eiertomaten",
    "synonyms": [
      "Eiertomaten"
    ]
  },
  {
    "value": "Ginger Ale",
    "synonyms": [
      "Ginger Ale"
    ]
  },
  {
    "value": "Aprikosennektar",
    "synonyms": [
      "Aprikosennektar"
    ]
  },
  {
    "value": "Kubeben-Pfeffer",
    "synonyms": [
      "Kubeben-Pfeffer"
    ]
  },
  {
    "value": "Zimt, gemahlen",
    "synonyms": [
      "Zimt, gemahlen"
    ]
  },
  {
    "value": "Mohn",
    "synonyms": [
      "Mohn"
    ]
  },
  {
    "value": "Gewürzmischung \"Burrito\"",
    "synonyms": [
      "Gewürzmischung \"Burrito\""
    ]
  },
  {
    "value": "geschrotete Chili",
    "synonyms": [
      "geschrotete Chili"
    ]
  },
  {
    "value": "Gewürzmischung \"Texas-Chili\"",
    "synonyms": [
      "Gewürzmischung \"Texas-Chili\""
    ]
  },
  {
    "value": "Spinat-Tagliatelle",
    "synonyms": [
      "Spinat-Tagliatelle"
    ]
  },
  {
    "value": "Balsamico-Essig",
    "synonyms": [
      "Balsamico-Essig"
    ]
  },
  {
    "value": "Gewürzmischung \"Indian Allrounder\"",
    "synonyms": [
      "Gewürzmischung \"Indian Allrounder\""
    ]
  },
  {
    "value": "Gewürzmischung  „Ratatouille“",
    "synonyms": [
      "Gewürzmischung  „Ratatouille“"
    ]
  },
  {
    "value": "Welsfilet",
    "synonyms": [
      "Welsfilet"
    ]
  },
  {
    "value": "Chiogga Beete",
    "synonyms": [
      "Chiogga Beete"
    ]
  },
  {
    "value": "Gelbe Bete",
    "synonyms": [
      "Gelbe Bete"
    ]
  },
  {
    "value": "Dinkel-Blätterteig",
    "synonyms": [
      "Dinkel-Blätterteig"
    ]
  },
  {
    "value": "geschälte Erbsen",
    "synonyms": [
      "geschälte Erbsen"
    ]
  },
  {
    "value": "Koriander, gemahlen",
    "synonyms": [
      "Koriander, gemahlen"
    ]
  },
  {
    "value": "Kartoffelgewürz",
    "synonyms": [
      "Kartoffelgewürz"
    ]
  },
  {
    "value": "Bali-Nudeln",
    "synonyms": [
      "Bali-Nudeln"
    ]
  },
  {
    "value": "Weißweinessig",
    "synonyms": [
      "Weißweinessig"
    ]
  },
  {
    "value": "Frische Tagliatelle",
    "synonyms": [
      "Frische Tagliatelle"
    ]
  },
  {
    "value": "Haferflocken",
    "synonyms": [
      "Haferflocken"
    ]
  },
  {
    "value": "Gewürzmischung \"Guacamole\"",
    "synonyms": [
      "Gewürzmischung \"Guacamole\""
    ]
  },
  {
    "value": "Gewürzmischung \"Italian Allrounder\"",
    "synonyms": [
      "Gewürzmischung \"Italian Allrounder\""
    ]
  },
  {
    "value": "Hirse",
    "synonyms": [
      "Hirse"
    ]
  },
  {
    "value": "Dinkel-Pita-Taschen",
    "synonyms": [
      "Dinkel-Pita-Taschen"
    ]
  },
  {
    "value": "Gewürzmischung \"Kartoffelpuffer\"",
    "synonyms": [
      "Gewürzmischung \"Kartoffelpuffer\""
    ]
  },
  {
    "value": "Nürnberger Würstchen",
    "synonyms": [
      "Nürnberger Würstchen"
    ]
  },
  {
    "value": "Marokko-Tajine-Pulver",
    "synonyms": [
      "Marokko-Tajine-Pulver"
    ]
  },
  {
    "value": "Mozzarella \"Bocconcino\"",
    "synonyms": [
      "Mozzarella \"Bocconcino\""
    ]
  },
  {
    "value": "Puderzucker",
    "synonyms": [
      "Puderzucker"
    ]
  },
  {
    "value": "Heidelbeeren",
    "synonyms": [
      "Heidelbeeren"
    ]
  },
  {
    "value": "Honig",
    "synonyms": [
      "Honig"
    ]
  },
  {
    "value": "Schollenfilet",
    "synonyms": [
      "Schollenfilet"
    ]
  },
  {
    "value": "Gewürzmischung \"Rauchige Drecksau\"",
    "synonyms": [
      "Gewürzmischung \"Rauchige Drecksau\""
    ]
  },
  {
    "value": "Gewürzmischung \"Tofu\"",
    "synonyms": [
      "Gewürzmischung \"Tofu\""
    ]
  },
  {
    "value": "Gewürzmischung \"Afrikanischer Salat\"",
    "synonyms": [
      "Gewürzmischung \"Afrikanischer Salat\""
    ]
  },
  {
    "value": "Weizenmehl",
    "synonyms": [
      "Weizenmehl"
    ]
  },
  {
    "value": "Gewürzmischung  „Kräuter der Provence“",
    "synonyms": [
      "Gewürzmischung  „Kräuter der Provence“"
    ]
  },
  {
    "value": "Gewürzmischung \"Italia\"",
    "synonyms": [
      "Gewürzmischung \"Italia\""
    ]
  },
  {
    "value": "Wildpreiselbeerenmarmelade",
    "synonyms": [
      "Wildpreiselbeerenmarmelade"
    ]
  },
  {
    "value": "Gemüsebrühe",
    "synonyms": [
      "Gemüsebrühe"
    ]
  },
  {
    "value": "Vollkorn-Brioche-Brötchen",
    "synonyms": [
      "Vollkorn-Brioche-Brötchen"
    ]
  },
  {
    "value": "Safranfäden",
    "synonyms": [
      "Safranfäden"
    ]
  },
  {
    "value": "Kichererbsenmehl",
    "synonyms": [
      "Kichererbsenmehl"
    ]
  },
  {
    "value": "Salatmischung \"Oriental\"",
    "synonyms": [
      "Salatmischung \"Oriental\""
    ]
  },
  {
    "value": "Gewürzmischung \"Turkish Allrounder\"",
    "synonyms": [
      "Gewürzmischung \"Turkish Allrounder\""
    ]
  },
  {
    "value": "schwarzer Reis",
    "synonyms": [
      "schwarzer Reis"
    ]
  },
  {
    "value": "Kalifornische Gewürzmischung",
    "synonyms": [
      "Kalifornische Gewürzmischung"
    ]
  },
  {
    "value": "mittelscharfer Senf",
    "synonyms": [
      "mittelscharfer Senf"
    ]
  },
  {
    "value": "Baby-Mais",
    "synonyms": [
      "Baby-Mais"
    ]
  },
  {
    "value": "Gewürzmischung \"Piri-Piri\"",
    "synonyms": [
      "Gewürzmischung \"Piri-Piri\""
    ]
  },
  {
    "value": "Radiesschensprossen",
    "synonyms": [
      "Radiesschensprossen"
    ]
  },
  {
    "value": "Gewürzmischung \"Beefy Smoky\"",
    "synonyms": [
      "Gewürzmischung \"Beefy Smoky\""
    ]
  },
  {
    "value": "Gewürzmischung \"Chili\"",
    "synonyms": [
      "Gewürzmischung \"Chili\""
    ]
  },
  {
    "value": "Gewürzmischung \"Mexican Quinoa\"",
    "synonyms": [
      "Gewürzmischung \"Mexican Quinoa\""
    ]
  },
  {
    "value": "roter Quinoa",
    "synonyms": [
      "roter Quinoa"
    ]
  },
  {
    "value": "Gemüsebrühpaste",
    "synonyms": [
      "Gemüsebrühpaste*"
    ]
  },
  {
    "value": "geräuchertes Forellenfilet",
    "synonyms": [
      "geräuchertes Forellenfilet"
    ]
  },
  {
    "value": "Granola-Mix",
    "synonyms": [
      "Granola-Mix"
    ]
  },
  {
    "value": "Blütenhonig",
    "synonyms": [
      "Blütenhonig"
    ]
  },
  {
    "value": "Milch",
    "synonyms": [
      "Milch"
    ]
  },
  {
    "value": "vorgegarte Rote Bete",
    "synonyms": [
      "vorgegarte Rote Bete"
    ]
  },
  {
    "value": "Gewürzmischung \"Smoky BBQ\"",
    "synonyms": [
      "Gewürzmischung \"Smoky BBQ\""
    ]
  },
  {
    "value": "Reismehl-Brioche-Bun",
    "synonyms": [
      "Reismehl-Brioche-Bun"
    ]
  },
  {
    "value": "Gewürzmischung",
    "synonyms": [
      "Gewürzmischung"
    ]
  },
  {
    "value": "Kaffeesahne",
    "synonyms": [
      "Kaffeesahne"
    ]
  },
  {
    "value": "Senfsamen",
    "synonyms": [
      "Senfsamen"
    ]
  },
  {
    "value": "Ananas",
    "synonyms": [
      "Ananas"
    ]
  },
  {
    "value": "krause Petersilie",
    "synonyms": [
      "krause Petersilie"
    ]
  },
  {
    "value": "Banane",
    "synonyms": [
      "Banane"
    ]
  },
  {
    "value": "Safran",
    "synonyms": [
      "Safran"
    ]
  },
  {
    "value": "Salat-Trio",
    "synonyms": [
      "Salat-Trio"
    ]
  },
  {
    "value": "Grillido Grillwurst \"Popeye\"",
    "synonyms": [
      "Grillido Grillwurst \"Popeye\""
    ]
  },
  {
    "value": "lila Kohlrabi",
    "synonyms": [
      "lila Kohlrabi"
    ]
  },
  {
    "value": "Grillido Grillwurst \"Bavaria\"",
    "synonyms": [
      "Grillido Grillwurst \"Bavaria\""
    ]
  },
  {
    "value": "orange Paprika",
    "synonyms": [
      "orange Paprika"
    ]
  },
  {
    "value": "Bohnenkraut",
    "synonyms": [
      "Bohnenkraut"
    ]
  },
  {
    "value": "Steinpilzpulver",
    "synonyms": [
      "Steinpilzpulver"
    ]
  },
  {
    "value": "Rotkohlgewürz",
    "synonyms": [
      "Rotkohlgewürz"
    ]
  },
  {
    "value": "frische Cranberrys",
    "synonyms": [
      "frische Cranberrys"
    ]
  },
  {
    "value": "BAHLSEN Zimtsterne",
    "synonyms": [
      "BAHLSEN Zimtsterne"
    ]
  },
  {
    "value": "Bratapfelgewürz",
    "synonyms": [
      "Bratapfelgewürz"
    ]
  },
  {
    "value": "gerebelter Thymian",
    "synonyms": [
      "gerebelter Thymian"
    ]
  },
  {
    "value": "geraspelter Bergkäse",
    "synonyms": [
      "geraspelter Bergkäse"
    ]
  },
  {
    "value": "violette Kardamomkapsel",
    "synonyms": [
      "violette Kardamomkapsel"
    ]
  },
  {
    "value": "Baby-Kräuterseitlinge",
    "synonyms": [
      "Baby-Kräuterseitlinge"
    ]
  },
  {
    "value": "Flammkuchenboden",
    "synonyms": [
      "Flammkuchenboden"
    ]
  },
  {
    "value": "TABASCO® Chipotle Sauce",
    "synonyms": [
      "TABASCO® Chipotle Sauce"
    ]
  },
  {
    "value": "Basilikumpaste",
    "synonyms": [
      "Basilikumpaste"
    ]
  },
  {
    "value": "Kabeljaufilet",
    "synonyms": [
      "Kabeljaufilet"
    ]
  },
  {
    "value": "Hähnchen",
    "synonyms": [
      "Hähnchen"
    ]
  },
  {
    "value": "Ei",
    "synonyms": [
      "Ei"
    ]
  },
  {
    "value": "Sultaninen",
    "synonyms": [
      "Sultaninen"
    ]
  },
  {
    "value": "Hot-Dog-Brötchen",
    "synonyms": [
      "Hot-Dog-Brötchen"
    ]
  },
  {
    "value": "afri cola®",
    "synonyms": [
      "afri cola®"
    ]
  },
  {
    "value": "vegetarische Mühlen Bratwurst",
    "synonyms": [
      "vegetarische Mühlen Bratwurst"
    ]
  },
  {
    "value": "Alaska-Seelachs",
    "synonyms": [
      "Alaska-Seelachs"
    ]
  },
  {
    "value": "Garnelen",
    "synonyms": [
      "Garnelen"
    ]
  },
  {
    "value": "halbierte Hähnchenflügel",
    "synonyms": [
      "halbierte Hähnchenflügel"
    ]
  },
  {
    "value": "Sambal Oelek",
    "synonyms": [
      "Sambal Oelek"
    ]
  },
  {
    "value": "Sriracha Sauce",
    "synonyms": [
      "Sriracha Sauce"
    ]
  },
  {
    "value": "Pastinaken",
    "synonyms": [
      "Pastinaken"
    ]
  },
  {
    "value": "Kakaopulver",
    "synonyms": [
      "Kakaopulver"
    ]
  },
  {
    "value": "Sushireis",
    "synonyms": [
      "Sushireis"
    ]
  },
  {
    "value": "Butter",
    "synonyms": [
      "Butter"
    ]
  },
  {
    "value": "Süße Dessertsauce mit Himbeeren",
    "synonyms": [
      "Süße Dessertsauce mit Himbeeren"
    ]
  },
  {
    "value": "Baiser",
    "synonyms": [
      "Baiser"
    ]
  },
  {
    "value": "Zucker",
    "synonyms": [
      "Zucker"
    ]
  },
  {
    "value": "Ketjap Manis",
    "synonyms": [
      "Ketjap Manis"
    ]
  },
  {
    "value": "BBQ-Soße",
    "synonyms": [
      "BBQ-Soße"
    ]
  },
  {
    "value": "Tilapia-Filet",
    "synonyms": [
      "Tilapia-Filet"
    ]
  },
  {
    "value": "Spaghettini",
    "synonyms": [
      "Spaghettini"
    ]
  },
  {
    "value": "Rinderbrühe, klar",
    "synonyms": [
      "Rinderbrühe, klar"
    ]
  },
  {
    "value": "Kartoffelknödel",
    "synonyms": [
      "Kartoffelknödel"
    ]
  },
  {
    "value": "Braune Soße",
    "synonyms": [
      "Braune Soße"
    ]
  },
  {
    "value": "Kartoffelnknödel",
    "synonyms": [
      "Kartoffelnknödel"
    ]
  },
  {
    "value": "Hokkaido-Kürbis",
    "synonyms": [
      "Hokkaido-Kürbis, gewürfelt"
    ]
  },
  {
    "value": "Laugenbrötchen",
    "synonyms": [
      "Laugenbrötchen"
    ]
  },
  {
    "value": "Gnocchi Pesto Rosso",
    "synonyms": [
      "Gnocchi Pesto Rosso"
    ]
  },
  {
    "value": "Grillido-Grillwurst \"Chorizo\"",
    "synonyms": [
      "Grillido-Grillwurst \"Chorizo\""
    ]
  },
  {
    "value": "Kräuterseitling",
    "synonyms": [
      "Kräuterseitling"
    ]
  },
  {
    "value": "Bratwurst",
    "synonyms": [
      "Bratwurst"
    ]
  },
  {
    "value": "Hähnchenkeule",
    "synonyms": [
      "Hähnchenkeule"
    ]
  },
  {
    "value": "Kirschkonfitüre",
    "synonyms": [
      "Kirschkonfitüre"
    ]
  },
  {
    "value": "Schweinebraten",
    "synonyms": [
      "Schweinebraten"
    ]
  },
  {
    "value": "Seehecht",
    "synonyms": [
      "Seehecht"
    ]
  },
  {
    "value": "Backteigmischung",
    "synonyms": [
      "Backteigmischung"
    ]
  },
  {
    "value": "gemischtes Hackfleisch",
    "synonyms": [
      "gemischtes Hackfleisch"
    ]
  },
  {
    "value": "Bio-Bacchus",
    "synonyms": [
      "Bio-Bacchus"
    ]
  },
  {
    "value": "Bio-Schafsmilch-Käse",
    "synonyms": [
      "Bio-Schafsmilch-Käse"
    ]
  },
  {
    "value": "Bio-\"Gute Laune\" Käse",
    "synonyms": [
      "Bio-\"Gute Laune\" Käse"
    ]
  },
  {
    "value": "Bio-Bierkäse",
    "synonyms": [
      "Bio-Bierkäse"
    ]
  },
  {
    "value": "Feigenrelish",
    "synonyms": [
      "Feigenrelish"
    ]
  },
  {
    "value": "Apfel-Brandy-Chutney",
    "synonyms": [
      "Apfel-Brandy-Chutney"
    ]
  },
  {
    "value": "Kartoffelkloßteig",
    "synonyms": [
      "Kartoffelkloßteig"
    ]
  },
  {
    "value": "Entenkeule",
    "synonyms": [
      "Entenkeule"
    ]
  },
  {
    "value": "Karamellbonbons",
    "synonyms": [
      "Karamellbonbons"
    ]
  },
  {
    "value": "Pflaumenmus",
    "synonyms": [
      "Pflaumenmus"
    ]
  },
  {
    "value": "Schwarzwälder Schinken",
    "synonyms": [
      "Schwarzwälder Schinken"
    ]
  },
  {
    "value": "Maultauschen",
    "synonyms": [
      "Maultauschen"
    ]
  },
  {
    "value": "Kartoffelpufferteig",
    "synonyms": [
      "Kartoffelpufferteig"
    ]
  },
  {
    "value": "Rinderbraten",
    "synonyms": [
      "Rinderbraten"
    ]
  },
  {
    "value": "Röstzwiebeln",
    "synonyms": [
      "Röstzwiebeln"
    ]
  },
  {
    "value": "Malzbier",
    "synonyms": [
      "Malzbier"
    ]
  },
  {
    "value": "Krustenbraten",
    "synonyms": [
      "Krustenbraten"
    ]
  },
  {
    "value": "Schinkenbraten",
    "synonyms": [
      "Schinkenbraten"
    ]
  },
  {
    "value": "Apfelsaft",
    "synonyms": [
      "Apfelsaft"
    ]
  },
  {
    "value": "Hühnerbrühe",
    "synonyms": [
      "Hühnerbrühe"
    ]
  },
  {
    "value": "Dorade",
    "synonyms": [
      "Dorade"
    ]
  },
  {
    "value": "ungesalzene Erdnusskerne",
    "synonyms": [
      "ungesalzene Erdnusskerne"
    ]
  }
]