[
  {
    "value": "leichter Genuss",
    "synonyms": [
      "leichter Genuss"
    ]
  },
  {
    "value": "scharf",
    "synonyms": [
      "scharf"
    ]
  },
  {
    "value": "Chef\u0027s Choice",
    "synonyms": [
      "Chef\u0027s Choice"
    ]
  },
  {
    "value": "Vegetarisch",
    "synonyms": [
      "Vegetarisch"
    ]
  },
  {
    "value": "Zeit sparen",
    "synonyms": [
      "Zeit sparen"
    ]
  },
  {
    "value": "Low Carb",
    "synonyms": [
      "Low Carb"
    ]
  },
  {
    "value": "laktosefrei",
    "synonyms": [
      "laktosefrei"
    ]
  },
  {
    "value": "Vegan",
    "synonyms": [
      "Vegan"
    ]
  },
  {
    "value": "Zuerst essen",
    "synonyms": [
      "Zuerst essen"
    ]
  },
  {
    "value": "Sehr scharf",
    "synonyms": [
      "Sehr scharf"
    ]
  },
  {
    "value": "glutenfrei",
    "synonyms": [
      "glutenfrei"
    ]
  },
  {
    "value": "Healthy",
    "synonyms": [
      "Healthy"
    ]
  },
  {
    "value": "proteinreich",
    "synonyms": [
      "proteinreich"
    ]
  },
  {
    "value": "Thermomix",
    "synonyms": [
      "Thermomix"
    ]
  },
  {
    "value": "ballaststoffreich",
    "synonyms": [
      "ballaststoffreich"
    ]
  },
  {
    "value": "Thermomix kocht",
    "synonyms": [
      "Thermomix kocht"
    ]
  },
  {
    "value": "Thermomix übernimmt alles",
    "synonyms": [
      "Thermomix übernimmt alles"
    ]
  },
  {
    "value": "Thermomix hilft",
    "synonyms": [
      "Thermomix hilft"
    ]
  },
  {
    "value": "Nussfrei",
    "synonyms": [
      "Nussfrei"
    ]
  },
  {
    "value": "Lunch",
    "synonyms": [
      "Lunch"
    ]
  },
  {
    "value": "fettarm",
    "synonyms": [
      "fettarm"
    ]
  },
  {
    "value": "Neuentdeckung",
    "synonyms": [
      "Neuentdeckung"
    ]
  },
  {
    "value": "BBQ",
    "synonyms": [
      "BBQ"
    ]
  },
  {
    "value": "Weihnachten",
    "synonyms": [
      "Weihnachten"
    ]
  },
  {
    "value": "Quick",
    "synonyms": [
      "Quick",
      "schnell"
    ]
  }
]